spectrum_id,model,pool,rank,reciprocal_rank,hit_at_1,hit_at_5,seen_in_axis2,adduct,n_peaks
3,fine_tuned,closed,1,1.0,True,True,True,[M+H]+,4
3,fine_tuned,open,1,1.0,True,True,True,[M+H]+,4
3,frozen,closed,596,0.0016778523489932886,False,False,True,[M+H]+,4
3,frozen,open,5768,0.00017337031900138697,False,False,True,[M+H]+,4
4,fine_tuned,closed,1,1.0,True,True,True,[M+H]+,11
4,fine_tuned,open,1,1.0,True,True,True,[M+H]+,11
4,frozen,closed,2,0.5,False,True,True,[M+H]+,11
4,frozen,open,2,0.5,False,True,True,[M+H]+,11
5,fine_tuned,closed,1,1.0,True,True,True,[M+H]+,3
5,fine_tuned,open,1,1.0,True,True,True,[M+H]+,3
5,frozen,closed,10,0.1,False,False,True,[M+H]+,3
5,frozen,open,19,0.05263157894736842,False,False,True,[M+H]+,3
6,fine_tuned,closed,5,0.2,False,True,True,[M+H]+,1
6,fine_tuned,open,5,0.2,False,True,True,[M+H]+,1
6,frozen,closed,29,0.034482758620689655,False,False,True,[M+H]+,1
6,frozen,open,816,0.0012254901960784314,False,False,True,[M+H]+,1
7,fine_tuned,closed,101,0.009900990099009901,False,False,False,[M-NH3+H]+,2
7,fine_tuned,open,1161,0.0008613264427217916,False,False,False,[M-NH3+H]+,2
7,frozen,closed,560,0.0017857142857142857,False,False,False,[M-NH3+H]+,2
7,frozen,open,5441,0.0001837897445322551,False,False,False,[M-NH3+H]+,2
8,fine_tuned,closed,7,0.14285714285714285,False,False,True,[M+H]+,3
8,fine_tuned,open,7,0.14285714285714285,False,False,True,[M+H]+,3
8,frozen,closed,27,0.037037037037037035,False,False,True,[M+H]+,3
8,frozen,open,276,0.0036231884057971015,False,False,True,[M+H]+,3
9,fine_tuned,closed,411,0.0024330900243309003,False,False,True,[M+NH4]+,1
9,fine_tuned,open,2659,0.000376081233546446,False,False,True,[M+NH4]+,1
9,frozen,closed,14,0.07142857142857142,False,False,True,[M+NH4]+,1
9,frozen,open,385,0.0025974025974025974,False,False,True,[M+NH4]+,1
10,fine_tuned,closed,11,0.09090909090909091,False,False,False,[M+H]+,4
10,fine_tuned,open,11,0.09090909090909091,False,False,False,[M+H]+,4
10,frozen,closed,23,0.043478260869565216,False,False,False,[M+H]+,4
10,frozen,open,362,0.0027624309392265192,False,False,False,[M+H]+,4
11,fine_tuned,closed,9,0.1111111111111111,False,False,True,[M+H]+,3
11,fine_tuned,open,9,0.1111111111111111,False,False,True,[M+H]+,3
11,frozen,closed,39,0.02564102564102564,False,False,True,[M+H]+,3
11,frozen,open,1348,0.000741839762611276,False,False,True,[M+H]+,3
12,fine_tuned,closed,9,0.1111111111111111,False,False,True,[M+H]+,4
12,fine_tuned,open,9,0.1111111111111111,False,False,True,[M+H]+,4
12,frozen,closed,25,0.04,False,False,True,[M+H]+,4
12,frozen,open,1175,0.000851063829787234,False,False,True,[M+H]+,4
13,fine_tuned,closed,22,0.045454545454545456,False,False,True,[M-2H2O+H]+,1
13,fine_tuned,open,383,0.0026109660574412533,False,False,True,[M-2H2O+H]+,1
13,frozen,closed,362,0.0027624309392265192,False,False,True,[M-2H2O+H]+,1
13,frozen,open,5634,0.0001774937877174299,False,False,True,[M-2H2O+H]+,1
14,fine_tuned,closed,298,0.003355704697986577,False,False,True,[M+Na]+,16
14,fine_tuned,open,1501,0.0006662225183211193,False,False,True,[M+Na]+,16
14,frozen,closed,82,0.012195121951219513,False,False,True,[M+Na]+,16
14,frozen,open,3212,0.00031133250311332503,False,False,True,[M+Na]+,16
15,fine_tuned,closed,1,1.0,True,True,True,[M+H]+,14
15,fine_tuned,open,1,1.0,True,True,True,[M+H]+,14
15,frozen,closed,8,0.125,False,False,True,[M+H]+,14
15,frozen,open,123,0.008130081300813009,False,False,True,[M+H]+,14
16,fine_tuned,closed,32,0.03125,False,False,False,[M+NH4]+,1
16,fine_tuned,open,968,0.0010330578512396695,False,False,False,[M+NH4]+,1
16,frozen,closed,458,0.002183406113537118,False,False,False,[M+NH4]+,1
16,frozen,open,3353,0.00029824038174768865,False,False,False,[M+NH4]+,1
17,fine_tuned,closed,427,0.00234192037470726,False,False,True,[M+Na]+,1
17,fine_tuned,open,3130,0.0003194888178913738,False,False,True,[M+Na]+,1
17,frozen,closed,377,0.002652519893899204,False,False,True,[M+Na]+,1
17,frozen,open,1787,0.0005595970900951316,False,False,True,[M+Na]+,1
18,fine_tuned,closed,170,0.0058823529411764705,False,False,True,[M+Na]+,2
18,fine_tuned,open,2726,0.00036683785766691124,False,False,True,[M+Na]+,2
18,frozen,closed,95,0.010526315789473684,False,False,True,[M+Na]+,2
18,frozen,open,226,0.004424778761061947,False,False,True,[M+Na]+,2
19,fine_tuned,closed,5,0.2,False,True,True,[M+H]+,6
19,fine_tuned,open,5,0.2,False,True,True,[M+H]+,6
19,frozen,closed,41,0.024390243902439025,False,False,True,[M+H]+,6
19,frozen,open,1018,0.0009823182711198428,False,False,True,[M+H]+,6
20,fine_tuned,closed,1,1.0,True,True,True,[M+H]+,1
20,fine_tuned,open,1,1.0,True,True,True,[M+H]+,1
20,frozen,closed,2,0.5,False,True,True,[M+H]+,1
20,frozen,open,111,0.009009009009009009,False,False,True,[M+H]+,1
21,fine_tuned,closed,5,0.2,False,True,True,[M+Na]+,3
21,fine_tuned,open,588,0.0017006802721088435,False,False,True,[M+Na]+,3
21,frozen,closed,202,0.0049504950495049506,False,False,True,[M+Na]+,3
21,frozen,open,440,0.0022727272727272726,False,False,True,[M+Na]+,3
22,fine_tuned,closed,1,1.0,True,True,True,[M+H]+,3
22,fine_tuned,open,1,1.0,True,True,True,[M+H]+,3
22,frozen,closed,41,0.024390243902439025,False,False,True,[M+H]+,3
22,frozen,open,2054,0.0004868549172346641,False,False,True,[M+H]+,3
23,fine_tuned,closed,1,1.0,True,True,True,[M+H]+,11
23,fine_tuned,open,1,1.0,True,True,True,[M+H]+,11
23,frozen,closed,10,0.1,False,False,True,[M+H]+,11
23,frozen,open,102,0.00980392156862745,False,False,True,[M+H]+,11
24,fine_tuned,closed,7,0.14285714285714285,False,False,True,[M+H]+,1
24,fine_tuned,open,7,0.14285714285714285,False,False,True,[M+H]+,1
24,frozen,closed,570,0.0017543859649122807,False,False,True,[M+H]+,1
24,frozen,open,5652,0.00017692852087756547,False,False,True,[M+H]+,1
26,fine_tuned,closed,136,0.007352941176470588,False,False,True,[M+H]+,3
26,fine_tuned,open,138,0.007246376811594203,False,False,True,[M+H]+,3
26,frozen,closed,364,0.0027472527472527475,False,False,True,[M+H]+,3
26,frozen,open,3322,0.00030102347983142685,False,False,True,[M+H]+,3
27,fine_tuned,closed,1,1.0,True,True,True,[M+H]+,3
27,fine_tuned,open,1,1.0,True,True,True,[M+H]+,3
27,frozen,closed,335,0.0029850746268656717,False,False,True,[M+H]+,3
27,frozen,open,1810,0.0005524861878453039,False,False,True,[M+H]+,3
28,fine_tuned,closed,1,1.0,True,True,True,[M+H]+,3
28,fine_tuned,open,1,1.0,True,True,True,[M+H]+,3
28,frozen,closed,193,0.0051813471502590676,False,False,True,[M+H]+,3
28,frozen,open,3485,0.00028694404591104734,False,False,True,[M+H]+,3
29,fine_tuned,closed,142,0.007042253521126761,False,False,True,[M-H2O+H]+,1
29,fine_tuned,open,1698,0.0005889281507656066,False,False,True,[M-H2O+H]+,1
29,frozen,closed,171,0.005847953216374269,False,False,True,[M-H2O+H]+,1
29,frozen,open,466,0.002145922746781116,False,False,True,[M-H2O+H]+,1
30,fine_tuned,closed,417,0.002398081534772182,False,False,True,[M-H2O+H]+,1
30,fine_tuned,open,3662,0.00027307482250136535,False,False,True,[M-H2O+H]+,1
30,frozen,closed,436,0.0022935779816513763,False,False,True,[M-H2O+H]+,1
30,frozen,open,4998,0.00020008003201280514,False,False,True,[M-H2O+H]+,1
31,fine_tuned,closed,396,0.0025252525252525255,False,False,True,[M-H2O+H]+,1
31,fine_tuned,open,3454,0.00028951939779965256,False,False,True,[M-H2O+H]+,1
31,frozen,closed,575,0.0017391304347826088,False,False,True,[M-H2O+H]+,1
31,frozen,open,6067,0.00016482610845557937,False,False,True,[M-H2O+H]+,1
32,fine_tuned,closed,11,0.09090909090909091,False,False,True,[M-NH3+H]+,2
32,fine_tuned,open,11,0.09090909090909091,False,False,True,[M-NH3+H]+,2
32,frozen,closed,413,0.002421307506053269,False,False,True,[M-NH3+H]+,2
32,frozen,open,3374,0.0002963841138114997,False,False,True,[M-NH3+H]+,2
33,fine_tuned,closed,1,1.0,True,True,True,[M-H2O+H]+,2
33,fine_tuned,open,1,1.0,True,True,True,[M-H2O+H]+,2
33,frozen,closed,463,0.0021598272138228943,False,False,True,[M-H2O+H]+,2
33,frozen,open,3859,0.0002591344908007256,False,False,True,[M-H2O+H]+,2
34,fine_tuned,closed,10,0.1,False,False,True,[M-NH3+H]+,4
34,fine_tuned,open,10,0.1,False,False,True,[M-NH3+H]+,4
34,frozen,closed,305,0.003278688524590164,False,False,True,[M-NH3+H]+,4
34,frozen,open,2843,0.00035174111853675694,False,False,True,[M-NH3+H]+,4
35,fine_tuned,closed,28,0.03571428571428571,False,False,True,[M-NH3+H]+,1
35,fine_tuned,open,34,0.029411764705882353,False,False,True,[M-NH3+H]+,1
35,frozen,closed,11,0.09090909090909091,False,False,True,[M-NH3+H]+,1
35,frozen,open,28,0.03571428571428571,False,False,True,[M-NH3+H]+,1
36,fine_tuned,closed,2,0.5,False,True,True,[M-NH3+H]+,2
36,fine_tuned,open,2,0.5,False,True,True,[M-NH3+H]+,2
36,frozen,closed,326,0.003067484662576687,False,False,True,[M-NH3+H]+,2
36,frozen,open,3660,0.000273224043715847,False,False,True,[M-NH3+H]+,2
37,fine_tuned,closed,2,0.5,False,True,True,[M-NH3+H]+,2
37,fine_tuned,open,2,0.5,False,True,True,[M-NH3+H]+,2
37,frozen,closed,516,0.001937984496124031,False,False,True,[M-NH3+H]+,2
37,frozen,open,4638,0.00021561017680034498,False,False,True,[M-NH3+H]+,2
38,fine_tuned,closed,1,1.0,True,True,True,[M+H]+,4
38,fine_tuned,open,1,1.0,True,True,True,[M+H]+,4
38,frozen,closed,202,0.0049504950495049506,False,False,True,[M+H]+,4
38,frozen,open,2208,0.0004528985507246377,False,False,True,[M+H]+,4
39,fine_tuned,closed,1,1.0,True,True,True,[M+H]+,1
39,fine_tuned,open,1,1.0,True,True,True,[M+H]+,1
39,frozen,closed,1,1.0,True,True,True,[M+H]+,1
39,frozen,open,3,0.3333333333333333,False,True,True,[M+H]+,1
40,fine_tuned,closed,3,0.3333333333333333,False,True,True,[M+H]+,2
40,fine_tuned,open,3,0.3333333333333333,False,True,True,[M+H]+,2
40,frozen,closed,208,0.004807692307692308,False,False,True,[M+H]+,2
40,frozen,open,2889,0.00034614053305642093,False,False,True,[M+H]+,2
41,fine_tuned,closed,3,0.3333333333333333,False,True,True,[M+H]+,2
41,fine_tuned,open,3,0.3333333333333333,False,True,True,[M+H]+,2
41,frozen,closed,540,0.001851851851851852,False,False,True,[M+H]+,2
41,frozen,open,4935,0.00020263424518743666,False,False,True,[M+H]+,2
42,fine_tuned,closed,473,0.0021141649048625794,False,False,True,[M-2H2O+H]+,4
42,fine_tuned,open,2740,0.000364963503649635,False,False,True,[M-2H2O+H]+,4
42,frozen,closed,501,0.001996007984031936,False,False,True,[M-2H2O+H]+,4
42,frozen,open,3756,0.00026624068157614486,False,False,True,[M-2H2O+H]+,4
43,fine_tuned,closed,1,1.0,True,True,True,[M+H]+,5
43,fine_tuned,open,1,1.0,True,True,True,[M+H]+,5
43,frozen,closed,116,0.008620689655172414,False,False,True,[M+H]+,5
43,frozen,open,124,0.008064516129032258,False,False,True,[M+H]+,5
45,fine_tuned,closed,4,0.25,False,True,True,[M+H]+,2
45,fine_tuned,open,4,0.25,False,True,True,[M+H]+,2
45,frozen,closed,394,0.0025380710659898475,False,False,True,[M+H]+,2
45,frozen,open,2477,0.0004037141703673799,False,False,True,[M+H]+,2
46,fine_tuned,closed,1,1.0,True,True,True,[M+H]+,7
46,fine_tuned,open,1,1.0,True,True,True,[M+H]+,7
46,frozen,closed,375,0.0026666666666666666,False,False,True,[M+H]+,7
46,frozen,open,2585,0.00038684719535783365,False,False,True,[M+H]+,7
47,fine_tuned,closed,1,1.0,True,True,True,[M+H]+,3
47,fine_tuned,open,1,1.0,True,True,True,[M+H]+,3
47,frozen,closed,471,0.0021231422505307855,False,False,True,[M+H]+,3
47,frozen,open,3891,0.00025700334104343357,False,False,True,[M+H]+,3
48,fine_tuned,closed,27,0.037037037037037035,False,False,True,[M-NH3+H]+,2
48,fine_tuned,open,29,0.034482758620689655,False,False,True,[M-NH3+H]+,2
48,frozen,closed,162,0.006172839506172839,False,False,True,[M-NH3+H]+,2
48,frozen,open,560,0.0017857142857142857,False,False,True,[M-NH3+H]+,2
49,fine_tuned,closed,55,0.01818181818181818,False,False,True,[M-NH3+H]+,2
49,fine_tuned,open,63,0.015873015873015872,False,False,True,[M-NH3+H]+,2
49,frozen,closed,401,0.0024937655860349127,False,False,True,[M-NH3+H]+,2
49,frozen,open,3566,0.00028042624789680314,False,False,True,[M-NH3+H]+,2
50,fine_tuned,closed,286,0.0034965034965034965,False,False,True,[M-H2O+H]+,2
50,fine_tuned,open,540,0.001851851851851852,False,False,True,[M-H2O+H]+,2
50,frozen,closed,354,0.002824858757062147,False,False,True,[M-H2O+H]+,2
50,frozen,open,1972,0.0005070993914807302,False,False,True,[M-H2O+H]+,2
51,fine_tuned,closed,268,0.0037313432835820895,False,False,True,[M-H2O+H]+,2
51,fine_tuned,open,484,0.002066115702479339,False,False,True,[M-H2O+H]+,2
51,frozen,closed,455,0.002197802197802198,False,False,True,[M-H2O+H]+,2
51,frozen,open,4031,0.00024807740014884643,False,False,True,[M-H2O+H]+,2
52,fine_tuned,closed,344,0.0029069767441860465,False,False,True,[M-2H2O+H]+,1
52,fine_tuned,open,4226,0.000236630383341221,False,False,True,[M-2H2O+H]+,1
52,frozen,closed,273,0.003663003663003663,False,False,True,[M-2H2O+H]+,1
52,frozen,open,721,0.0013869625520110957,False,False,True,[M-2H2O+H]+,1
53,fine_tuned,closed,19,0.05263157894736842,False,False,True,[M-NH3+H]+,1
53,fine_tuned,open,26,0.038461538461538464,False,False,True,[M-NH3+H]+,1
53,frozen,closed,64,0.015625,False,False,True,[M-NH3+H]+,1
53,frozen,open,923,0.0010834236186348862,False,False,True,[M-NH3+H]+,1
54,fine_tuned,closed,2,0.5,False,True,True,[M+H]+,1
54,fine_tuned,open,2,0.5,False,True,True,[M+H]+,1
54,frozen,closed,18,0.05555555555555555,False,False,True,[M+H]+,1
54,frozen,open,158,0.006329113924050633,False,False,True,[M+H]+,1
55,fine_tuned,closed,7,0.14285714285714285,False,False,True,[M+H]+,5
55,fine_tuned,open,7,0.14285714285714285,False,False,True,[M+H]+,5
55,frozen,closed,431,0.002320185614849188,False,False,True,[M+H]+,5
55,frozen,open,4487,0.00022286605749944285,False,False,True,[M+H]+,5
56,fine_tuned,closed,320,0.003125,False,False,True,[M-2H2O+H]+,1
56,fine_tuned,open,802,0.0012468827930174563,False,False,True,[M-2H2O+H]+,1
56,frozen,closed,367,0.0027247956403269754,False,False,True,[M-2H2O+H]+,1
56,frozen,open,2269,0.00044072278536800354,False,False,True,[M-2H2O+H]+,1
57,fine_tuned,closed,1,1.0,True,True,True,[M+H]+,9
57,fine_tuned,open,1,1.0,True,True,True,[M+H]+,9
57,frozen,closed,204,0.004901960784313725,False,False,True,[M+H]+,9
57,frozen,open,422,0.002369668246445498,False,False,True,[M+H]+,9
58,fine_tuned,closed,1,1.0,True,True,True,[M+H]+,7
58,fine_tuned,open,1,1.0,True,True,True,[M+H]+,7
58,frozen,closed,76,0.013157894736842105,False,False,True,[M+H]+,7
58,frozen,open,76,0.013157894736842105,False,False,True,[M+H]+,7
60,fine_tuned,closed,1,1.0,True,True,True,[M+H]+,2
60,fine_tuned,open,1,1.0,True,True,True,[M+H]+,2
60,frozen,closed,439,0.002277904328018223,False,False,True,[M+H]+,2
60,frozen,open,3956,0.0002527805864509606,False,False,True,[M+H]+,2
61,fine_tuned,closed,60,0.016666666666666666,False,False,True,[M+NH4]+,1
61,fine_tuned,open,60,0.016666666666666666,False,False,True,[M+NH4]+,1
61,frozen,closed,1,1.0,True,True,True,[M+NH4]+,1
61,frozen,open,14,0.07142857142857142,False,False,True,[M+NH4]+,1
62,fine_tuned,closed,1,1.0,True,True,True,[M+H]+,1
62,fine_tuned,open,1,1.0,True,True,True,[M+H]+,1
62,frozen,closed,30,0.03333333333333333,False,False,True,[M+H]+,1
62,frozen,open,114,0.008771929824561403,False,False,True,[M+H]+,1
63,fine_tuned,closed,22,0.045454545454545456,False,False,False,[M+H]+,2
63,fine_tuned,open,24,0.041666666666666664,False,False,False,[M+H]+,2
63,frozen,closed,560,0.0017857142857142857,False,False,False,[M+H]+,2
63,frozen,open,5867,0.0001704448610874382,False,False,False,[M+H]+,2
64,fine_tuned,closed,118,0.00847457627118644,False,False,True,[M-H2O+H]+,4
64,fine_tuned,open,165,0.006060606060606061,False,False,True,[M-H2O+H]+,4
64,frozen,closed,365,0.0027397260273972603,False,False,True,[M-H2O+H]+,4
64,frozen,open,3299,0.0003031221582297666,False,False,True,[M-H2O+H]+,4
65,fine_tuned,closed,400,0.0025,False,False,True,[M-H2O+H]+,1
65,fine_tuned,open,1852,0.0005399568034557236,False,False,True,[M-H2O+H]+,1
65,frozen,closed,260,0.0038461538461538464,False,False,True,[M-H2O+H]+,1
65,frozen,open,4009,0.0002494387627837366,False,False,True,[M-H2O+H]+,1
66,fine_tuned,closed,1,1.0,True,True,True,[M+H]+,2
66,fine_tuned,open,1,1.0,True,True,True,[M+H]+,2
66,frozen,closed,350,0.002857142857142857,False,False,True,[M+H]+,2
66,frozen,open,2100,0.0004761904761904762,False,False,True,[M+H]+,2
67,fine_tuned,closed,34,0.029411764705882353,False,False,True,[M-H2O+H]+,1
67,fine_tuned,open,45,0.022222222222222223,False,False,True,[M-H2O+H]+,1
67,frozen,closed,194,0.005154639175257732,False,False,True,[M-H2O+H]+,1
67,frozen,open,844,0.001184834123222749,False,False,True,[M-H2O+H]+,1
69,fine_tuned,closed,10,0.1,False,False,True,[M+H]+,4
69,fine_tuned,open,10,0.1,False,False,True,[M+H]+,4
69,frozen,closed,1,1.0,True,True,True,[M+H]+,4
69,frozen,open,1,1.0,True,True,True,[M+H]+,4
70,fine_tuned,closed,35,0.02857142857142857,False,False,True,[M+NH4]+,3
70,fine_tuned,open,35,0.02857142857142857,False,False,True,[M+NH4]+,3
70,frozen,closed,62,0.016129032258064516,False,False,True,[M+NH4]+,3
70,frozen,open,126,0.007936507936507936,False,False,True,[M+NH4]+,3
71,fine_tuned,closed,1,1.0,True,True,True,[M+H]+,3
71,fine_tuned,open,1,1.0,True,True,True,[M+H]+,3
71,frozen,closed,6,0.16666666666666666,False,False,True,[M+H]+,3
71,frozen,open,12,0.08333333333333333,False,False,True,[M+H]+,3
72,fine_tuned,closed,100,0.01,False,False,True,[M+Na]+,1
72,fine_tuned,open,193,0.0051813471502590676,False,False,True,[M+Na]+,1
72,frozen,closed,564,0.0017730496453900709,False,False,True,[M+Na]+,1
72,frozen,open,5481,0.00018244845831052726,False,False,True,[M+Na]+,1
73,fine_tuned,closed,60,0.016666666666666666,False,False,True,[M+H]+,2
73,fine_tuned,open,60,0.016666666666666666,False,False,True,[M+H]+,2
73,frozen,closed,293,0.0034129692832764505,False,False,True,[M+H]+,2
73,frozen,open,630,0.0015873015873015873,False,False,True,[M+H]+,2
74,fine_tuned,closed,338,0.0029585798816568047,False,False,True,[M-H2O+H]+,2
74,fine_tuned,open,1777,0.0005627462014631402,False,False,True,[M-H2O+H]+,2
74,frozen,closed,327,0.0030581039755351682,False,False,True,[M-H2O+H]+,2
74,frozen,open,856,0.0011682242990654205,False,False,True,[M-H2O+H]+,2
75,fine_tuned,closed,475,0.002105263157894737,False,False,True,[M-2H2O+H]+,2
75,fine_tuned,open,3726,0.00026838432635534085,False,False,True,[M-2H2O+H]+,2
75,frozen,closed,410,0.0024390243902439024,False,False,True,[M-2H2O+H]+,2
75,frozen,open,2618,0.0003819709702062643,False,False,True,[M-2H2O+H]+,2
77,fine_tuned,closed,5,0.2,False,True,True,[M+H]+,2
77,fine_tuned,open,5,0.2,False,True,True,[M+H]+,2
77,frozen,closed,222,0.0045045045045045045,False,False,True,[M+H]+,2
77,frozen,open,3414,0.00029291154071470416,False,False,True,[M+H]+,2
78,fine_tuned,closed,406,0.0024630541871921183,False,False,True,[M+NH4]+,2
78,fine_tuned,open,4546,0.0002199736031676199,False,False,True,[M+NH4]+,2
78,frozen,closed,310,0.0032258064516129032,False,False,True,[M+NH4]+,2
78,frozen,open,1347,0.0007423904974016332,False,False,True,[M+NH4]+,2
79,fine_tuned,closed,32,0.03125,False,False,True,[M-NH3+H]+,2
79,fine_tuned,open,95,0.010526315789473684,False,False,True,[M-NH3+H]+,2
79,frozen,closed,320,0.003125,False,False,True,[M-NH3+H]+,2
79,frozen,open,1476,0.0006775067750677507,False,False,True,[M-NH3+H]+,2
80,fine_tuned,closed,470,0.002127659574468085,False,False,True,[M+Na]+,2
80,fine_tuned,open,4464,0.00022401433691756272,False,False,True,[M+Na]+,2
80,frozen,closed,533,0.001876172607879925,False,False,True,[M+Na]+,2
80,frozen,open,5257,0.00019022256039566293,False,False,True,[M+Na]+,2
81,fine_tuned,closed,9,0.1111111111111111,False,False,True,[M+H]+,5
81,fine_tuned,open,37,0.02702702702702703,False,False,True,[M+H]+,5
81,frozen,closed,77,0.012987012987012988,False,False,True,[M+H]+,5
81,frozen,open,873,0.001145475372279496,False,False,True,[M+H]+,5
82,fine_tuned,closed,22,0.045454545454545456,False,False,True,[M-NH3+H]+,1
82,fine_tuned,open,22,0.045454545454545456,False,False,True,[M-NH3+H]+,1
82,frozen,closed,136,0.007352941176470588,False,False,True,[M-NH3+H]+,1
82,frozen,open,1553,0.000643915003219575,False,False,True,[M-NH3+H]+,1
83,fine_tuned,closed,114,0.008771929824561403,False,False,False,[M-H2O+H]+,2
83,fine_tuned,open,1925,0.0005194805194805195,False,False,False,[M-H2O+H]+,2
83,frozen,closed,208,0.004807692307692308,False,False,False,[M-H2O+H]+,2
83,frozen,open,3829,0.00026116479498563595,False,False,False,[M-H2O+H]+,2
85,fine_tuned,closed,75,0.013333333333333334,False,False,True,[M+H]+,1
85,fine_tuned,open,76,0.013157894736842105,False,False,True,[M+H]+,1
85,frozen,closed,598,0.0016722408026755853,False,False,True,[M+H]+,1
85,frozen,open,6223,0.0001606941989394183,False,False,True,[M+H]+,1
86,fine_tuned,closed,151,0.006622516556291391,False,False,True,[M+NH4]+,2
86,fine_tuned,open,1321,0.000757002271006813,False,False,True,[M+NH4]+,2
86,frozen,closed,396,0.0025252525252525255,False,False,True,[M+NH4]+,2
86,frozen,open,4728,0.00021150592216582064,False,False,True,[M+NH4]+,2
87,fine_tuned,closed,32,0.03125,False,False,True,[M-NH3+H]+,1
87,fine_tuned,open,674,0.001483679525222552,False,False,True,[M-NH3+H]+,1
87,frozen,closed,424,0.0023584905660377358,False,False,True,[M-NH3+H]+,1
87,frozen,open,5448,0.00018355359765051394,False,False,True,[M-NH3+H]+,1
90,fine_tuned,closed,1,1.0,True,True,True,[M+H]+,4
90,fine_tuned,open,1,1.0,True,True,True,[M+H]+,4
90,frozen,closed,6,0.16666666666666666,False,False,True,[M+H]+,4
90,frozen,open,11,0.09090909090909091,False,False,True,[M+H]+,4
91,fine_tuned,closed,279,0.0035842293906810036,False,False,True,[M-H2O+H]+,4
91,fine_tuned,open,455,0.002197802197802198,False,False,True,[M-H2O+H]+,4
91,frozen,closed,94,0.010638297872340425,False,False,True,[M-H2O+H]+,4
91,frozen,open,395,0.002531645569620253,False,False,True,[M-H2O+H]+,4
92,fine_tuned,closed,5,0.2,False,True,True,[M+NH4]+,7
92,fine_tuned,open,5,0.2,False,True,True,[M+NH4]+,7
92,frozen,closed,4,0.25,False,True,True,[M+NH4]+,7
92,frozen,open,4,0.25,False,True,True,[M+NH4]+,7
93,fine_tuned,closed,3,0.3333333333333333,False,True,True,[M+H]+,4
93,fine_tuned,open,3,0.3333333333333333,False,True,True,[M+H]+,4
93,frozen,closed,180,0.005555555555555556,False,False,True,[M+H]+,4
93,frozen,open,4098,0.0002440214738897023,False,False,True,[M+H]+,4
94,fine_tuned,closed,30,0.03333333333333333,False,False,True,[M+H]+,13
94,fine_tuned,open,482,0.002074688796680498,False,False,True,[M+H]+,13
94,frozen,closed,24,0.041666666666666664,False,False,True,[M+H]+,13
94,frozen,open,331,0.0030211480362537764,False,False,True,[M+H]+,13
95,fine_tuned,closed,240,0.004166666666666667,False,False,True,[M-H2O+H]+,9
95,fine_tuned,open,1329,0.0007524454477050414,False,False,True,[M-H2O+H]+,9
95,frozen,closed,409,0.0024449877750611247,False,False,True,[M-H2O+H]+,9
95,frozen,open,3542,0.000282326369282891,False,False,True,[M-H2O+H]+,9
96,fine_tuned,closed,32,0.03125,False,False,True,[M-NH3+H]+,8
96,fine_tuned,open,39,0.02564102564102564,False,False,True,[M-NH3+H]+,8
96,frozen,closed,83,0.012048192771084338,False,False,True,[M-NH3+H]+,8
96,frozen,open,257,0.0038910505836575876,False,False,True,[M-NH3+H]+,8
97,fine_tuned,closed,558,0.0017921146953405018,False,False,True,[M-NH3+H]+,3
97,fine_tuned,open,5876,0.00017018379850238256,False,False,True,[M-NH3+H]+,3
97,frozen,closed,333,0.003003003003003003,False,False,True,[M-NH3+H]+,3
97,frozen,open,2891,0.0003459010722933241,False,False,True,[M-NH3+H]+,3
98,fine_tuned,closed,19,0.05263157894736842,False,False,True,[M+H]+,8
98,fine_tuned,open,22,0.045454545454545456,False,False,True,[M+H]+,8
98,frozen,closed,24,0.041666666666666664,False,False,True,[M+H]+,8
98,frozen,open,74,0.013513513513513514,False,False,True,[M+H]+,8
99,fine_tuned,closed,325,0.003076923076923077,False,False,True,[M+H]+,3
99,fine_tuned,open,4757,0.00021021652301870928,False,False,True,[M+H]+,3
99,frozen,closed,91,0.01098901098901099,False,False,True,[M+H]+,3
99,frozen,open,757,0.001321003963011889,False,False,True,[M+H]+,3
100,fine_tuned,closed,1,1.0,True,True,True,[M+H]+,2
100,fine_tuned,open,1,1.0,True,True,True,[M+H]+,2
100,frozen,closed,119,0.008403361344537815,False,False,True,[M+H]+,2
100,frozen,open,682,0.001466275659824047,False,False,True,[M+H]+,2
101,fine_tuned,closed,14,0.07142857142857142,False,False,True,[M+H]+,2
101,fine_tuned,open,14,0.07142857142857142,False,False,True,[M+H]+,2
101,frozen,closed,253,0.003952569169960474,False,False,True,[M+H]+,2
101,frozen,open,3505,0.0002853067047075606,False,False,True,[M+H]+,2
102,fine_tuned,closed,1,1.0,True,True,True,[M+H]+,9
102,fine_tuned,open,1,1.0,True,True,True,[M+H]+,9
102,frozen,closed,2,0.5,False,True,True,[M+H]+,9
102,frozen,open,4,0.25,False,True,True,[M+H]+,9
103,fine_tuned,closed,272,0.003676470588235294,False,False,True,[M-2H2O+H]+,4
103,fine_tuned,open,3535,0.0002828854314002829,False,False,True,[M-2H2O+H]+,4
103,frozen,closed,130,0.007692307692307693,False,False,True,[M-2H2O+H]+,4
103,frozen,open,2304,0.00043402777777777775,False,False,True,[M-2H2O+H]+,4
104,fine_tuned,closed,387,0.002583979328165375,False,False,True,[M+NH4]+,2
104,fine_tuned,open,2023,0.0004943153732081067,False,False,True,[M+NH4]+,2
104,frozen,closed,223,0.004484304932735426,False,False,True,[M+NH4]+,2
104,frozen,open,507,0.0019723865877712033,False,False,True,[M+NH4]+,2
105,fine_tuned,closed,62,0.016129032258064516,False,False,True,[M+NH4]+,4
105,fine_tuned,open,779,0.0012836970474967907,False,False,True,[M+NH4]+,4
105,frozen,closed,66,0.015151515151515152,False,False,True,[M+NH4]+,4
105,frozen,open,1184,0.0008445945945945946,False,False,True,[M+NH4]+,4
106,fine_tuned,closed,465,0.002150537634408602,False,False,True,[M+NH4]+,22
106,fine_tuned,open,4920,0.0002032520325203252,False,False,True,[M+NH4]+,22
106,frozen,closed,104,0.009615384615384616,False,False,True,[M+NH4]+,22
106,frozen,open,1305,0.0007662835249042146,False,False,True,[M+NH4]+,22
107,fine_tuned,closed,1,1.0,True,True,True,[M+Na]+,6
107,fine_tuned,open,1,1.0,True,True,True,[M+Na]+,6
107,frozen,closed,310,0.0032258064516129032,False,False,True,[M+Na]+,6
107,frozen,open,1446,0.0006915629322268327,False,False,True,[M+Na]+,6
108,fine_tuned,closed,58,0.017241379310344827,False,False,False,[M-NH3+H]+,6
108,fine_tuned,open,152,0.006578947368421052,False,False,False,[M-NH3+H]+,6
108,frozen,closed,314,0.0031847133757961785,False,False,False,[M-NH3+H]+,6
108,frozen,open,1483,0.0006743088334457181,False,False,False,[M-NH3+H]+,6
109,fine_tuned,closed,7,0.14285714285714285,False,False,True,[M+H]+,2
109,fine_tuned,open,7,0.14285714285714285,False,False,True,[M+H]+,2
109,frozen,closed,403,0.0024813895781637717,False,False,True,[M+H]+,2
109,frozen,open,3261,0.00030665440049064706,False,False,True,[M+H]+,2
110,fine_tuned,closed,64,0.015625,False,False,True,[M+H]+,2
110,fine_tuned,open,176,0.005681818181818182,False,False,True,[M+H]+,2
110,frozen,closed,90,0.011111111111111112,False,False,True,[M+H]+,2
110,frozen,open,110,0.00909090909090909,False,False,True,[M+H]+,2
111,fine_tuned,closed,154,0.006493506493506494,False,False,True,[M+NH4]+,4
111,fine_tuned,open,176,0.005681818181818182,False,False,True,[M+NH4]+,4
111,frozen,closed,77,0.012987012987012988,False,False,True,[M+NH4]+,4
111,frozen,open,88,0.011363636363636364,False,False,True,[M+NH4]+,4
112,fine_tuned,closed,1,1.0,True,True,True,[M+H]+,4
112,fine_tuned,open,1,1.0,True,True,True,[M+H]+,4
112,frozen,closed,1,1.0,True,True,True,[M+H]+,4
112,frozen,open,1,1.0,True,True,True,[M+H]+,4
114,fine_tuned,closed,403,0.0024813895781637717,False,False,False,[M+H]+,1
114,fine_tuned,open,2939,0.0003402517863218782,False,False,False,[M+H]+,1
114,frozen,closed,366,0.00273224043715847,False,False,False,[M+H]+,1
114,frozen,open,2577,0.00038804811796662784,False,False,False,[M+H]+,1
115,fine_tuned,closed,227,0.004405286343612335,False,False,True,[M+Na]+,1
115,fine_tuned,open,1469,0.0006807351940095302,False,False,True,[M+Na]+,1
115,frozen,closed,85,0.011764705882352941,False,False,True,[M+Na]+,1
115,frozen,open,2942,0.0003399048266485384,False,False,True,[M+Na]+,1
116,fine_tuned,closed,39,0.02564102564102564,False,False,True,[M-NH3+H]+,1
116,fine_tuned,open,92,0.010869565217391304,False,False,True,[M-NH3+H]+,1
116,frozen,closed,221,0.004524886877828055,False,False,True,[M-NH3+H]+,1
116,frozen,open,4391,0.0002277385561375541,False,False,True,[M-NH3+H]+,1
117,fine_tuned,closed,132,0.007575757575757576,False,False,False,[M+H]+,1
117,fine_tuned,open,510,0.00196078431372549,False,False,False,[M+H]+,1
117,frozen,closed,70,0.014285714285714285,False,False,False,[M+H]+,1
117,frozen,open,2669,0.0003746721618583739,False,False,False,[M+H]+,1
118,fine_tuned,closed,83,0.012048192771084338,False,False,True,[M+NH4]+,2
118,fine_tuned,open,84,0.011904761904761904,False,False,True,[M+NH4]+,2
118,frozen,closed,95,0.010526315789473684,False,False,True,[M+NH4]+,2
118,frozen,open,189,0.005291005291005291,False,False,True,[M+NH4]+,2
119,fine_tuned,closed,12,0.08333333333333333,False,False,True,[M-NH3+H]+,2
119,fine_tuned,open,44,0.022727272727272728,False,False,True,[M-NH3+H]+,2
119,frozen,closed,35,0.02857142857142857,False,False,True,[M-NH3+H]+,2
119,frozen,open,684,0.0014619883040935672,False,False,True,[M-NH3+H]+,2
120,fine_tuned,closed,69,0.014492753623188406,False,False,True,[M+Na]+,3
120,fine_tuned,open,69,0.014492753623188406,False,False,True,[M+Na]+,3
120,frozen,closed,438,0.00228310502283105,False,False,True,[M+Na]+,3
120,frozen,open,5126,0.00019508388607101054,False,False,True,[M+Na]+,3
121,fine_tuned,closed,6,0.16666666666666666,False,False,True,[M+H]+,6
121,fine_tuned,open,6,0.16666666666666666,False,False,True,[M+H]+,6
121,frozen,closed,12,0.08333333333333333,False,False,True,[M+H]+,6
121,frozen,open,41,0.024390243902439025,False,False,True,[M+H]+,6
122,fine_tuned,closed,44,0.022727272727272728,False,False,True,[M+Na]+,2
122,fine_tuned,open,388,0.002577319587628866,False,False,True,[M+Na]+,2
122,frozen,closed,263,0.0038022813688212928,False,False,True,[M+Na]+,2
122,frozen,open,4081,0.0002450379808870375,False,False,True,[M+Na]+,2
123,fine_tuned,closed,102,0.00980392156862745,False,False,False,[M-NH3+H]+,2
123,fine_tuned,open,1055,0.0009478672985781991,False,False,False,[M-NH3+H]+,2
123,frozen,closed,54,0.018518518518518517,False,False,False,[M-NH3+H]+,2
123,frozen,open,1165,0.0008583690987124463,False,False,False,[M-NH3+H]+,2
124,fine_tuned,closed,194,0.005154639175257732,False,False,False,[M+H]+,15
124,fine_tuned,open,1005,0.0009950248756218905,False,False,False,[M+H]+,15
124,frozen,closed,463,0.0021598272138228943,False,False,False,[M+H]+,15
124,frozen,open,3698,0.00027041644131963225,False,False,False,[M+H]+,15
125,fine_tuned,closed,345,0.002898550724637681,False,False,False,[M+NH4]+,9
125,fine_tuned,open,772,0.0012953367875647669,False,False,False,[M+NH4]+,9
125,frozen,closed,158,0.006329113924050633,False,False,False,[M+NH4]+,9
125,frozen,open,1592,0.000628140703517588,False,False,False,[M+NH4]+,9
126,fine_tuned,closed,1,1.0,True,True,True,[M+H]+,9
126,fine_tuned,open,1,1.0,True,True,True,[M+H]+,9
126,frozen,closed,146,0.00684931506849315,False,False,True,[M+H]+,9
126,frozen,open,1499,0.00066711140760507,False,False,True,[M+H]+,9
127,fine_tuned,closed,268,0.0037313432835820895,False,False,True,[M-H2O+H]+,6
127,fine_tuned,open,1062,0.0009416195856873823,False,False,True,[M-H2O+H]+,6
127,frozen,closed,60,0.016666666666666666,False,False,True,[M-H2O+H]+,6
127,frozen,open,1537,0.0006506180871828237,False,False,True,[M-H2O+H]+,6
128,fine_tuned,closed,1,1.0,True,True,True,[M+H]+,2
128,fine_tuned,open,1,1.0,True,True,True,[M+H]+,2
128,frozen,closed,117,0.008547008547008548,False,False,True,[M+H]+,2
128,frozen,open,2662,0.0003756574004507889,False,False,True,[M+H]+,2
129,fine_tuned,closed,481,0.002079002079002079,False,False,True,[M+Na]+,1
129,fine_tuned,open,5470,0.00018281535648994517,False,False,True,[M+Na]+,1
129,frozen,closed,529,0.001890359168241966,False,False,True,[M+Na]+,1
129,frozen,open,6040,0.00016556291390728477,False,False,True,[M+Na]+,1
130,fine_tuned,closed,163,0.006134969325153374,False,False,True,[M+H]+,4
130,fine_tuned,open,267,0.003745318352059925,False,False,True,[M+H]+,4
130,frozen,closed,199,0.005025125628140704,False,False,True,[M+H]+,4
130,frozen,open,1610,0.0006211180124223603,False,False,True,[M+H]+,4
133,fine_tuned,closed,386,0.0025906735751295338,False,False,True,[M-H2O+H]+,18
133,fine_tuned,open,1692,0.000591016548463357,False,False,True,[M-H2O+H]+,18
133,frozen,closed,40,0.025,False,False,True,[M-H2O+H]+,18
133,frozen,open,1288,0.0007763975155279503,False,False,True,[M-H2O+H]+,18
134,fine_tuned,closed,382,0.002617801047120419,False,False,True,[M-H2O+H]+,2
134,fine_tuned,open,3729,0.0002681684097613301,False,False,True,[M-H2O+H]+,2
134,frozen,closed,82,0.012195121951219513,False,False,True,[M-H2O+H]+,2
134,frozen,open,3245,0.0003081664098613251,False,False,True,[M-H2O+H]+,2
135,fine_tuned,closed,50,0.02,False,False,True,[M+H]+,1
135,fine_tuned,open,465,0.002150537634408602,False,False,True,[M+H]+,1
135,frozen,closed,123,0.008130081300813009,False,False,True,[M+H]+,1
135,frozen,open,2340,0.00042735042735042735,False,False,True,[M+H]+,1
136,fine_tuned,closed,21,0.047619047619047616,False,False,True,[M+H]+,2
136,fine_tuned,open,163,0.006134969325153374,False,False,True,[M+H]+,2
136,frozen,closed,76,0.013157894736842105,False,False,True,[M+H]+,2
136,frozen,open,2709,0.00036913990402362494,False,False,True,[M+H]+,2
138,fine_tuned,closed,227,0.004405286343612335,False,False,True,[M+Na]+,3
138,fine_tuned,open,2778,0.0003599712023038157,False,False,True,[M+Na]+,3
138,frozen,closed,25,0.04,False,False,True,[M+Na]+,3
138,frozen,open,592,0.0016891891891891893,False,False,True,[M+Na]+,3
139,fine_tuned,closed,42,0.023809523809523808,False,False,True,[M+Na]+,3
139,fine_tuned,open,1132,0.0008833922261484099,False,False,True,[M+Na]+,3
139,frozen,closed,57,0.017543859649122806,False,False,True,[M+Na]+,3
139,frozen,open,998,0.001002004008016032,False,False,True,[M+Na]+,3
140,fine_tuned,closed,36,0.027777777777777776,False,False,True,[M+H]+,2
140,fine_tuned,open,38,0.02631578947368421,False,False,True,[M+H]+,2
140,frozen,closed,11,0.09090909090909091,False,False,True,[M+H]+,2
140,frozen,open,11,0.09090909090909091,False,False,True,[M+H]+,2
141,fine_tuned,closed,274,0.0036496350364963502,False,False,True,[M+H]+,2
141,fine_tuned,open,1780,0.0005617977528089888,False,False,True,[M+H]+,2
141,frozen,closed,14,0.07142857142857142,False,False,True,[M+H]+,2
141,frozen,open,36,0.027777777777777776,False,False,True,[M+H]+,2
142,fine_tuned,closed,1,1.0,True,True,True,[M+H]+,12
142,fine_tuned,open,1,1.0,True,True,True,[M+H]+,12
142,frozen,closed,2,0.5,False,True,True,[M+H]+,12
142,frozen,open,7,0.14285714285714285,False,False,True,[M+H]+,12
143,fine_tuned,closed,586,0.0017064846416382253,False,False,True,[M-H2O+H]+,1
143,fine_tuned,open,5807,0.00017220595832615808,False,False,True,[M-H2O+H]+,1
143,frozen,closed,242,0.004132231404958678,False,False,True,[M-H2O+H]+,1
143,frozen,open,733,0.001364256480218281,False,False,True,[M-H2O+H]+,1
144,fine_tuned,closed,187,0.0053475935828877,False,False,True,[M-NH3+H]+,2
144,fine_tuned,open,305,0.003278688524590164,False,False,True,[M-NH3+H]+,2
144,frozen,closed,576,0.001736111111111111,False,False,True,[M-NH3+H]+,2
144,frozen,open,5470,0.00018281535648994517,False,False,True,[M-NH3+H]+,2
145,fine_tuned,closed,143,0.006993006993006993,False,False,True,[M-NH3+H]+,1
145,fine_tuned,open,366,0.00273224043715847,False,False,True,[M-NH3+H]+,1
145,frozen,closed,443,0.002257336343115124,False,False,True,[M-NH3+H]+,1
145,frozen,open,3021,0.00033101621979476995,False,False,True,[M-NH3+H]+,1
147,fine_tuned,closed,545,0.001834862385321101,False,False,True,[M+Na]+,1
147,fine_tuned,open,5419,0.00018453589223103894,False,False,True,[M+Na]+,1
147,frozen,closed,316,0.0031645569620253164,False,False,True,[M+Na]+,1
147,frozen,open,1255,0.0007968127490039841,False,False,True,[M+Na]+,1
148,fine_tuned,closed,404,0.0024752475247524753,False,False,True,[M-2H2O+H]+,1
148,fine_tuned,open,3126,0.0003198976327575176,False,False,True,[M-2H2O+H]+,1
148,frozen,closed,352,0.002840909090909091,False,False,True,[M-2H2O+H]+,1
148,frozen,open,1753,0.0005704506560182544,False,False,True,[M-2H2O+H]+,1
149,fine_tuned,closed,18,0.05555555555555555,False,False,True,[M-H2O+H]+,3
149,fine_tuned,open,20,0.05,False,False,True,[M-H2O+H]+,3
149,frozen,closed,371,0.0026954177897574125,False,False,True,[M-H2O+H]+,3
149,frozen,open,2690,0.0003717472118959108,False,False,True,[M-H2O+H]+,3
150,fine_tuned,closed,12,0.08333333333333333,False,False,True,[M-NH3+H]+,2
150,fine_tuned,open,13,0.07692307692307693,False,False,True,[M-NH3+H]+,2
150,frozen,closed,128,0.0078125,False,False,True,[M-NH3+H]+,2
150,frozen,open,211,0.004739336492890996,False,False,True,[M-NH3+H]+,2
151,fine_tuned,closed,144,0.006944444444444444,False,False,True,[M+H]+,1
151,fine_tuned,open,144,0.006944444444444444,False,False,True,[M+H]+,1
151,frozen,closed,196,0.00510204081632653,False,False,True,[M+H]+,1
151,frozen,open,520,0.0019230769230769232,False,False,True,[M+H]+,1
152,fine_tuned,closed,1,1.0,True,True,True,[M+H]+,5
152,fine_tuned,open,1,1.0,True,True,True,[M+H]+,5
152,frozen,closed,98,0.01020408163265306,False,False,True,[M+H]+,5
152,frozen,open,203,0.0049261083743842365,False,False,True,[M+H]+,5
153,fine_tuned,closed,36,0.027777777777777776,False,False,True,[M-H2O+H]+,5
153,fine_tuned,open,369,0.0027100271002710027,False,False,True,[M-H2O+H]+,5
153,frozen,closed,40,0.025,False,False,True,[M-H2O+H]+,5
153,frozen,open,65,0.015384615384615385,False,False,True,[M-H2O+H]+,5
155,fine_tuned,closed,1,1.0,True,True,True,[M+H]+,7
155,fine_tuned,open,1,1.0,True,True,True,[M+H]+,7
155,frozen,closed,179,0.00558659217877095,False,False,True,[M+H]+,7
155,frozen,open,185,0.005405405405405406,False,False,True,[M+H]+,7
156,fine_tuned,closed,339,0.0029498525073746312,False,False,False,[M+H]+,8
156,fine_tuned,open,893,0.0011198208286674132,False,False,False,[M+H]+,8
156,frozen,closed,534,0.0018726591760299626,False,False,False,[M+H]+,8
156,frozen,open,5647,0.00017708517797060386,False,False,False,[M+H]+,8
158,fine_tuned,closed,47,0.02127659574468085,False,False,True,[M+H]+,1
158,fine_tuned,open,1080,0.000925925925925926,False,False,True,[M+H]+,1
158,frozen,closed,200,0.005,False,False,True,[M+H]+,1
158,frozen,open,3586,0.0002788622420524261,False,False,True,[M+H]+,1
161,fine_tuned,closed,182,0.005494505494505495,False,False,False,[M+H]+,1
161,fine_tuned,open,2241,0.0004462293618920125,False,False,False,[M+H]+,1
161,frozen,closed,40,0.025,False,False,False,[M+H]+,1
161,frozen,open,445,0.0022471910112359553,False,False,False,[M+H]+,1
162,fine_tuned,closed,412,0.0024271844660194173,False,False,True,[M+Na]+,1
162,fine_tuned,open,2417,0.0004137360364087712,False,False,True,[M+Na]+,1
162,frozen,closed,472,0.00211864406779661,False,False,True,[M+Na]+,1
162,frozen,open,5634,0.0001774937877174299,False,False,True,[M+Na]+,1
163,fine_tuned,closed,39,0.02564102564102564,False,False,False,[M-H2O+H]+,1
163,fine_tuned,open,78,0.01282051282051282,False,False,False,[M-H2O+H]+,1
163,frozen,closed,342,0.0029239766081871343,False,False,False,[M-H2O+H]+,1
163,frozen,open,3744,0.0002670940170940171,False,False,False,[M-H2O+H]+,1
164,fine_tuned,closed,319,0.003134796238244514,False,False,False,[M+H]+,11
164,fine_tuned,open,1729,0.000578368999421631,False,False,False,[M+H]+,11
164,frozen,closed,259,0.003861003861003861,False,False,False,[M+H]+,11
164,frozen,open,3832,0.00026096033402922753,False,False,False,[M+H]+,11
165,fine_tuned,closed,426,0.002347417840375587,False,False,False,[M+H]+,1
165,fine_tuned,open,3595,0.0002781641168289291,False,False,False,[M+H]+,1
165,frozen,closed,458,0.002183406113537118,False,False,False,[M+H]+,1
165,frozen,open,4820,0.0002074688796680498,False,False,False,[M+H]+,1
166,fine_tuned,closed,4,0.25,False,True,False,[M+H]+,3
166,fine_tuned,open,4,0.25,False,True,False,[M+H]+,3
166,frozen,closed,227,0.004405286343612335,False,False,False,[M+H]+,3
166,frozen,open,4284,0.00023342670401493932,False,False,False,[M+H]+,3
167,fine_tuned,closed,296,0.0033783783783783786,False,False,False,[M+H]+,2
167,fine_tuned,open,3911,0.00025568908207619537,False,False,False,[M+H]+,2
167,frozen,closed,44,0.022727272727272728,False,False,False,[M+H]+,2
167,frozen,open,1288,0.0007763975155279503,False,False,False,[M+H]+,2
168,fine_tuned,closed,491,0.002036659877800407,False,False,False,[M+H]+,1
168,fine_tuned,open,3393,0.0002947244326554671,False,False,False,[M+H]+,1
168,frozen,closed,28,0.03571428571428571,False,False,False,[M+H]+,1
168,frozen,open,183,0.00546448087431694,False,False,False,[M+H]+,1
169,fine_tuned,closed,511,0.0019569471624266144,False,False,False,[M+NH4]+,3
169,fine_tuned,open,4032,0.000248015873015873,False,False,False,[M+NH4]+,3
169,frozen,closed,556,0.0017985611510791368,False,False,False,[M+NH4]+,3
169,frozen,open,5249,0.00019051247856734617,False,False,False,[M+NH4]+,3
170,fine_tuned,closed,183,0.00546448087431694,False,False,False,[M+H]+,2
170,fine_tuned,open,1787,0.0005595970900951316,False,False,False,[M+H]+,2
170,frozen,closed,189,0.005291005291005291,False,False,False,[M+H]+,2
170,frozen,open,3539,0.00028256569652444194,False,False,False,[M+H]+,2
171,fine_tuned,closed,83,0.012048192771084338,False,False,False,[M+H]+,1
171,fine_tuned,open,684,0.0014619883040935672,False,False,False,[M+H]+,1
171,frozen,closed,284,0.0035211267605633804,False,False,False,[M+H]+,1
171,frozen,open,3967,0.00025207965717166626,False,False,False,[M+H]+,1
173,fine_tuned,closed,298,0.003355704697986577,False,False,False,[M+Na]+,2
173,fine_tuned,open,4131,0.0002420721374969741,False,False,False,[M+Na]+,2
173,frozen,closed,550,0.0018181818181818182,False,False,False,[M+Na]+,2
173,frozen,open,5539,0.00018053800324968405,False,False,False,[M+Na]+,2
174,fine_tuned,closed,1,1.0,True,True,True,[M+H]+,5
174,fine_tuned,open,1,1.0,True,True,True,[M+H]+,5
174,frozen,closed,4,0.25,False,True,True,[M+H]+,5
174,frozen,open,4,0.25,False,True,True,[M+H]+,5
175,fine_tuned,closed,185,0.005405405405405406,False,False,False,[M+H]+,8
175,fine_tuned,open,579,0.0017271157167530224,False,False,False,[M+H]+,8
175,frozen,closed,184,0.005434782608695652,False,False,False,[M+H]+,8
175,frozen,open,3655,0.00027359781121751026,False,False,False,[M+H]+,8
176,fine_tuned,closed,400,0.0025,False,False,False,[M+H]+,3
176,fine_tuned,open,5596,0.00017869907076483203,False,False,False,[M+H]+,3
176,frozen,closed,226,0.004424778761061947,False,False,False,[M+H]+,3
176,frozen,open,3740,0.00026737967914438503,False,False,False,[M+H]+,3
177,fine_tuned,closed,281,0.0035587188612099642,False,False,False,[M+H]+,1
177,fine_tuned,open,3716,0.00026910656620021526,False,False,False,[M+H]+,1
177,frozen,closed,293,0.0034129692832764505,False,False,False,[M+H]+,1
177,frozen,open,1016,0.000984251968503937,False,False,False,[M+H]+,1
178,fine_tuned,closed,23,0.043478260869565216,False,False,True,[M-2H2O+H]+,4
178,fine_tuned,open,134,0.007462686567164179,False,False,True,[M-2H2O+H]+,4
178,frozen,closed,64,0.015625,False,False,True,[M-2H2O+H]+,4
178,frozen,open,1346,0.0007429420505200594,False,False,True,[M-2H2O+H]+,4
179,fine_tuned,closed,1,1.0,True,True,True,[M+H]+,10
179,fine_tuned,open,1,1.0,True,True,True,[M+H]+,10
179,frozen,closed,7,0.14285714285714285,False,False,True,[M+H]+,10
179,frozen,open,353,0.0028328611898017,False,False,True,[M+H]+,10
181,fine_tuned,closed,7,0.14285714285714285,False,False,True,[M+Na]+,5
181,fine_tuned,open,430,0.002325581395348837,False,False,True,[M+Na]+,5
181,frozen,closed,408,0.0024509803921568627,False,False,True,[M+Na]+,5
181,frozen,open,3051,0.00032776138970829236,False,False,True,[M+Na]+,5
182,fine_tuned,closed,76,0.013157894736842105,False,False,True,[M-2H2O+H]+,1
182,fine_tuned,open,2601,0.00038446751249519417,False,False,True,[M-2H2O+H]+,1
182,frozen,closed,55,0.01818181818181818,False,False,True,[M-2H2O+H]+,1
182,frozen,open,1904,0.0005252100840336134,False,False,True,[M-2H2O+H]+,1
183,fine_tuned,closed,104,0.009615384615384616,False,False,True,[M-H2O+H]+,2
183,fine_tuned,open,105,0.009523809523809525,False,False,True,[M-H2O+H]+,2
183,frozen,closed,442,0.0022624434389140274,False,False,True,[M-H2O+H]+,2
183,frozen,open,2826,0.00035385704175513094,False,False,True,[M-H2O+H]+,2
184,fine_tuned,closed,7,0.14285714285714285,False,False,True,[M-H2O+H]+,1
184,fine_tuned,open,38,0.02631578947368421,False,False,True,[M-H2O+H]+,1
184,frozen,closed,422,0.002369668246445498,False,False,True,[M-H2O+H]+,1
184,frozen,open,2455,0.0004073319755600815,False,False,True,[M-H2O+H]+,1
185,fine_tuned,closed,129,0.007751937984496124,False,False,False,[M-NH3+H]+,3
185,fine_tuned,open,1562,0.0006402048655569782,False,False,False,[M-NH3+H]+,3
185,frozen,closed,514,0.0019455252918287938,False,False,False,[M-NH3+H]+,3
185,frozen,open,5960,0.00016778523489932885,False,False,False,[M-NH3+H]+,3
187,fine_tuned,closed,1,1.0,True,True,True,[M+H]+,3
187,fine_tuned,open,1,1.0,True,True,True,[M+H]+,3
187,frozen,closed,64,0.015625,False,False,True,[M+H]+,3
187,frozen,open,73,0.0136986301369863,False,False,True,[M+H]+,3
188,fine_tuned,closed,1,1.0,True,True,True,[M+H]+,1
188,fine_tuned,open,1,1.0,True,True,True,[M+H]+,1
188,frozen,closed,151,0.006622516556291391,False,False,True,[M+H]+,1
188,frozen,open,1107,0.0009033423667570009,False,False,True,[M+H]+,1
189,fine_tuned,closed,60,0.016666666666666666,False,False,False,[M+H]+,2
189,fine_tuned,open,927,0.0010787486515641855,False,False,False,[M+H]+,2
189,frozen,closed,410,0.0024390243902439024,False,False,False,[M+H]+,2
189,frozen,open,5250,0.00019047619047619048,False,False,False,[M+H]+,2
190,fine_tuned,closed,159,0.006289308176100629,False,False,False,[M+H]+,3
190,fine_tuned,open,2268,0.0004409171075837742,False,False,False,[M+H]+,3
190,frozen,closed,561,0.0017825311942959,False,False,False,[M+H]+,3
190,frozen,open,5230,0.00019120458891013384,False,False,False,[M+H]+,3
191,fine_tuned,closed,103,0.009708737864077669,False,False,False,[M+H]+,3
191,fine_tuned,open,771,0.0012970168612191958,False,False,False,[M+H]+,3
191,frozen,closed,399,0.002506265664160401,False,False,False,[M+H]+,3
191,frozen,open,2320,0.0004310344827586207,False,False,False,[M+H]+,3
192,fine_tuned,closed,62,0.016129032258064516,False,False,True,[M+H]+,3
192,fine_tuned,open,372,0.002688172043010753,False,False,True,[M+H]+,3
192,frozen,closed,259,0.003861003861003861,False,False,True,[M+H]+,3
192,frozen,open,3761,0.00026588673225206064,False,False,True,[M+H]+,3
193,fine_tuned,closed,291,0.003436426116838488,False,False,False,[M+H]+,10
193,fine_tuned,open,3079,0.0003247807729782397,False,False,False,[M+H]+,10
193,frozen,closed,484,0.002066115702479339,False,False,False,[M+H]+,10
193,frozen,open,4614,0.00021673168617251842,False,False,False,[M+H]+,10
194,fine_tuned,closed,453,0.002207505518763797,False,False,True,[M-H2O+H]+,4
194,fine_tuned,open,2082,0.0004803073967339097,False,False,True,[M-H2O+H]+,4
194,frozen,closed,397,0.0025188916876574307,False,False,True,[M-H2O+H]+,4
194,frozen,open,2944,0.00033967391304347825,False,False,True,[M-H2O+H]+,4
198,fine_tuned,closed,1,1.0,True,True,True,[M+H]+,1
198,fine_tuned,open,3,0.3333333333333333,False,True,True,[M+H]+,1
198,frozen,closed,238,0.004201680672268907,False,False,True,[M+H]+,1
198,frozen,open,2521,0.0003966679888932963,False,False,True,[M+H]+,1
199,fine_tuned,closed,38,0.02631578947368421,False,False,True,[M+H]+,8
199,fine_tuned,open,959,0.0010427528675703858,False,False,True,[M+H]+,8
199,frozen,closed,27,0.037037037037037035,False,False,True,[M+H]+,8
199,frozen,open,238,0.004201680672268907,False,False,True,[M+H]+,8
200,fine_tuned,closed,77,0.012987012987012988,False,False,True,[M+H]+,4
200,fine_tuned,open,1553,0.000643915003219575,False,False,True,[M+H]+,4
200,frozen,closed,152,0.006578947368421052,False,False,True,[M+H]+,4
200,frozen,open,2480,0.0004032258064516129,False,False,True,[M+H]+,4
201,fine_tuned,closed,187,0.0053475935828877,False,False,False,[M+H]+,4
201,fine_tuned,open,3244,0.00030826140567200987,False,False,False,[M+H]+,4
201,frozen,closed,358,0.002793296089385475,False,False,False,[M+H]+,4
201,frozen,open,4207,0.0002376990729736154,False,False,False,[M+H]+,4
202,fine_tuned,closed,106,0.009433962264150943,False,False,True,[M+H]+,3
202,fine_tuned,open,118,0.00847457627118644,False,False,True,[M+H]+,3
202,frozen,closed,433,0.0023094688221709007,False,False,True,[M+H]+,3
202,frozen,open,4866,0.0002055076037813399,False,False,True,[M+H]+,3
203,fine_tuned,closed,405,0.0024691358024691358,False,False,False,[M+H]+,5
203,fine_tuned,open,2878,0.00034746351633078526,False,False,False,[M+H]+,5
203,frozen,closed,354,0.002824858757062147,False,False,False,[M+H]+,5
203,frozen,open,1344,0.000744047619047619,False,False,False,[M+H]+,5
204,fine_tuned,closed,169,0.005917159763313609,False,False,False,[M+NH4]+,1
204,fine_tuned,open,2353,0.00042498937526561835,False,False,False,[M+NH4]+,1
204,frozen,closed,359,0.002785515320334262,False,False,False,[M+NH4]+,1
204,frozen,open,4614,0.00021673168617251842,False,False,False,[M+NH4]+,1
205,fine_tuned,closed,386,0.0025906735751295338,False,False,True,[M+H]+,1
205,fine_tuned,open,1885,0.0005305039787798408,False,False,True,[M+H]+,1
205,frozen,closed,591,0.001692047377326565,False,False,True,[M+H]+,1
205,frozen,open,5629,0.00017765144785930004,False,False,True,[M+H]+,1
206,fine_tuned,closed,1,1.0,True,True,True,[M+H]+,2
206,fine_tuned,open,1,1.0,True,True,True,[M+H]+,2
206,frozen,closed,537,0.00186219739292365,False,False,True,[M+H]+,2
206,frozen,open,4656,0.0002147766323024055,False,False,True,[M+H]+,2
207,fine_tuned,closed,5,0.2,False,True,False,[M-H2O+H]+,1
207,fine_tuned,open,24,0.041666666666666664,False,False,False,[M-H2O+H]+,1
207,frozen,closed,442,0.0022624434389140274,False,False,False,[M-H2O+H]+,1
207,frozen,open,2934,0.00034083162917518747,False,False,False,[M-H2O+H]+,1
211,fine_tuned,closed,14,0.07142857142857142,False,False,False,[M-H2O+H]+,1
211,fine_tuned,open,205,0.004878048780487805,False,False,False,[M-H2O+H]+,1
211,frozen,closed,443,0.002257336343115124,False,False,False,[M-H2O+H]+,1
211,frozen,open,3374,0.0002963841138114997,False,False,False,[M-H2O+H]+,1
212,fine_tuned,closed,364,0.0027472527472527475,False,False,False,[M-H2O+H]+,3
212,fine_tuned,open,4273,0.0002340276152586005,False,False,False,[M-H2O+H]+,3
212,frozen,closed,623,0.0016051364365971107,False,False,False,[M-H2O+H]+,3
212,frozen,open,6230,0.00016051364365971107,False,False,False,[M-H2O+H]+,3
213,fine_tuned,closed,163,0.006134969325153374,False,False,True,[M-2H2O+H]+,3
213,fine_tuned,open,715,0.0013986013986013986,False,False,True,[M-2H2O+H]+,3
213,frozen,closed,609,0.0016420361247947454,False,False,True,[M-2H2O+H]+,3
213,frozen,open,6211,0.00016100466913540493,False,False,True,[M-2H2O+H]+,3
214,fine_tuned,closed,629,0.001589825119236884,False,False,False,[M-NH3+H]+,3
214,fine_tuned,open,6217,0.00016084928422068523,False,False,False,[M-NH3+H]+,3
214,frozen,closed,617,0.0016207455429497568,False,False,False,[M-NH3+H]+,3
214,frozen,open,6104,0.000163826998689384,False,False,False,[M-NH3+H]+,3
215,fine_tuned,closed,620,0.0016129032258064516,False,False,False,[M+H]+,3
215,fine_tuned,open,6245,0.0001601281024819856,False,False,False,[M+H]+,3
215,frozen,closed,617,0.0016207455429497568,False,False,False,[M+H]+,3
215,frozen,open,6239,0.00016028209648982208,False,False,False,[M+H]+,3
216,fine_tuned,closed,616,0.0016233766233766235,False,False,False,[M-2H2O+H]+,3
216,fine_tuned,open,6224,0.00016066838046272492,False,False,False,[M-2H2O+H]+,3
216,frozen,closed,621,0.001610305958132045,False,False,False,[M-2H2O+H]+,3
216,frozen,open,6245,0.0001601281024819856,False,False,False,[M-2H2O+H]+,3
217,fine_tuned,closed,21,0.047619047619047616,False,False,True,[M-H2O+H]+,4
217,fine_tuned,open,252,0.003968253968253968,False,False,True,[M-H2O+H]+,4
217,frozen,closed,619,0.0016155088852988692,False,False,True,[M-H2O+H]+,4
217,frozen,open,5981,0.00016719612104999163,False,False,True,[M-H2O+H]+,4
218,fine_tuned,closed,615,0.0016260162601626016,False,False,True,[M-H2O+H]+,2
218,fine_tuned,open,6128,0.00016318537859007833,False,False,True,[M-H2O+H]+,2
218,frozen,closed,525,0.0019047619047619048,False,False,True,[M-H2O+H]+,2
218,frozen,open,5524,0.00018102824040550325,False,False,True,[M-H2O+H]+,2
219,fine_tuned,closed,252,0.003968253968253968,False,False,True,[M-H2O+H]+,2
219,fine_tuned,open,2721,0.0003675119441381845,False,False,True,[M-H2O+H]+,2
219,frozen,closed,620,0.0016129032258064516,False,False,True,[M-H2O+H]+,2
219,frozen,open,6256,0.00015984654731457802,False,False,True,[M-H2O+H]+,2
220,fine_tuned,closed,474,0.002109704641350211,False,False,True,[M-H2O+H]+,3
220,fine_tuned,open,4547,0.00021992522542335605,False,False,True,[M-H2O+H]+,3
220,frozen,closed,623,0.0016051364365971107,False,False,True,[M-H2O+H]+,3
220,frozen,open,6243,0.00016017940092904052,False,False,True,[M-H2O+H]+,3
221,fine_tuned,closed,17,0.058823529411764705,False,False,True,[M+H]+,6
221,fine_tuned,open,394,0.0025380710659898475,False,False,True,[M+H]+,6
221,frozen,closed,475,0.002105263157894737,False,False,True,[M+H]+,6
221,frozen,open,5286,0.00018917896329928113,False,False,True,[M+H]+,6
222,fine_tuned,closed,6,0.16666666666666666,False,False,True,[M+H]+,1
222,fine_tuned,open,19,0.05263157894736842,False,False,True,[M+H]+,1
222,frozen,closed,619,0.0016155088852988692,False,False,True,[M+H]+,1
222,frozen,open,6249,0.00016002560409665546,False,False,True,[M+H]+,1
223,fine_tuned,closed,498,0.002008032128514056,False,False,True,[M+NH4]+,3
223,fine_tuned,open,4431,0.00022568269013766644,False,False,True,[M+NH4]+,3
223,frozen,closed,141,0.0070921985815602835,False,False,True,[M+NH4]+,3
223,frozen,open,2641,0.0003786444528587656,False,False,True,[M+NH4]+,3
225,fine_tuned,closed,12,0.08333333333333333,False,False,True,[M+Na]+,1
225,fine_tuned,open,207,0.004830917874396135,False,False,True,[M+Na]+,1
225,frozen,closed,603,0.001658374792703151,False,False,True,[M+Na]+,1
225,frozen,open,5704,0.0001753155680224404,False,False,True,[M+Na]+,1
226,fine_tuned,closed,13,0.07692307692307693,False,False,True,[M+Na]+,1
226,fine_tuned,open,176,0.005681818181818182,False,False,True,[M+Na]+,1
226,frozen,closed,613,0.0016313213703099511,False,False,True,[M+Na]+,1
226,frozen,open,5857,0.00017073587160662456,False,False,True,[M+Na]+,1
227,fine_tuned,closed,305,0.003278688524590164,False,False,True,[M+Na]+,2
227,fine_tuned,open,3407,0.000293513354857646,False,False,True,[M+Na]+,2
227,frozen,closed,626,0.001597444089456869,False,False,True,[M+Na]+,2
227,frozen,open,6197,0.00016136840406648378,False,False,True,[M+Na]+,2
228,fine_tuned,closed,631,0.001584786053882726,False,False,True,[M+Na]+,3
228,fine_tuned,open,6269,0.0001595150741745095,False,False,True,[M+Na]+,3
228,frozen,closed,632,0.0015822784810126582,False,False,True,[M+Na]+,3
228,frozen,open,6263,0.0001596678907871627,False,False,True,[M+Na]+,3
229,fine_tuned,closed,626,0.001597444089456869,False,False,False,[M+NH4]+,2
229,fine_tuned,open,6239,0.00016028209648982208,False,False,False,[M+NH4]+,2
229,frozen,closed,613,0.0016313213703099511,False,False,False,[M+NH4]+,2
229,frozen,open,6082,0.0001644195988161789,False,False,False,[M+NH4]+,2
230,fine_tuned,closed,628,0.0015923566878980893,False,False,False,[M+Na]+,4
230,fine_tuned,open,6264,0.00015964240102171138,False,False,False,[M+Na]+,4
230,frozen,closed,169,0.005917159763313609,False,False,False,[M+Na]+,4
230,frozen,open,3345,0.00029895366218236175,False,False,False,[M+Na]+,4
231,fine_tuned,closed,20,0.05,False,False,False,[M+H]+,1
231,fine_tuned,open,362,0.0027624309392265192,False,False,False,[M+H]+,1
231,frozen,closed,14,0.07142857142857142,False,False,False,[M+H]+,1
231,frozen,open,42,0.023809523809523808,False,False,False,[M+H]+,1
232,fine_tuned,closed,1,1.0,True,True,True,[M+H]+,7
232,fine_tuned,open,1,1.0,True,True,True,[M+H]+,7
232,frozen,closed,625,0.0016,False,False,True,[M+H]+,7
232,frozen,open,6151,0.00016257519102584944,False,False,True,[M+H]+,7
233,fine_tuned,closed,1,1.0,True,True,True,[M+H]+,2
233,fine_tuned,open,1,1.0,True,True,True,[M+H]+,2
233,frozen,closed,35,0.02857142857142857,False,False,True,[M+H]+,2
233,frozen,open,45,0.022222222222222223,False,False,True,[M+H]+,2
234,fine_tuned,closed,2,0.5,False,True,True,[M-H2O+H]+,4
234,fine_tuned,open,2,0.5,False,True,True,[M-H2O+H]+,4
234,frozen,closed,471,0.0021231422505307855,False,False,True,[M-H2O+H]+,4
234,frozen,open,4121,0.0002426595486532395,False,False,True,[M-H2O+H]+,4
235,fine_tuned,closed,27,0.037037037037037035,False,False,True,[M+H]+,1
235,fine_tuned,open,40,0.025,False,False,True,[M+H]+,1
235,frozen,closed,525,0.0019047619047619048,False,False,True,[M+H]+,1
235,frozen,open,4345,0.00023014959723820482,False,False,True,[M+H]+,1
236,fine_tuned,closed,5,0.2,False,True,True,[M+H]+,5
236,fine_tuned,open,5,0.2,False,True,True,[M+H]+,5
236,frozen,closed,163,0.006134969325153374,False,False,True,[M+H]+,5
236,frozen,open,2248,0.00044483985765124553,False,False,True,[M+H]+,5
237,fine_tuned,closed,144,0.006944444444444444,False,False,False,[M-NH3+H]+,3
237,fine_tuned,open,2178,0.0004591368227731864,False,False,False,[M-NH3+H]+,3
237,frozen,closed,348,0.0028735632183908046,False,False,False,[M-NH3+H]+,3
237,frozen,open,5394,0.0001853911753800519,False,False,False,[M-NH3+H]+,3
238,fine_tuned,closed,557,0.0017953321364452424,False,False,False,[M+H]+,2
238,fine_tuned,open,5695,0.0001755926251097454,False,False,False,[M+H]+,2
238,frozen,closed,412,0.0024271844660194173,False,False,False,[M+H]+,2
238,frozen,open,3562,0.00028074115665356543,False,False,False,[M+H]+,2
239,fine_tuned,closed,21,0.047619047619047616,False,False,False,[M-H2O+H]+,1
239,fine_tuned,open,261,0.0038314176245210726,False,False,False,[M-H2O+H]+,1
239,frozen,closed,84,0.011904761904761904,False,False,False,[M-H2O+H]+,1
239,frozen,open,1319,0.000758150113722517,False,False,False,[M-H2O+H]+,1
240,fine_tuned,closed,78,0.01282051282051282,False,False,False,[M+H]+,3
240,fine_tuned,open,86,0.011627906976744186,False,False,False,[M+H]+,3
240,frozen,closed,328,0.003048780487804878,False,False,False,[M+H]+,3
240,frozen,open,5336,0.0001874062968515742,False,False,False,[M+H]+,3
241,fine_tuned,closed,194,0.005154639175257732,False,False,False,[M+H]+,1
241,fine_tuned,open,3020,0.00033112582781456954,False,False,False,[M+H]+,1
241,frozen,closed,40,0.025,False,False,False,[M+H]+,1
241,frozen,open,1150,0.0008695652173913044,False,False,False,[M+H]+,1
242,fine_tuned,closed,179,0.00558659217877095,False,False,False,[M+H]+,6
242,fine_tuned,open,3233,0.0003093102381688834,False,False,False,[M+H]+,6
242,frozen,closed,40,0.025,False,False,False,[M+H]+,6
242,frozen,open,1556,0.0006426735218508997,False,False,False,[M+H]+,6
243,fine_tuned,closed,476,0.0021008403361344537,False,False,False,[M-H2O+H]+,4
243,fine_tuned,open,4515,0.00022148394241417498,False,False,False,[M-H2O+H]+,4
243,frozen,closed,354,0.002824858757062147,False,False,False,[M-H2O+H]+,4
243,frozen,open,1154,0.0008665511265164644,False,False,False,[M-H2O+H]+,4
245,fine_tuned,closed,502,0.00199203187250996,False,False,False,[M+Na]+,1
245,fine_tuned,open,4464,0.00022401433691756272,False,False,False,[M+Na]+,1
245,frozen,closed,471,0.0021231422505307855,False,False,False,[M+Na]+,1
245,frozen,open,3675,0.00027210884353741496,False,False,False,[M+Na]+,1
246,fine_tuned,closed,402,0.0024875621890547263,False,False,False,[M+H]+,10
246,fine_tuned,open,2594,0.00038550501156515033,False,False,False,[M+H]+,10
246,frozen,closed,367,0.0027247956403269754,False,False,False,[M+H]+,10
246,frozen,open,2555,0.0003913894324853229,False,False,False,[M+H]+,10
247,fine_tuned,closed,40,0.025,False,False,False,[M+H]+,2
247,fine_tuned,open,458,0.002183406113537118,False,False,False,[M+H]+,2
247,frozen,closed,104,0.009615384615384616,False,False,False,[M+H]+,2
247,frozen,open,1332,0.0007507507507507507,False,False,False,[M+H]+,2
248,fine_tuned,closed,580,0.0017241379310344827,False,False,False,[M+NH4]+,2
248,fine_tuned,open,5877,0.00017015484090522376,False,False,False,[M+NH4]+,2
248,frozen,closed,626,0.001597444089456869,False,False,False,[M+NH4]+,2
248,frozen,open,6253,0.00015992323684631377,False,False,False,[M+NH4]+,2
249,fine_tuned,closed,2,0.5,False,True,True,[M+H]+,4
249,fine_tuned,open,3,0.3333333333333333,False,True,True,[M+H]+,4
249,frozen,closed,6,0.16666666666666666,False,False,True,[M+H]+,4
249,frozen,open,544,0.001838235294117647,False,False,True,[M+H]+,4
250,fine_tuned,closed,111,0.009009009009009009,False,False,True,[M-H2O+H]+,2
250,fine_tuned,open,1473,0.0006788866259334691,False,False,True,[M-H2O+H]+,2
250,frozen,closed,58,0.017241379310344827,False,False,True,[M-H2O+H]+,2
250,frozen,open,2059,0.00048567265662943174,False,False,True,[M-H2O+H]+,2
251,fine_tuned,closed,463,0.0021598272138228943,False,False,False,[M+Na]+,2
251,fine_tuned,open,4837,0.0002067397146991937,False,False,False,[M+Na]+,2
251,frozen,closed,306,0.0032679738562091504,False,False,False,[M+Na]+,2
251,frozen,open,4466,0.0002239140170174653,False,False,False,[M+Na]+,2
252,fine_tuned,closed,1,1.0,True,True,True,[M+H]+,2
252,fine_tuned,open,1,1.0,True,True,True,[M+H]+,2
252,frozen,closed,1,1.0,True,True,True,[M+H]+,2
252,frozen,open,1,1.0,True,True,True,[M+H]+,2
253,fine_tuned,closed,226,0.004424778761061947,False,False,True,[M-NH3+H]+,2
253,fine_tuned,open,3498,0.0002858776443682104,False,False,True,[M-NH3+H]+,2
253,frozen,closed,142,0.007042253521126761,False,False,True,[M-NH3+H]+,2
253,frozen,open,2857,0.00035001750087504374,False,False,True,[M-NH3+H]+,2
254,fine_tuned,closed,6,0.16666666666666666,False,False,True,[M+H]+,1
254,fine_tuned,open,13,0.07692307692307693,False,False,True,[M+H]+,1
254,frozen,closed,7,0.14285714285714285,False,False,True,[M+H]+,1
254,frozen,open,21,0.047619047619047616,False,False,True,[M+H]+,1
255,fine_tuned,closed,5,0.2,False,True,True,[M+H]+,1
255,fine_tuned,open,9,0.1111111111111111,False,False,True,[M+H]+,1
255,frozen,closed,6,0.16666666666666666,False,False,True,[M+H]+,1
255,frozen,open,19,0.05263157894736842,False,False,True,[M+H]+,1
256,fine_tuned,closed,4,0.25,False,True,True,[M+H]+,3
256,fine_tuned,open,6,0.16666666666666666,False,False,True,[M+H]+,3
256,frozen,closed,8,0.125,False,False,True,[M+H]+,3
256,frozen,open,19,0.05263157894736842,False,False,True,[M+H]+,3
257,fine_tuned,closed,1,1.0,True,True,True,[M+H]+,1
257,fine_tuned,open,8,0.125,False,False,True,[M+H]+,1
257,frozen,closed,9,0.1111111111111111,False,False,True,[M+H]+,1
257,frozen,open,297,0.003367003367003367,False,False,True,[M+H]+,1
258,fine_tuned,closed,37,0.02702702702702703,False,False,True,[M+H]+,3
258,fine_tuned,open,44,0.022727272727272728,False,False,True,[M+H]+,3
258,frozen,closed,31,0.03225806451612903,False,False,True,[M+H]+,3
258,frozen,open,31,0.03225806451612903,False,False,True,[M+H]+,3
259,fine_tuned,closed,35,0.02857142857142857,False,False,False,[M+H]+,5
259,fine_tuned,open,131,0.007633587786259542,False,False,False,[M+H]+,5
259,frozen,closed,20,0.05,False,False,False,[M+H]+,5
259,frozen,open,968,0.0010330578512396695,False,False,False,[M+H]+,5
260,fine_tuned,closed,77,0.012987012987012988,False,False,True,[M+NH4]+,1
260,fine_tuned,open,2644,0.00037821482602118004,False,False,True,[M+NH4]+,1
260,frozen,closed,51,0.0196078431372549,False,False,True,[M+NH4]+,1
260,frozen,open,1423,0.0007027406886858749,False,False,True,[M+NH4]+,1
261,fine_tuned,closed,391,0.0025575447570332483,False,False,True,[M+NH4]+,2
261,fine_tuned,open,2973,0.0003363605785401951,False,False,True,[M+NH4]+,2
261,frozen,closed,54,0.018518518518518517,False,False,True,[M+NH4]+,2
261,frozen,open,1370,0.00072992700729927,False,False,True,[M+NH4]+,2
262,fine_tuned,closed,12,0.08333333333333333,False,False,False,[M+H]+,3
262,fine_tuned,open,427,0.00234192037470726,False,False,False,[M+H]+,3
262,frozen,closed,12,0.08333333333333333,False,False,False,[M+H]+,3
262,frozen,open,16,0.0625,False,False,False,[M+H]+,3
263,fine_tuned,closed,20,0.05,False,False,False,[M+H]+,4
263,fine_tuned,open,938,0.0010660980810234541,False,False,False,[M+H]+,4
263,frozen,closed,11,0.09090909090909091,False,False,False,[M+H]+,4
263,frozen,open,84,0.011904761904761904,False,False,False,[M+H]+,4
264,fine_tuned,closed,22,0.045454545454545456,False,False,False,[M+H]+,3
264,fine_tuned,open,751,0.0013315579227696406,False,False,False,[M+H]+,3
264,frozen,closed,14,0.07142857142857142,False,False,False,[M+H]+,3
264,frozen,open,146,0.00684931506849315,False,False,False,[M+H]+,3
265,fine_tuned,closed,238,0.004201680672268907,False,False,True,[M+Na]+,2
265,fine_tuned,open,4052,0.00024679170779861795,False,False,True,[M+Na]+,2
265,frozen,closed,60,0.016666666666666666,False,False,True,[M+Na]+,2
265,frozen,open,515,0.001941747572815534,False,False,True,[M+Na]+,2
267,fine_tuned,closed,69,0.014492753623188406,False,False,False,[M+H]+,1
267,fine_tuned,open,2072,0.00048262548262548264,False,False,False,[M+H]+,1
267,frozen,closed,109,0.009174311926605505,False,False,False,[M+H]+,1
267,frozen,open,1251,0.0007993605115907274,False,False,False,[M+H]+,1
268,fine_tuned,closed,2,0.5,False,True,False,[M+H]+,2
268,fine_tuned,open,121,0.008264462809917356,False,False,False,[M+H]+,2
268,frozen,closed,1,1.0,True,True,False,[M+H]+,2
268,frozen,open,21,0.047619047619047616,False,False,False,[M+H]+,2
269,fine_tuned,closed,14,0.07142857142857142,False,False,False,[M+Na]+,2
269,fine_tuned,open,129,0.007751937984496124,False,False,False,[M+Na]+,2
269,frozen,closed,31,0.03225806451612903,False,False,False,[M+Na]+,2
269,frozen,open,1673,0.0005977286312014345,False,False,False,[M+Na]+,2
270,fine_tuned,closed,58,0.017241379310344827,False,False,True,[M-NH3+H]+,2
270,fine_tuned,open,58,0.017241379310344827,False,False,True,[M-NH3+H]+,2
270,frozen,closed,92,0.010869565217391304,False,False,True,[M-NH3+H]+,2
270,frozen,open,170,0.0058823529411764705,False,False,True,[M-NH3+H]+,2
271,fine_tuned,closed,2,0.5,False,True,False,[M+H]+,4
271,fine_tuned,open,2,0.5,False,True,False,[M+H]+,4
271,frozen,closed,511,0.0019569471624266144,False,False,False,[M+H]+,4
271,frozen,open,4500,0.00022222222222222223,False,False,False,[M+H]+,4
272,fine_tuned,closed,259,0.003861003861003861,False,False,True,[M-NH3+H]+,1
272,fine_tuned,open,990,0.00101010101010101,False,False,True,[M-NH3+H]+,1
272,frozen,closed,49,0.02040816326530612,False,False,True,[M-NH3+H]+,1
272,frozen,open,709,0.0014104372355430183,False,False,True,[M-NH3+H]+,1
273,fine_tuned,closed,1,1.0,True,True,True,[M+H]+,12
273,fine_tuned,open,1,1.0,True,True,True,[M+H]+,12
273,frozen,closed,159,0.006289308176100629,False,False,True,[M+H]+,12
273,frozen,open,1339,0.0007468259895444362,False,False,True,[M+H]+,12
274,fine_tuned,closed,84,0.011904761904761904,False,False,True,[M+H]+,3
274,fine_tuned,open,318,0.0031446540880503146,False,False,True,[M+H]+,3
274,frozen,closed,38,0.02631578947368421,False,False,True,[M+H]+,3
274,frozen,open,826,0.0012106537530266344,False,False,True,[M+H]+,3
275,fine_tuned,closed,547,0.0018281535648994515,False,False,False,[M+Na]+,1
275,fine_tuned,open,5413,0.00018474043968224645,False,False,False,[M+Na]+,1
275,frozen,closed,593,0.0016863406408094434,False,False,False,[M+Na]+,1
275,frozen,open,6101,0.00016390755613833797,False,False,False,[M+Na]+,1
277,fine_tuned,closed,560,0.0017857142857142857,False,False,False,[M-2H2O+H]+,4
277,fine_tuned,open,5536,0.000180635838150289,False,False,False,[M-2H2O+H]+,4
277,frozen,closed,69,0.014492753623188406,False,False,False,[M-2H2O+H]+,4
277,frozen,open,2324,0.0004302925989672978,False,False,False,[M-2H2O+H]+,4
278,fine_tuned,closed,251,0.00398406374501992,False,False,False,[M+H]+,4
278,fine_tuned,open,1527,0.0006548788474132286,False,False,False,[M+H]+,4
278,frozen,closed,89,0.011235955056179775,False,False,False,[M+H]+,4
278,frozen,open,1367,0.000731528895391368,False,False,False,[M+H]+,4
279,fine_tuned,closed,517,0.0019342359767891683,False,False,False,[M+H]+,6
279,fine_tuned,open,5186,0.0001928268414963363,False,False,False,[M+H]+,6
279,frozen,closed,495,0.00202020202020202,False,False,False,[M+H]+,6
279,frozen,open,5064,0.00019747235387045813,False,False,False,[M+H]+,6
280,fine_tuned,closed,506,0.001976284584980237,False,False,False,[M+H]+,1
280,fine_tuned,open,4433,0.00022558087074216106,False,False,False,[M+H]+,1
280,frozen,closed,371,0.0026954177897574125,False,False,False,[M+H]+,1
280,frozen,open,4702,0.0002126754572522331,False,False,False,[M+H]+,1
283,fine_tuned,closed,251,0.00398406374501992,False,False,False,[M+H]+,7
283,fine_tuned,open,3736,0.0002676659528907923,False,False,False,[M+H]+,7
283,frozen,closed,25,0.04,False,False,False,[M+H]+,7
283,frozen,open,801,0.0012484394506866417,False,False,False,[M+H]+,7
284,fine_tuned,closed,133,0.007518796992481203,False,False,True,[M+H]+,4
284,fine_tuned,open,237,0.004219409282700422,False,False,True,[M+H]+,4
284,frozen,closed,72,0.013888888888888888,False,False,True,[M+H]+,4
284,frozen,open,807,0.0012391573729863693,False,False,True,[M+H]+,4
285,fine_tuned,closed,84,0.011904761904761904,False,False,False,[M+H]+,8
285,fine_tuned,open,436,0.0022935779816513763,False,False,False,[M+H]+,8
285,frozen,closed,458,0.002183406113537118,False,False,False,[M+H]+,8
285,frozen,open,3459,0.0002891008962127783,False,False,False,[M+H]+,8
286,fine_tuned,closed,69,0.014492753623188406,False,False,True,[M-H2O+H]+,6
286,fine_tuned,open,1682,0.0005945303210463733,False,False,True,[M-H2O+H]+,6
286,frozen,closed,446,0.002242152466367713,False,False,True,[M-H2O+H]+,6
286,frozen,open,3673,0.0002722570106180234,False,False,True,[M-H2O+H]+,6
287,fine_tuned,closed,353,0.0028328611898017,False,False,False,[M+Na]+,2
287,fine_tuned,open,4406,0.00022696323195642307,False,False,False,[M+Na]+,2
287,frozen,closed,565,0.0017699115044247787,False,False,False,[M+Na]+,2
287,frozen,open,4569,0.0002188662727073758,False,False,False,[M+Na]+,2
288,fine_tuned,closed,13,0.07692307692307693,False,False,True,[M+H]+,5
288,fine_tuned,open,531,0.0018832391713747645,False,False,True,[M+H]+,5
288,frozen,closed,530,0.0018867924528301887,False,False,True,[M+H]+,5
288,frozen,open,5337,0.00018737118231216038,False,False,True,[M+H]+,5
290,fine_tuned,closed,496,0.0020161290322580645,False,False,True,[M+Na]+,3
290,fine_tuned,open,4975,0.00020100502512562814,False,False,True,[M+Na]+,3
290,frozen,closed,551,0.0018148820326678765,False,False,True,[M+Na]+,3
290,frozen,open,5451,0.000183452577508714,False,False,True,[M+Na]+,3
291,fine_tuned,closed,205,0.004878048780487805,False,False,False,[M-NH3+H]+,3
291,fine_tuned,open,3605,0.00027739251040221914,False,False,False,[M-NH3+H]+,3
291,frozen,closed,21,0.047619047619047616,False,False,False,[M-NH3+H]+,3
291,frozen,open,1299,0.0007698229407236335,False,False,False,[M-NH3+H]+,3
292,fine_tuned,closed,161,0.006211180124223602,False,False,False,[M+H]+,1
292,fine_tuned,open,2158,0.0004633920296570899,False,False,False,[M+H]+,1
292,frozen,closed,7,0.14285714285714285,False,False,False,[M+H]+,1
292,frozen,open,53,0.018867924528301886,False,False,False,[M+H]+,1
293,fine_tuned,closed,183,0.00546448087431694,False,False,False,[M+H]+,3
293,fine_tuned,open,2227,0.000449034575662326,False,False,False,[M+H]+,3
293,frozen,closed,49,0.02040816326530612,False,False,False,[M+H]+,3
293,frozen,open,344,0.0029069767441860465,False,False,False,[M+H]+,3
294,fine_tuned,closed,396,0.0025252525252525255,False,False,False,[M+NH4]+,2
294,fine_tuned,open,5360,0.00018656716417910448,False,False,False,[M+NH4]+,2
294,frozen,closed,222,0.0045045045045045045,False,False,False,[M+NH4]+,2
294,frozen,open,4564,0.00021910604732690623,False,False,False,[M+NH4]+,2
297,fine_tuned,closed,3,0.3333333333333333,False,True,True,[M+Na]+,2
297,fine_tuned,open,68,0.014705882352941176,False,False,True,[M+Na]+,2
297,frozen,closed,11,0.09090909090909091,False,False,True,[M+Na]+,2
297,frozen,open,904,0.0011061946902654867,False,False,True,[M+Na]+,2
298,fine_tuned,closed,7,0.14285714285714285,False,False,True,[M-NH3+H]+,6
298,fine_tuned,open,485,0.002061855670103093,False,False,True,[M-NH3+H]+,6
298,frozen,closed,28,0.03571428571428571,False,False,True,[M-NH3+H]+,6
298,frozen,open,651,0.0015360983102918587,False,False,True,[M-NH3+H]+,6
299,fine_tuned,closed,1,1.0,True,True,True,[M+H]+,15
299,fine_tuned,open,1,1.0,True,True,True,[M+H]+,15
299,frozen,closed,1,1.0,True,True,True,[M+H]+,15
299,frozen,open,5,0.2,False,True,True,[M+H]+,15
300,fine_tuned,closed,1,1.0,True,True,True,[M+H]+,17
300,fine_tuned,open,1,1.0,True,True,True,[M+H]+,17
300,frozen,closed,5,0.2,False,True,True,[M+H]+,17
300,frozen,open,5,0.2,False,True,True,[M+H]+,17
301,fine_tuned,closed,4,0.25,False,True,True,[M-H2O+H]+,3
301,fine_tuned,open,4,0.25,False,True,True,[M-H2O+H]+,3
301,frozen,closed,15,0.06666666666666667,False,False,True,[M-H2O+H]+,3
301,frozen,open,152,0.006578947368421052,False,False,True,[M-H2O+H]+,3
302,fine_tuned,closed,4,0.25,False,True,True,[M+H]+,16
302,fine_tuned,open,4,0.25,False,True,True,[M+H]+,16
302,frozen,closed,1,1.0,True,True,True,[M+H]+,16
302,frozen,open,1,1.0,True,True,True,[M+H]+,16
303,fine_tuned,closed,14,0.07142857142857142,False,False,True,[M+NH4]+,9
303,fine_tuned,open,144,0.006944444444444444,False,False,True,[M+NH4]+,9
303,frozen,closed,1,1.0,True,True,True,[M+NH4]+,9
303,frozen,open,1,1.0,True,True,True,[M+NH4]+,9
304,fine_tuned,closed,46,0.021739130434782608,False,False,True,[M-NH3+H]+,6
304,fine_tuned,open,230,0.004347826086956522,False,False,True,[M-NH3+H]+,6
304,frozen,closed,597,0.0016750418760469012,False,False,True,[M-NH3+H]+,6
304,frozen,open,6045,0.00016542597187758478,False,False,True,[M-NH3+H]+,6
305,fine_tuned,closed,3,0.3333333333333333,False,True,True,[M+H]+,8
305,fine_tuned,open,4,0.25,False,True,True,[M+H]+,8
305,frozen,closed,513,0.001949317738791423,False,False,True,[M+H]+,8
305,frozen,open,5842,0.00017117425539198904,False,False,True,[M+H]+,8
306,fine_tuned,closed,1,1.0,True,True,True,[M+H]+,4
306,fine_tuned,open,2,0.5,False,True,True,[M+H]+,4
306,frozen,closed,623,0.0016051364365971107,False,False,True,[M+H]+,4
306,frozen,open,6244,0.00016015374759769378,False,False,True,[M+H]+,4
307,fine_tuned,closed,7,0.14285714285714285,False,False,False,[M-2H2O+H]+,7
307,fine_tuned,open,11,0.09090909090909091,False,False,False,[M-2H2O+H]+,7
307,frozen,closed,20,0.05,False,False,False,[M-2H2O+H]+,7
307,frozen,open,948,0.0010548523206751054,False,False,False,[M-2H2O+H]+,7
308,fine_tuned,closed,3,0.3333333333333333,False,True,True,[M+H]+,4
308,fine_tuned,open,3,0.3333333333333333,False,True,True,[M+H]+,4
308,frozen,closed,63,0.015873015873015872,False,False,True,[M+H]+,4
308,frozen,open,710,0.0014084507042253522,False,False,True,[M+H]+,4
309,fine_tuned,closed,291,0.003436426116838488,False,False,False,[M-H2O+H]+,4
309,fine_tuned,open,1835,0.0005449591280653951,False,False,False,[M-H2O+H]+,4
309,frozen,closed,155,0.0064516129032258064,False,False,False,[M-H2O+H]+,4
309,frozen,open,2260,0.0004424778761061947,False,False,False,[M-H2O+H]+,4
310,fine_tuned,closed,374,0.00267379679144385,False,False,False,[M-H2O+H]+,5
310,fine_tuned,open,3238,0.00030883261272390367,False,False,False,[M-H2O+H]+,5
310,frozen,closed,169,0.005917159763313609,False,False,False,[M-H2O+H]+,5
310,frozen,open,3339,0.0002994908655286014,False,False,False,[M-H2O+H]+,5
311,fine_tuned,closed,58,0.017241379310344827,False,False,True,[M-NH3+H]+,3
311,fine_tuned,open,1828,0.0005470459518599562,False,False,True,[M-NH3+H]+,3
311,frozen,closed,437,0.002288329519450801,False,False,True,[M-NH3+H]+,3
311,frozen,open,5360,0.00018656716417910448,False,False,True,[M-NH3+H]+,3
312,fine_tuned,closed,48,0.020833333333333332,False,False,False,[M+H]+,2
312,fine_tuned,open,712,0.0014044943820224719,False,False,False,[M+H]+,2
312,frozen,closed,181,0.0055248618784530384,False,False,False,[M+H]+,2
312,frozen,open,331,0.0030211480362537764,False,False,False,[M+H]+,2
313,fine_tuned,closed,406,0.0024630541871921183,False,False,True,[M+H]+,18
313,fine_tuned,open,2905,0.00034423407917383823,False,False,True,[M+H]+,18
313,frozen,closed,67,0.014925373134328358,False,False,True,[M+H]+,18
313,frozen,open,1753,0.0005704506560182544,False,False,True,[M+H]+,18
314,fine_tuned,closed,150,0.006666666666666667,False,False,False,[M+Na]+,2
314,fine_tuned,open,3086,0.0003240440699935191,False,False,False,[M+Na]+,2
314,frozen,closed,132,0.007575757575757576,False,False,False,[M+Na]+,2
314,frozen,open,600,0.0016666666666666668,False,False,False,[M+Na]+,2
315,fine_tuned,closed,10,0.1,False,False,False,[M+H]+,1
315,fine_tuned,open,302,0.0033112582781456954,False,False,False,[M+H]+,1
315,frozen,closed,4,0.25,False,True,False,[M+H]+,1
315,frozen,open,462,0.0021645021645021645,False,False,False,[M+H]+,1
316,fine_tuned,closed,11,0.09090909090909091,False,False,False,[M+H]+,1
316,fine_tuned,open,618,0.0016181229773462784,False,False,False,[M+H]+,1
316,frozen,closed,9,0.1111111111111111,False,False,False,[M+H]+,1
316,frozen,open,122,0.00819672131147541,False,False,False,[M+H]+,1
317,fine_tuned,closed,122,0.00819672131147541,False,False,False,[M+NH4]+,1
317,fine_tuned,open,2223,0.000449842555105713,False,False,False,[M+NH4]+,1
317,frozen,closed,315,0.0031746031746031746,False,False,False,[M+NH4]+,1
317,frozen,open,1248,0.0008012820512820513,False,False,False,[M+NH4]+,1
319,fine_tuned,closed,308,0.003246753246753247,False,False,False,[M+H]+,3
319,fine_tuned,open,427,0.00234192037470726,False,False,False,[M+H]+,3
319,frozen,closed,218,0.0045871559633027525,False,False,False,[M+H]+,3
319,frozen,open,2294,0.00043591979075850045,False,False,False,[M+H]+,3
320,fine_tuned,closed,1,1.0,True,True,True,[M+H]+,7
320,fine_tuned,open,1,1.0,True,True,True,[M+H]+,7
320,frozen,closed,215,0.004651162790697674,False,False,True,[M+H]+,7
320,frozen,open,2249,0.00044464206313917296,False,False,True,[M+H]+,7
321,fine_tuned,closed,198,0.005050505050505051,False,False,True,[M-H2O+H]+,4
321,fine_tuned,open,283,0.0035335689045936395,False,False,True,[M-H2O+H]+,4
321,frozen,closed,314,0.0031847133757961785,False,False,True,[M-H2O+H]+,4
321,frozen,open,799,0.0012515644555694619,False,False,True,[M-H2O+H]+,4
322,fine_tuned,closed,183,0.00546448087431694,False,False,True,[M-H2O+H]+,1
322,fine_tuned,open,269,0.0037174721189591076,False,False,True,[M-H2O+H]+,1
322,frozen,closed,533,0.001876172607879925,False,False,True,[M-H2O+H]+,1
322,frozen,open,5762,0.00017355085039916696,False,False,True,[M-H2O+H]+,1
323,fine_tuned,closed,158,0.006329113924050633,False,False,True,[M-H2O+H]+,3
323,fine_tuned,open,179,0.00558659217877095,False,False,True,[M-H2O+H]+,3
323,frozen,closed,222,0.0045045045045045045,False,False,True,[M-H2O+H]+,3
323,frozen,open,675,0.0014814814814814814,False,False,True,[M-H2O+H]+,3
324,fine_tuned,closed,2,0.5,False,True,True,[M+H]+,3
324,fine_tuned,open,2,0.5,False,True,True,[M+H]+,3
324,frozen,closed,150,0.006666666666666667,False,False,True,[M+H]+,3
324,frozen,open,155,0.0064516129032258064,False,False,True,[M+H]+,3
326,fine_tuned,closed,2,0.5,False,True,True,[M+H]+,2
326,fine_tuned,open,2,0.5,False,True,True,[M+H]+,2
326,frozen,closed,385,0.0025974025974025974,False,False,True,[M+H]+,2
326,frozen,open,5455,0.00018331805682859762,False,False,True,[M+H]+,2
328,fine_tuned,closed,2,0.5,False,True,True,[M-2H2O+H]+,2
328,fine_tuned,open,2,0.5,False,True,True,[M-2H2O+H]+,2
328,frozen,closed,55,0.01818181818181818,False,False,True,[M-2H2O+H]+,2
328,frozen,open,1127,0.0008873114463176575,False,False,True,[M-2H2O+H]+,2
329,fine_tuned,closed,9,0.1111111111111111,False,False,True,[M+H]+,9
329,fine_tuned,open,9,0.1111111111111111,False,False,True,[M+H]+,9
329,frozen,closed,142,0.007042253521126761,False,False,True,[M+H]+,9
329,frozen,open,280,0.0035714285714285713,False,False,True,[M+H]+,9
331,fine_tuned,closed,135,0.007407407407407408,False,False,True,[M-H2O+H]+,3
331,fine_tuned,open,149,0.006711409395973154,False,False,True,[M-H2O+H]+,3
331,frozen,closed,434,0.002304147465437788,False,False,True,[M-H2O+H]+,3
331,frozen,open,4051,0.00024685262898049864,False,False,True,[M-H2O+H]+,3
332,fine_tuned,closed,8,0.125,False,False,True,[M+H]+,3
332,fine_tuned,open,9,0.1111111111111111,False,False,True,[M+H]+,3
332,frozen,closed,66,0.015151515151515152,False,False,True,[M+H]+,3
332,frozen,open,2480,0.0004032258064516129,False,False,True,[M+H]+,3
333,fine_tuned,closed,3,0.3333333333333333,False,True,True,[M+H]+,8
333,fine_tuned,open,3,0.3333333333333333,False,True,True,[M+H]+,8
333,frozen,closed,43,0.023255813953488372,False,False,True,[M+H]+,8
333,frozen,open,477,0.0020964360587002098,False,False,True,[M+H]+,8
334,fine_tuned,closed,9,0.1111111111111111,False,False,True,[M+H]+,1
334,fine_tuned,open,9,0.1111111111111111,False,False,True,[M+H]+,1
334,frozen,closed,89,0.011235955056179775,False,False,True,[M+H]+,1
334,frozen,open,550,0.0018181818181818182,False,False,True,[M+H]+,1
335,fine_tuned,closed,21,0.047619047619047616,False,False,True,[M-H2O+H]+,2
335,fine_tuned,open,68,0.014705882352941176,False,False,True,[M-H2O+H]+,2
335,frozen,closed,118,0.00847457627118644,False,False,True,[M-H2O+H]+,2
335,frozen,open,3014,0.00033178500331785003,False,False,True,[M-H2O+H]+,2
337,fine_tuned,closed,31,0.03225806451612903,False,False,True,[M+Na]+,1
337,fine_tuned,open,31,0.03225806451612903,False,False,True,[M+Na]+,1
337,frozen,closed,374,0.00267379679144385,False,False,True,[M+Na]+,1
337,frozen,open,5219,0.00019160758766047136,False,False,True,[M+Na]+,1
338,fine_tuned,closed,123,0.008130081300813009,False,False,True,[M+H]+,1
338,fine_tuned,open,136,0.007352941176470588,False,False,True,[M+H]+,1
338,frozen,closed,234,0.004273504273504274,False,False,True,[M+H]+,1
338,frozen,open,4610,0.00021691973969631235,False,False,True,[M+H]+,1
339,fine_tuned,closed,64,0.015625,False,False,True,[M-NH3+H]+,3
339,fine_tuned,open,64,0.015625,False,False,True,[M-NH3+H]+,3
339,frozen,closed,40,0.025,False,False,True,[M-NH3+H]+,3
339,frozen,open,47,0.02127659574468085,False,False,True,[M-NH3+H]+,3
340,fine_tuned,closed,362,0.0027624309392265192,False,False,True,[M-H2O+H]+,1
340,fine_tuned,open,3038,0.0003291639236339697,False,False,True,[M-H2O+H]+,1
340,frozen,closed,316,0.0031645569620253164,False,False,True,[M-H2O+H]+,1
340,frozen,open,1464,0.0006830601092896175,False,False,True,[M-H2O+H]+,1
341,fine_tuned,closed,518,0.0019305019305019305,False,False,True,[M-NH3+H]+,1
341,fine_tuned,open,4808,0.00020798668885191348,False,False,True,[M-NH3+H]+,1
341,frozen,closed,268,0.0037313432835820895,False,False,True,[M-NH3+H]+,1
341,frozen,open,1268,0.0007886435331230284,False,False,True,[M-NH3+H]+,1
342,fine_tuned,closed,1,1.0,True,True,True,[M+H]+,5
342,fine_tuned,open,1,1.0,True,True,True,[M+H]+,5
342,frozen,closed,31,0.03225806451612903,False,False,True,[M+H]+,5
342,frozen,open,149,0.006711409395973154,False,False,True,[M+H]+,5
343,fine_tuned,closed,8,0.125,False,False,True,[M+H]+,1
343,fine_tuned,open,21,0.047619047619047616,False,False,True,[M+H]+,1
343,frozen,closed,155,0.0064516129032258064,False,False,True,[M+H]+,1
343,frozen,open,3881,0.0002576655501159495,False,False,True,[M+H]+,1
344,fine_tuned,closed,13,0.07692307692307693,False,False,True,[M+H]+,2
344,fine_tuned,open,13,0.07692307692307693,False,False,True,[M+H]+,2
344,frozen,closed,16,0.0625,False,False,True,[M+H]+,2
344,frozen,open,16,0.0625,False,False,True,[M+H]+,2
345,fine_tuned,closed,20,0.05,False,False,True,[M+H]+,6
345,fine_tuned,open,21,0.047619047619047616,False,False,True,[M+H]+,6
345,frozen,closed,513,0.001949317738791423,False,False,True,[M+H]+,6
345,frozen,open,4785,0.0002089864158829676,False,False,True,[M+H]+,6
346,fine_tuned,closed,378,0.0026455026455026454,False,False,True,[M+Na]+,1
346,fine_tuned,open,2863,0.00034928396786587494,False,False,True,[M+Na]+,1
346,frozen,closed,278,0.0035971223021582736,False,False,True,[M+Na]+,1
346,frozen,open,3097,0.00032289312237649337,False,False,True,[M+Na]+,1
348,fine_tuned,closed,521,0.0019193857965451055,False,False,True,[M+NH4]+,2
348,fine_tuned,open,4466,0.0002239140170174653,False,False,True,[M+NH4]+,2
348,frozen,closed,252,0.003968253968253968,False,False,True,[M+NH4]+,2
348,frozen,open,409,0.0024449877750611247,False,False,True,[M+NH4]+,2
349,fine_tuned,closed,87,0.011494252873563218,False,False,True,[M+H]+,13
349,fine_tuned,open,106,0.009433962264150943,False,False,True,[M+H]+,13
349,frozen,closed,5,0.2,False,True,True,[M+H]+,13
349,frozen,open,14,0.07142857142857142,False,False,True,[M+H]+,13
350,fine_tuned,closed,69,0.014492753623188406,False,False,True,[M+H]+,6
350,fine_tuned,open,97,0.010309278350515464,False,False,True,[M+H]+,6
350,frozen,closed,9,0.1111111111111111,False,False,True,[M+H]+,6
350,frozen,open,10,0.1,False,False,True,[M+H]+,6
351,fine_tuned,closed,124,0.008064516129032258,False,False,False,[M-H2O+H]+,2
351,fine_tuned,open,1961,0.0005099439061703213,False,False,False,[M-H2O+H]+,2
351,frozen,closed,124,0.008064516129032258,False,False,False,[M-H2O+H]+,2
351,frozen,open,391,0.0025575447570332483,False,False,False,[M-H2O+H]+,2
352,fine_tuned,closed,206,0.0048543689320388345,False,False,True,[M+Na]+,1
352,fine_tuned,open,3498,0.0002858776443682104,False,False,True,[M+Na]+,1
352,frozen,closed,235,0.00425531914893617,False,False,True,[M+Na]+,1
352,frozen,open,4834,0.0002068680182043856,False,False,True,[M+Na]+,1
353,fine_tuned,closed,182,0.005494505494505495,False,False,False,[M+H]+,7
353,fine_tuned,open,856,0.0011682242990654205,False,False,False,[M+H]+,7
353,frozen,closed,31,0.03225806451612903,False,False,False,[M+H]+,7
353,frozen,open,467,0.0021413276231263384,False,False,False,[M+H]+,7
354,fine_tuned,closed,505,0.0019801980198019802,False,False,True,[M-H2O+H]+,1
354,fine_tuned,open,4495,0.0002224694104560623,False,False,True,[M-H2O+H]+,1
354,frozen,closed,398,0.002512562814070352,False,False,True,[M-H2O+H]+,1
354,frozen,open,4313,0.00023185717597959656,False,False,True,[M-H2O+H]+,1
355,fine_tuned,closed,352,0.002840909090909091,False,False,True,[M+H]+,3
355,fine_tuned,open,2987,0.00033478406427854036,False,False,True,[M+H]+,3
355,frozen,closed,265,0.0037735849056603774,False,False,True,[M+H]+,3
355,frozen,open,2841,0.00035198873636043646,False,False,True,[M+H]+,3
356,fine_tuned,closed,19,0.05263157894736842,False,False,True,[M+H]+,3
356,fine_tuned,open,42,0.023809523809523808,False,False,True,[M+H]+,3
356,frozen,closed,6,0.16666666666666666,False,False,True,[M+H]+,3
356,frozen,open,9,0.1111111111111111,False,False,True,[M+H]+,3
357,fine_tuned,closed,2,0.5,False,True,False,[M+H]+,8
357,fine_tuned,open,68,0.014705882352941176,False,False,False,[M+H]+,8
357,frozen,closed,14,0.07142857142857142,False,False,False,[M+H]+,8
357,frozen,open,1146,0.0008726003490401396,False,False,False,[M+H]+,8
358,fine_tuned,closed,13,0.07692307692307693,False,False,False,[M+H]+,1
358,fine_tuned,open,161,0.006211180124223602,False,False,False,[M+H]+,1
358,frozen,closed,5,0.2,False,True,False,[M+H]+,1
358,frozen,open,9,0.1111111111111111,False,False,False,[M+H]+,1
359,fine_tuned,closed,2,0.5,False,True,False,[M+Na]+,2
359,fine_tuned,open,63,0.015873015873015872,False,False,False,[M+Na]+,2
359,frozen,closed,7,0.14285714285714285,False,False,False,[M+Na]+,2
359,frozen,open,1092,0.0009157509157509158,False,False,False,[M+Na]+,2
360,fine_tuned,closed,6,0.16666666666666666,False,False,True,[M+H]+,4
360,fine_tuned,open,7,0.14285714285714285,False,False,True,[M+H]+,4
360,frozen,closed,161,0.006211180124223602,False,False,True,[M+H]+,4
360,frozen,open,2178,0.0004591368227731864,False,False,True,[M+H]+,4
361,fine_tuned,closed,1,1.0,True,True,True,[M-H2O+H]+,3
361,fine_tuned,open,1,1.0,True,True,True,[M-H2O+H]+,3
361,frozen,closed,594,0.0016835016835016834,False,False,True,[M-H2O+H]+,3
361,frozen,open,5599,0.0001786033220217896,False,False,True,[M-H2O+H]+,3
362,fine_tuned,closed,1,1.0,True,True,True,[M+H]+,3
362,fine_tuned,open,1,1.0,True,True,True,[M+H]+,3
362,frozen,closed,572,0.0017482517482517483,False,False,True,[M+H]+,3
362,frozen,open,5932,0.00016857720836142953,False,False,True,[M+H]+,3
363,fine_tuned,closed,180,0.005555555555555556,False,False,True,[M-H2O+H]+,1
363,fine_tuned,open,704,0.0014204545454545455,False,False,True,[M-H2O+H]+,1
363,frozen,closed,304,0.003289473684210526,False,False,True,[M-H2O+H]+,1
363,frozen,open,4115,0.00024301336573511544,False,False,True,[M-H2O+H]+,1
365,fine_tuned,closed,3,0.3333333333333333,False,True,True,[M-H2O+H]+,3
365,fine_tuned,open,3,0.3333333333333333,False,True,True,[M-H2O+H]+,3
365,frozen,closed,365,0.0027397260273972603,False,False,True,[M-H2O+H]+,3
365,frozen,open,3193,0.00031318509238960227,False,False,True,[M-H2O+H]+,3
366,fine_tuned,closed,1,1.0,True,True,True,[M+H]+,5
366,fine_tuned,open,1,1.0,True,True,True,[M+H]+,5
366,frozen,closed,608,0.001644736842105263,False,False,True,[M+H]+,5
366,frozen,open,6125,0.00016326530612244898,False,False,True,[M+H]+,5
367,fine_tuned,closed,1,1.0,True,True,True,[M+Na]+,2
367,fine_tuned,open,1,1.0,True,True,True,[M+Na]+,2
367,frozen,closed,613,0.0016313213703099511,False,False,True,[M+Na]+,2
367,frozen,open,5839,0.00017126220243192326,False,False,True,[M+Na]+,2
368,fine_tuned,closed,45,0.022222222222222223,False,False,True,[M+H]+,1
368,fine_tuned,open,60,0.016666666666666666,False,False,True,[M+H]+,1
368,frozen,closed,71,0.014084507042253521,False,False,True,[M+H]+,1
368,frozen,open,102,0.00980392156862745,False,False,True,[M+H]+,1
369,fine_tuned,closed,14,0.07142857142857142,False,False,False,[M-2H2O+H]+,3
369,fine_tuned,open,24,0.041666666666666664,False,False,False,[M-2H2O+H]+,3
369,frozen,closed,474,0.002109704641350211,False,False,False,[M-2H2O+H]+,3
369,frozen,open,3667,0.0002727024815925825,False,False,False,[M-2H2O+H]+,3
370,fine_tuned,closed,97,0.010309278350515464,False,False,False,[M-H2O+H]+,1
370,fine_tuned,open,673,0.0014858841010401188,False,False,False,[M-H2O+H]+,1
370,frozen,closed,525,0.0019047619047619048,False,False,False,[M-H2O+H]+,1
370,frozen,open,5467,0.00018291567587342235,False,False,False,[M-H2O+H]+,1
371,fine_tuned,closed,1,1.0,True,True,True,[M+H]+,5
371,fine_tuned,open,1,1.0,True,True,True,[M+H]+,5
371,frozen,closed,53,0.018867924528301886,False,False,True,[M+H]+,5
371,frozen,open,1532,0.0006527415143603133,False,False,True,[M+H]+,5
372,fine_tuned,closed,268,0.0037313432835820895,False,False,True,[M-NH3+H]+,15
372,fine_tuned,open,3269,0.0003059039461609055,False,False,True,[M-NH3+H]+,15
372,frozen,closed,289,0.0034602076124567475,False,False,True,[M-NH3+H]+,15
372,frozen,open,1847,0.0005414185165132648,False,False,True,[M-NH3+H]+,15
373,fine_tuned,closed,63,0.015873015873015872,False,False,True,[M+H]+,15
373,fine_tuned,open,558,0.0017921146953405018,False,False,True,[M+H]+,15
373,frozen,closed,94,0.010638297872340425,False,False,True,[M+H]+,15
373,frozen,open,573,0.0017452006980802793,False,False,True,[M+H]+,15
374,fine_tuned,closed,424,0.0023584905660377358,False,False,True,[M-2H2O+H]+,15
374,fine_tuned,open,4357,0.00022951572182694515,False,False,True,[M-2H2O+H]+,15
374,frozen,closed,602,0.0016611295681063123,False,False,True,[M-2H2O+H]+,15
374,frozen,open,5574,0.0001794043774668102,False,False,True,[M-2H2O+H]+,15
375,fine_tuned,closed,302,0.0033112582781456954,False,False,True,[M-H2O+H]+,3
375,fine_tuned,open,2881,0.0003471017007983339,False,False,True,[M-H2O+H]+,3
375,frozen,closed,560,0.0017857142857142857,False,False,True,[M-H2O+H]+,3
375,frozen,open,5149,0.0001942124684404739,False,False,True,[M-H2O+H]+,3
376,fine_tuned,closed,10,0.1,False,False,False,[M-2H2O+H]+,2
376,fine_tuned,open,12,0.08333333333333333,False,False,False,[M-2H2O+H]+,2
376,frozen,closed,311,0.003215434083601286,False,False,False,[M-2H2O+H]+,2
376,frozen,open,4475,0.000223463687150838,False,False,False,[M-2H2O+H]+,2
377,fine_tuned,closed,19,0.05263157894736842,False,False,False,[M-H2O+H]+,5
377,fine_tuned,open,25,0.04,False,False,False,[M-H2O+H]+,5
377,frozen,closed,42,0.023809523809523808,False,False,False,[M-H2O+H]+,5
377,frozen,open,1502,0.0006657789613848203,False,False,False,[M-H2O+H]+,5
378,fine_tuned,closed,269,0.0037174721189591076,False,False,True,[M+Na]+,2
378,fine_tuned,open,1659,0.0006027727546714888,False,False,True,[M+Na]+,2
378,frozen,closed,515,0.001941747572815534,False,False,True,[M+Na]+,2
378,frozen,open,6061,0.00016498927569707968,False,False,True,[M+Na]+,2
379,fine_tuned,closed,357,0.0028011204481792717,False,False,False,[M-H2O+H]+,1
379,fine_tuned,open,4008,0.000249500998003992,False,False,False,[M-H2O+H]+,1
379,frozen,closed,365,0.0027397260273972603,False,False,False,[M-H2O+H]+,1
379,frozen,open,4819,0.00020751193193608634,False,False,False,[M-H2O+H]+,1
380,fine_tuned,closed,213,0.004694835680751174,False,False,True,[M+NH4]+,6
380,fine_tuned,open,214,0.004672897196261682,False,False,True,[M+NH4]+,6
380,frozen,closed,17,0.058823529411764705,False,False,True,[M+NH4]+,6
380,frozen,open,63,0.015873015873015872,False,False,True,[M+NH4]+,6
381,fine_tuned,closed,1,1.0,True,True,True,[M+H]+,6
381,fine_tuned,open,1,1.0,True,True,True,[M+H]+,6
381,frozen,closed,243,0.00411522633744856,False,False,True,[M+H]+,6
381,frozen,open,927,0.0010787486515641855,False,False,True,[M+H]+,6
382,fine_tuned,closed,1,1.0,True,True,True,[M-H2O+H]+,2
382,fine_tuned,open,1,1.0,True,True,True,[M-H2O+H]+,2
382,frozen,closed,392,0.002551020408163265,False,False,True,[M-H2O+H]+,2
382,frozen,open,4682,0.00021358393848782572,False,False,True,[M-H2O+H]+,2
383,fine_tuned,closed,2,0.5,False,True,True,[M-H2O+H]+,9
383,fine_tuned,open,2,0.5,False,True,True,[M-H2O+H]+,9
383,frozen,closed,233,0.004291845493562232,False,False,True,[M-H2O+H]+,9
383,frozen,open,3086,0.0003240440699935191,False,False,True,[M-H2O+H]+,9
384,fine_tuned,closed,547,0.0018281535648994515,False,False,True,[M+H]+,1
384,fine_tuned,open,4360,0.00022935779816513763,False,False,True,[M+H]+,1
384,frozen,closed,496,0.0020161290322580645,False,False,True,[M+H]+,1
384,frozen,open,5581,0.00017917935853789643,False,False,True,[M+H]+,1
385,fine_tuned,closed,257,0.0038910505836575876,False,False,False,[M+H]+,5
385,fine_tuned,open,2838,0.00035236081747709656,False,False,False,[M+H]+,5
385,frozen,closed,502,0.00199203187250996,False,False,False,[M+H]+,5
385,frozen,open,4828,0.00020712510356255177,False,False,False,[M+H]+,5
386,fine_tuned,closed,4,0.25,False,True,True,[M+H]+,5
386,fine_tuned,open,4,0.25,False,True,True,[M+H]+,5
386,frozen,closed,12,0.08333333333333333,False,False,True,[M+H]+,5
386,frozen,open,1145,0.0008733624454148472,False,False,True,[M+H]+,5
387,fine_tuned,closed,241,0.004149377593360996,False,False,False,[M+H]+,3
387,fine_tuned,open,2742,0.00036469730123997083,False,False,False,[M+H]+,3
387,frozen,closed,498,0.002008032128514056,False,False,False,[M+H]+,3
387,frozen,open,4953,0.0002018978396931153,False,False,False,[M+H]+,3
388,fine_tuned,closed,217,0.004608294930875576,False,False,False,[M+Na]+,4
388,fine_tuned,open,3719,0.00026888948642108095,False,False,False,[M+Na]+,4
388,frozen,closed,82,0.012195121951219513,False,False,False,[M+Na]+,4
388,frozen,open,2763,0.0003619254433586681,False,False,False,[M+Na]+,4
389,fine_tuned,closed,17,0.058823529411764705,False,False,True,[M-NH3+H]+,6
389,fine_tuned,open,481,0.002079002079002079,False,False,True,[M-NH3+H]+,6
389,frozen,closed,15,0.06666666666666667,False,False,True,[M-NH3+H]+,6
389,frozen,open,826,0.0012106537530266344,False,False,True,[M-NH3+H]+,6
390,fine_tuned,closed,17,0.058823529411764705,False,False,True,[M-2H2O+H]+,3
390,fine_tuned,open,645,0.0015503875968992248,False,False,True,[M-2H2O+H]+,3
390,frozen,closed,195,0.005128205128205128,False,False,True,[M-2H2O+H]+,3
390,frozen,open,2801,0.0003570153516601214,False,False,True,[M-2H2O+H]+,3
391,fine_tuned,closed,2,0.5,False,True,True,[M-2H2O+H]+,1
391,fine_tuned,open,165,0.006060606060606061,False,False,True,[M-2H2O+H]+,1
391,frozen,closed,35,0.02857142857142857,False,False,True,[M-2H2O+H]+,1
391,frozen,open,1438,0.0006954102920723226,False,False,True,[M-2H2O+H]+,1
392,fine_tuned,closed,19,0.05263157894736842,False,False,True,[M+NH4]+,9
392,fine_tuned,open,1525,0.0006557377049180328,False,False,True,[M+NH4]+,9
392,frozen,closed,82,0.012195121951219513,False,False,True,[M+NH4]+,9
392,frozen,open,3056,0.0003272251308900524,False,False,True,[M+NH4]+,9
393,fine_tuned,closed,27,0.037037037037037035,False,False,True,[M+H]+,1
393,fine_tuned,open,246,0.0040650406504065045,False,False,True,[M+H]+,1
393,frozen,closed,597,0.0016750418760469012,False,False,True,[M+H]+,1
393,frozen,open,6038,0.00016561775422325274,False,False,True,[M+H]+,1
394,fine_tuned,closed,9,0.1111111111111111,False,False,True,[M-H2O+H]+,2
394,fine_tuned,open,9,0.1111111111111111,False,False,True,[M-H2O+H]+,2
394,frozen,closed,569,0.0017574692442882249,False,False,True,[M-H2O+H]+,2
394,frozen,open,5593,0.00017879492222420883,False,False,True,[M-H2O+H]+,2
395,fine_tuned,closed,381,0.0026246719160104987,False,False,True,[M-H2O+H]+,2
395,fine_tuned,open,1187,0.0008424599831508003,False,False,True,[M-H2O+H]+,2
395,frozen,closed,420,0.002380952380952381,False,False,True,[M-H2O+H]+,2
395,frozen,open,3165,0.000315955766192733,False,False,True,[M-H2O+H]+,2
396,fine_tuned,closed,12,0.08333333333333333,False,False,True,[M+Na]+,4
396,fine_tuned,open,12,0.08333333333333333,False,False,True,[M+Na]+,4
396,frozen,closed,615,0.0016260162601626016,False,False,True,[M+Na]+,4
396,frozen,open,6105,0.0001638001638001638,False,False,True,[M+Na]+,4
397,fine_tuned,closed,19,0.05263157894736842,False,False,True,[M+Na]+,2
397,fine_tuned,open,35,0.02857142857142857,False,False,True,[M+Na]+,2
397,frozen,closed,568,0.0017605633802816902,False,False,True,[M+Na]+,2
397,frozen,open,5205,0.00019212295869356388,False,False,True,[M+Na]+,2
398,fine_tuned,closed,1,1.0,True,True,True,[M-H2O+H]+,4
398,fine_tuned,open,1,1.0,True,True,True,[M-H2O+H]+,4
398,frozen,closed,614,0.0016286644951140066,False,False,True,[M-H2O+H]+,4
398,frozen,open,6100,0.0001639344262295082,False,False,True,[M-H2O+H]+,4
399,fine_tuned,closed,1,1.0,True,True,True,[M-H2O+H]+,2
399,fine_tuned,open,1,1.0,True,True,True,[M-H2O+H]+,2
399,frozen,closed,563,0.0017761989342806395,False,False,True,[M-H2O+H]+,2
399,frozen,open,5130,0.0001949317738791423,False,False,True,[M-H2O+H]+,2
400,fine_tuned,closed,10,0.1,False,False,False,[M-2H2O+H]+,4
400,fine_tuned,open,10,0.1,False,False,False,[M-2H2O+H]+,4
400,frozen,closed,564,0.0017730496453900709,False,False,False,[M-2H2O+H]+,4
400,frozen,open,5569,0.0001795654516071108,False,False,False,[M-2H2O+H]+,4
401,fine_tuned,closed,5,0.2,False,True,False,[M-2H2O+H]+,2
401,fine_tuned,open,5,0.2,False,True,False,[M-2H2O+H]+,2
401,frozen,closed,491,0.002036659877800407,False,False,False,[M-2H2O+H]+,2
401,frozen,open,4149,0.00024102193299590263,False,False,False,[M-2H2O+H]+,2
402,fine_tuned,closed,1,1.0,True,True,True,[M+H]+,4
402,fine_tuned,open,1,1.0,True,True,True,[M+H]+,4
402,frozen,closed,388,0.002577319587628866,False,False,True,[M+H]+,4
402,frozen,open,4255,0.00023501762632197415,False,False,True,[M+H]+,4
403,fine_tuned,closed,10,0.1,False,False,True,[M-H2O+H]+,4
403,fine_tuned,open,11,0.09090909090909091,False,False,True,[M-H2O+H]+,4
403,frozen,closed,368,0.002717391304347826,False,False,True,[M-H2O+H]+,4
403,frozen,open,5321,0.00018793459875963165,False,False,True,[M-H2O+H]+,4
404,fine_tuned,closed,1,1.0,True,True,True,[M+H]+,4
404,fine_tuned,open,1,1.0,True,True,True,[M+H]+,4
404,frozen,closed,523,0.0019120458891013384,False,False,True,[M+H]+,4
404,frozen,open,5904,0.00016937669376693767,False,False,True,[M+H]+,4
405,fine_tuned,closed,2,0.5,False,True,True,[M+H]+,6
405,fine_tuned,open,2,0.5,False,True,True,[M+H]+,6
405,frozen,closed,602,0.0016611295681063123,False,False,True,[M+H]+,6
405,frozen,open,6024,0.00016600265604249667,False,False,True,[M+H]+,6
406,fine_tuned,closed,11,0.09090909090909091,False,False,False,[M-H2O+H]+,4
406,fine_tuned,open,11,0.09090909090909091,False,False,False,[M-H2O+H]+,4
406,frozen,closed,389,0.002570694087403599,False,False,False,[M-H2O+H]+,4
406,frozen,open,5499,0.0001818512456810329,False,False,False,[M-H2O+H]+,4
407,fine_tuned,closed,10,0.1,False,False,False,[M-H2O+H]+,6
407,fine_tuned,open,11,0.09090909090909091,False,False,False,[M-H2O+H]+,6
407,frozen,closed,544,0.001838235294117647,False,False,False,[M-H2O+H]+,6
407,frozen,open,5518,0.0001812250815512867,False,False,False,[M-H2O+H]+,6
408,fine_tuned,closed,196,0.00510204081632653,False,False,True,[M+NH4]+,22
408,fine_tuned,open,730,0.0013698630136986301,False,False,True,[M+NH4]+,22
408,frozen,closed,527,0.0018975332068311196,False,False,True,[M+NH4]+,22
408,frozen,open,5410,0.00018484288354898336,False,False,True,[M+NH4]+,22
409,fine_tuned,closed,319,0.003134796238244514,False,False,True,[M+NH4]+,5
409,fine_tuned,open,1250,0.0008,False,False,True,[M+NH4]+,5
409,frozen,closed,543,0.001841620626151013,False,False,True,[M+NH4]+,5
409,frozen,open,4618,0.00021654395842355997,False,False,True,[M+NH4]+,5
410,fine_tuned,closed,526,0.0019011406844106464,False,False,False,[M+H]+,3
410,fine_tuned,open,4853,0.000206058108386565,False,False,False,[M+H]+,3
410,frozen,closed,501,0.001996007984031936,False,False,False,[M+H]+,3
410,frozen,open,5242,0.00019076688286913393,False,False,False,[M+H]+,3
412,fine_tuned,closed,30,0.03333333333333333,False,False,True,[M+H]+,2
412,fine_tuned,open,121,0.008264462809917356,False,False,True,[M+H]+,2
412,frozen,closed,127,0.007874015748031496,False,False,True,[M+H]+,2
412,frozen,open,2769,0.00036114120621162876,False,False,True,[M+H]+,2
414,fine_tuned,closed,1,1.0,True,True,True,[M+H]+,2
414,fine_tuned,open,2,0.5,False,True,True,[M+H]+,2
414,frozen,closed,2,0.5,False,True,True,[M+H]+,2
414,frozen,open,5,0.2,False,True,True,[M+H]+,2
415,fine_tuned,closed,4,0.25,False,True,True,[M+Na]+,29
415,fine_tuned,open,7,0.14285714285714285,False,False,True,[M+Na]+,29
415,frozen,closed,17,0.058823529411764705,False,False,True,[M+Na]+,29
415,frozen,open,950,0.0010526315789473684,False,False,True,[M+Na]+,29
416,fine_tuned,closed,157,0.006369426751592357,False,False,True,[M-2H2O+H]+,7
416,fine_tuned,open,2860,0.00034965034965034965,False,False,True,[M-2H2O+H]+,7
416,frozen,closed,183,0.00546448087431694,False,False,True,[M-2H2O+H]+,7
416,frozen,open,2251,0.000444247001332741,False,False,True,[M-2H2O+H]+,7
417,fine_tuned,closed,21,0.047619047619047616,False,False,True,[M-2H2O+H]+,3
417,fine_tuned,open,165,0.006060606060606061,False,False,True,[M-2H2O+H]+,3
417,frozen,closed,20,0.05,False,False,True,[M-2H2O+H]+,3
417,frozen,open,470,0.002127659574468085,False,False,True,[M-2H2O+H]+,3
419,fine_tuned,closed,417,0.002398081534772182,False,False,True,[M+Na]+,11
419,fine_tuned,open,5045,0.00019821605550049553,False,False,True,[M+Na]+,11
419,frozen,closed,336,0.002976190476190476,False,False,True,[M+Na]+,11
419,frozen,open,3817,0.00026198585276395077,False,False,True,[M+Na]+,11
420,fine_tuned,closed,2,0.5,False,True,True,[M+Na]+,1
420,fine_tuned,open,43,0.023255813953488372,False,False,True,[M+Na]+,1
420,frozen,closed,5,0.2,False,True,True,[M+Na]+,1
420,frozen,open,661,0.0015128593040847202,False,False,True,[M+Na]+,1
421,fine_tuned,closed,9,0.1111111111111111,False,False,True,[M-NH3+H]+,1
421,fine_tuned,open,615,0.0016260162601626016,False,False,True,[M-NH3+H]+,1
421,frozen,closed,8,0.125,False,False,True,[M-NH3+H]+,1
421,frozen,open,774,0.0012919896640826874,False,False,True,[M-NH3+H]+,1
422,fine_tuned,closed,2,0.5,False,True,True,[M+H]+,54
422,fine_tuned,open,2,0.5,False,True,True,[M+H]+,54
422,frozen,closed,1,1.0,True,True,True,[M+H]+,54
422,frozen,open,309,0.003236245954692557,False,False,True,[M+H]+,54
423,fine_tuned,closed,18,0.05555555555555555,False,False,True,[M-2H2O+H]+,1
423,fine_tuned,open,862,0.001160092807424594,False,False,True,[M-2H2O+H]+,1
423,frozen,closed,25,0.04,False,False,True,[M-2H2O+H]+,1
423,frozen,open,1906,0.0005246589716684155,False,False,True,[M-2H2O+H]+,1
424,fine_tuned,closed,1,1.0,True,True,True,[M-2H2O+H]+,1
424,fine_tuned,open,45,0.022222222222222223,False,False,True,[M-2H2O+H]+,1
424,frozen,closed,205,0.004878048780487805,False,False,True,[M-2H2O+H]+,1
424,frozen,open,742,0.0013477088948787063,False,False,True,[M-2H2O+H]+,1
425,fine_tuned,closed,1,1.0,True,True,True,[M+H]+,10
425,fine_tuned,open,1,1.0,True,True,True,[M+H]+,10
425,frozen,closed,1,1.0,True,True,True,[M+H]+,10
425,frozen,open,1,1.0,True,True,True,[M+H]+,10
426,fine_tuned,closed,1,1.0,True,True,True,[M+H]+,5
426,fine_tuned,open,1,1.0,True,True,True,[M+H]+,5
426,frozen,closed,6,0.16666666666666666,False,False,True,[M+H]+,5
426,frozen,open,6,0.16666666666666666,False,False,True,[M+H]+,5
427,fine_tuned,closed,1,1.0,True,True,True,[M+NH4]+,8
427,fine_tuned,open,1,1.0,True,True,True,[M+NH4]+,8
427,frozen,closed,2,0.5,False,True,True,[M+NH4]+,8
427,frozen,open,2,0.5,False,True,True,[M+NH4]+,8
428,fine_tuned,closed,21,0.047619047619047616,False,False,True,[M+NH4]+,9
428,fine_tuned,open,1343,0.0007446016381236039,False,False,True,[M+NH4]+,9
428,frozen,closed,92,0.010869565217391304,False,False,True,[M+NH4]+,9
428,frozen,open,1973,0.0005068423720223011,False,False,True,[M+NH4]+,9
429,fine_tuned,closed,2,0.5,False,True,True,[M-H2O+H]+,4
429,fine_tuned,open,2,0.5,False,True,True,[M-H2O+H]+,4
429,frozen,closed,327,0.0030581039755351682,False,False,True,[M-H2O+H]+,4
429,frozen,open,3747,0.0002668801708033093,False,False,True,[M-H2O+H]+,4
430,fine_tuned,closed,44,0.022727272727272728,False,False,True,[M-NH3+H]+,5
430,fine_tuned,open,292,0.003424657534246575,False,False,True,[M-NH3+H]+,5
430,frozen,closed,272,0.003676470588235294,False,False,True,[M-NH3+H]+,5
430,frozen,open,2830,0.00035335689045936394,False,False,True,[M-NH3+H]+,5
431,fine_tuned,closed,3,0.3333333333333333,False,True,True,[M+H]+,4
431,fine_tuned,open,3,0.3333333333333333,False,True,True,[M+H]+,4
431,frozen,closed,131,0.007633587786259542,False,False,True,[M+H]+,4
431,frozen,open,735,0.0013605442176870747,False,False,True,[M+H]+,4
432,fine_tuned,closed,607,0.0016474464579901153,False,False,False,[M+NH4]+,2
432,fine_tuned,open,5938,0.0001684068710003368,False,False,False,[M+NH4]+,2
432,frozen,closed,436,0.0022935779816513763,False,False,False,[M+NH4]+,2
432,frozen,open,3189,0.00031357792411414236,False,False,False,[M+NH4]+,2
433,fine_tuned,closed,48,0.020833333333333332,False,False,False,[M-H2O+H]+,2
433,fine_tuned,open,267,0.003745318352059925,False,False,False,[M-H2O+H]+,2
433,frozen,closed,132,0.007575757575757576,False,False,False,[M-H2O+H]+,2
433,frozen,open,3755,0.0002663115845539281,False,False,False,[M-H2O+H]+,2
434,fine_tuned,closed,33,0.030303030303030304,False,False,False,[M-H2O+H]+,2
434,fine_tuned,open,79,0.012658227848101266,False,False,False,[M-H2O+H]+,2
434,frozen,closed,456,0.0021929824561403508,False,False,False,[M-H2O+H]+,2
434,frozen,open,3324,0.00030084235860409147,False,False,False,[M-H2O+H]+,2
435,fine_tuned,closed,6,0.16666666666666666,False,False,False,[M-H2O+H]+,3
435,fine_tuned,open,6,0.16666666666666666,False,False,False,[M-H2O+H]+,3
435,frozen,closed,539,0.0018552875695732839,False,False,False,[M-H2O+H]+,3
435,frozen,open,5709,0.00017516202487300754,False,False,False,[M-H2O+H]+,3
436,fine_tuned,closed,1,1.0,True,True,True,[M+H]+,6
436,fine_tuned,open,1,1.0,True,True,True,[M+H]+,6
436,frozen,closed,157,0.006369426751592357,False,False,True,[M+H]+,6
436,frozen,open,1485,0.0006734006734006734,False,False,True,[M+H]+,6
437,fine_tuned,closed,2,0.5,False,True,True,[M+H]+,3
437,fine_tuned,open,2,0.5,False,True,True,[M+H]+,3
437,frozen,closed,23,0.043478260869565216,False,False,True,[M+H]+,3
437,frozen,open,341,0.002932551319648094,False,False,True,[M+H]+,3
438,fine_tuned,closed,1,1.0,True,True,True,[M+H]+,8
438,fine_tuned,open,1,1.0,True,True,True,[M+H]+,8
438,frozen,closed,37,0.02702702702702703,False,False,True,[M+H]+,8
438,frozen,open,189,0.005291005291005291,False,False,True,[M+H]+,8
439,fine_tuned,closed,1,1.0,True,True,True,[M+H]+,14
439,fine_tuned,open,1,1.0,True,True,True,[M+H]+,14
439,frozen,closed,24,0.041666666666666664,False,False,True,[M+H]+,14
439,frozen,open,317,0.0031545741324921135,False,False,True,[M+H]+,14
440,fine_tuned,closed,3,0.3333333333333333,False,True,True,[M+Na]+,8
440,fine_tuned,open,9,0.1111111111111111,False,False,True,[M+Na]+,8
440,frozen,closed,523,0.0019120458891013384,False,False,True,[M+Na]+,8
440,frozen,open,4489,0.00022276676319893073,False,False,True,[M+Na]+,8
442,fine_tuned,closed,2,0.5,False,True,True,[M-NH3+H]+,10
442,fine_tuned,open,17,0.058823529411764705,False,False,True,[M-NH3+H]+,10
442,frozen,closed,5,0.2,False,True,True,[M-NH3+H]+,10
442,frozen,open,247,0.004048582995951417,False,False,True,[M-NH3+H]+,10
444,fine_tuned,closed,20,0.05,False,False,True,[M+NH4]+,8
444,fine_tuned,open,1377,0.0007262164124909223,False,False,True,[M+NH4]+,8
444,frozen,closed,238,0.004201680672268907,False,False,True,[M+NH4]+,8
444,frozen,open,4991,0.0002003606491685033,False,False,True,[M+NH4]+,8
446,fine_tuned,closed,1,1.0,True,True,True,[M+H]+,10
446,fine_tuned,open,1,1.0,True,True,True,[M+H]+,10
446,frozen,closed,56,0.017857142857142856,False,False,True,[M+H]+,10
446,frozen,open,1506,0.0006640106241699867,False,False,True,[M+H]+,10
447,fine_tuned,closed,13,0.07692307692307693,False,False,True,[M+H]+,6
447,fine_tuned,open,34,0.029411764705882353,False,False,True,[M+H]+,6
447,frozen,closed,197,0.005076142131979695,False,False,True,[M+H]+,6
447,frozen,open,3679,0.0002718129926610492,False,False,True,[M+H]+,6
448,fine_tuned,closed,31,0.03225806451612903,False,False,True,[M-H2O+H]+,5
448,fine_tuned,open,144,0.006944444444444444,False,False,True,[M-H2O+H]+,5
448,frozen,closed,552,0.0018115942028985507,False,False,True,[M-H2O+H]+,5
448,frozen,open,5889,0.00016980811682798438,False,False,True,[M-H2O+H]+,5
449,fine_tuned,closed,2,0.5,False,True,True,[M+H]+,5
449,fine_tuned,open,2,0.5,False,True,True,[M+H]+,5
449,frozen,closed,90,0.011111111111111112,False,False,True,[M+H]+,5
449,frozen,open,2069,0.0004833252779120348,False,False,True,[M+H]+,5
451,fine_tuned,closed,18,0.05555555555555555,False,False,True,[M-H2O+H]+,1
451,fine_tuned,open,113,0.008849557522123894,False,False,True,[M-H2O+H]+,1
451,frozen,closed,601,0.0016638935108153079,False,False,True,[M-H2O+H]+,1
451,frozen,open,5684,0.00017593244194229416,False,False,True,[M-H2O+H]+,1
453,fine_tuned,closed,4,0.25,False,True,False,[M-2H2O+H]+,1
453,fine_tuned,open,5,0.2,False,True,False,[M-2H2O+H]+,1
453,frozen,closed,520,0.0019230769230769232,False,False,False,[M-2H2O+H]+,1
453,frozen,open,4527,0.0002208968411751712,False,False,False,[M-2H2O+H]+,1
454,fine_tuned,closed,538,0.0018587360594795538,False,False,False,[M-H2O+H]+,2
454,fine_tuned,open,4776,0.00020938023450586265,False,False,False,[M-H2O+H]+,2
454,frozen,closed,272,0.003676470588235294,False,False,False,[M-H2O+H]+,2
454,frozen,open,5059,0.000197667523225934,False,False,False,[M-H2O+H]+,2
455,fine_tuned,closed,3,0.3333333333333333,False,True,True,[M-H2O+H]+,2
455,fine_tuned,open,3,0.3333333333333333,False,True,True,[M-H2O+H]+,2
455,frozen,closed,554,0.0018050541516245488,False,False,True,[M-H2O+H]+,2
455,frozen,open,4791,0.0002087246921310791,False,False,True,[M-H2O+H]+,2
456,fine_tuned,closed,621,0.001610305958132045,False,False,False,[M-NH3+H]+,2
456,fine_tuned,open,6039,0.00016559032952475575,False,False,False,[M-NH3+H]+,2
456,frozen,closed,622,0.001607717041800643,False,False,False,[M-NH3+H]+,2
456,frozen,open,6161,0.00016231131309852296,False,False,False,[M-NH3+H]+,2
457,fine_tuned,closed,27,0.037037037037037035,False,False,True,[M-2H2O+H]+,3
457,fine_tuned,open,58,0.017241379310344827,False,False,True,[M-2H2O+H]+,3
457,frozen,closed,566,0.0017667844522968198,False,False,True,[M-2H2O+H]+,3
457,frozen,open,5061,0.00019758940920766647,False,False,True,[M-2H2O+H]+,3
458,fine_tuned,closed,11,0.09090909090909091,False,False,True,[M-H2O+H]+,3
458,fine_tuned,open,13,0.07692307692307693,False,False,True,[M-H2O+H]+,3
458,frozen,closed,296,0.0033783783783783786,False,False,True,[M-H2O+H]+,3
458,frozen,open,5453,0.00018338529249954154,False,False,True,[M-H2O+H]+,3
459,fine_tuned,closed,220,0.004545454545454545,False,False,False,[M+H]+,1
459,fine_tuned,open,3362,0.000297441998810232,False,False,False,[M+H]+,1
459,frozen,closed,64,0.015625,False,False,False,[M+H]+,1
459,frozen,open,1863,0.0005367686527106817,False,False,False,[M+H]+,1
461,fine_tuned,closed,1,1.0,True,True,True,[M-H2O+H]+,3
461,fine_tuned,open,1,1.0,True,True,True,[M-H2O+H]+,3
461,frozen,closed,589,0.001697792869269949,False,False,True,[M-H2O+H]+,3
461,frozen,open,5579,0.0001792435920415845,False,False,True,[M-H2O+H]+,3
462,fine_tuned,closed,1,1.0,True,True,True,[M+H]+,3
462,fine_tuned,open,1,1.0,True,True,True,[M+H]+,3
462,frozen,closed,35,0.02857142857142857,False,False,True,[M+H]+,3
462,frozen,open,354,0.002824858757062147,False,False,True,[M+H]+,3
463,fine_tuned,closed,1,1.0,True,True,True,[M+H]+,1
463,fine_tuned,open,1,1.0,True,True,True,[M+H]+,1
463,frozen,closed,118,0.00847457627118644,False,False,True,[M+H]+,1
463,frozen,open,2087,0.0004791566842357451,False,False,True,[M+H]+,1
464,fine_tuned,closed,487,0.002053388090349076,False,False,True,[M+NH4]+,1
464,fine_tuned,open,5343,0.00018716077110237696,False,False,True,[M+NH4]+,1
464,frozen,closed,509,0.0019646365422396855,False,False,True,[M+NH4]+,1
464,frozen,open,5889,0.00016980811682798438,False,False,True,[M+NH4]+,1
465,fine_tuned,closed,44,0.022727272727272728,False,False,True,[M-H2O+H]+,2
465,fine_tuned,open,583,0.0017152658662092624,False,False,True,[M-H2O+H]+,2
465,frozen,closed,215,0.004651162790697674,False,False,True,[M-H2O+H]+,2
465,frozen,open,2716,0.0003681885125184094,False,False,True,[M-H2O+H]+,2
466,fine_tuned,closed,1,1.0,True,True,True,[M+H]+,3
466,fine_tuned,open,1,1.0,True,True,True,[M+H]+,3
466,frozen,closed,309,0.003236245954692557,False,False,True,[M+H]+,3
466,frozen,open,1850,0.0005405405405405405,False,False,True,[M+H]+,3
467,fine_tuned,closed,2,0.5,False,True,True,[M+Na]+,3
467,fine_tuned,open,2,0.5,False,True,True,[M+Na]+,3
467,frozen,closed,74,0.013513513513513514,False,False,True,[M+Na]+,3
467,frozen,open,1562,0.0006402048655569782,False,False,True,[M+Na]+,3
469,fine_tuned,closed,43,0.023255813953488372,False,False,False,[M-NH3+H]+,3
469,fine_tuned,open,745,0.0013422818791946308,False,False,False,[M-NH3+H]+,3
469,frozen,closed,145,0.006896551724137931,False,False,False,[M-NH3+H]+,3
469,frozen,open,1900,0.0005263157894736842,False,False,False,[M-NH3+H]+,3
470,fine_tuned,closed,16,0.0625,False,False,False,[M+H]+,4
470,fine_tuned,open,355,0.0028169014084507044,False,False,False,[M+H]+,4
470,frozen,closed,12,0.08333333333333333,False,False,False,[M+H]+,4
470,frozen,open,16,0.0625,False,False,False,[M+H]+,4
471,fine_tuned,closed,27,0.037037037037037035,False,False,True,[M-H2O+H]+,2
471,fine_tuned,open,806,0.0012406947890818859,False,False,True,[M-H2O+H]+,2
471,frozen,closed,295,0.003389830508474576,False,False,True,[M-H2O+H]+,2
471,frozen,open,1067,0.0009372071227741331,False,False,True,[M-H2O+H]+,2
472,fine_tuned,closed,14,0.07142857142857142,False,False,False,[M+Na]+,1
472,fine_tuned,open,777,0.001287001287001287,False,False,False,[M+Na]+,1
472,frozen,closed,33,0.030303030303030304,False,False,False,[M+Na]+,1
472,frozen,open,1815,0.0005509641873278236,False,False,False,[M+Na]+,1
473,fine_tuned,closed,90,0.011111111111111112,False,False,True,[M+H]+,4
473,fine_tuned,open,2649,0.00037750094375235937,False,False,True,[M+H]+,4
473,frozen,closed,19,0.05263157894736842,False,False,True,[M+H]+,4
473,frozen,open,1134,0.0008818342151675485,False,False,True,[M+H]+,4
474,fine_tuned,closed,94,0.010638297872340425,False,False,True,[M+H]+,3
474,fine_tuned,open,2461,0.0004063388866314506,False,False,True,[M+H]+,3
474,frozen,closed,191,0.005235602094240838,False,False,True,[M+H]+,3
474,frozen,open,3587,0.00027878449958182325,False,False,True,[M+H]+,3
475,fine_tuned,closed,23,0.043478260869565216,False,False,True,[M+H]+,3
475,fine_tuned,open,37,0.02702702702702703,False,False,True,[M+H]+,3
475,frozen,closed,526,0.0019011406844106464,False,False,True,[M+H]+,3
475,frozen,open,5863,0.00017056114617090227,False,False,True,[M+H]+,3
476,fine_tuned,closed,2,0.5,False,True,True,[M-NH3+H]+,7
476,fine_tuned,open,2,0.5,False,True,True,[M-NH3+H]+,7
476,frozen,closed,387,0.002583979328165375,False,False,True,[M-NH3+H]+,7
476,frozen,open,4068,0.0002458210422812193,False,False,True,[M-NH3+H]+,7
477,fine_tuned,closed,2,0.5,False,True,True,[M-NH3+H]+,3
477,fine_tuned,open,2,0.5,False,True,True,[M-NH3+H]+,3
477,frozen,closed,158,0.006329113924050633,False,False,True,[M-NH3+H]+,3
477,frozen,open,1268,0.0007886435331230284,False,False,True,[M-NH3+H]+,3
478,fine_tuned,closed,1,1.0,True,True,True,[M+H]+,5
478,fine_tuned,open,1,1.0,True,True,True,[M+H]+,5
478,frozen,closed,293,0.0034129692832764505,False,False,True,[M+H]+,5
478,frozen,open,2851,0.00035075412136092597,False,False,True,[M+H]+,5
479,fine_tuned,closed,1,1.0,True,True,True,[M+H]+,12
479,fine_tuned,open,1,1.0,True,True,True,[M+H]+,12
479,frozen,closed,81,0.012345679012345678,False,False,True,[M+H]+,12
479,frozen,open,81,0.012345679012345678,False,False,True,[M+H]+,12
480,fine_tuned,closed,293,0.0034129692832764505,False,False,False,[M+H]+,6
480,fine_tuned,open,3357,0.0002978850163836759,False,False,False,[M+H]+,6
480,frozen,closed,152,0.006578947368421052,False,False,False,[M+H]+,6
480,frozen,open,2346,0.00042625745950554135,False,False,False,[M+H]+,6
482,fine_tuned,closed,11,0.09090909090909091,False,False,True,[M-H2O+H]+,4
482,fine_tuned,open,15,0.06666666666666667,False,False,True,[M-H2O+H]+,4
482,frozen,closed,65,0.015384615384615385,False,False,True,[M-H2O+H]+,4
482,frozen,open,1799,0.0005558643690939411,False,False,True,[M-H2O+H]+,4
483,fine_tuned,closed,15,0.06666666666666667,False,False,True,[M-H2O+H]+,2
483,fine_tuned,open,21,0.047619047619047616,False,False,True,[M-H2O+H]+,2
483,frozen,closed,101,0.009900990099009901,False,False,True,[M-H2O+H]+,2
483,frozen,open,2834,0.00035285815102328866,False,False,True,[M-H2O+H]+,2
484,fine_tuned,closed,9,0.1111111111111111,False,False,False,[M+H]+,3
484,fine_tuned,open,36,0.027777777777777776,False,False,False,[M+H]+,3
484,frozen,closed,83,0.012048192771084338,False,False,False,[M+H]+,3
484,frozen,open,1959,0.0005104645227156713,False,False,False,[M+H]+,3
485,fine_tuned,closed,626,0.001597444089456869,False,False,False,[M-H2O+H]+,3
485,fine_tuned,open,6098,0.00016398819285011479,False,False,False,[M-H2O+H]+,3
485,frozen,closed,625,0.0016,False,False,False,[M-H2O+H]+,3
485,frozen,open,6136,0.00016297262059973924,False,False,False,[M-H2O+H]+,3
486,fine_tuned,closed,144,0.006944444444444444,False,False,True,[M+H]+,9
486,fine_tuned,open,1501,0.0006662225183211193,False,False,True,[M+H]+,9
486,frozen,closed,400,0.0025,False,False,True,[M+H]+,9
486,frozen,open,3048,0.00032808398950131233,False,False,True,[M+H]+,9
487,fine_tuned,closed,2,0.5,False,True,True,[M+H]+,3
487,fine_tuned,open,2,0.5,False,True,True,[M+H]+,3
487,frozen,closed,4,0.25,False,True,True,[M+H]+,3
487,frozen,open,21,0.047619047619047616,False,False,True,[M+H]+,3
488,fine_tuned,closed,14,0.07142857142857142,False,False,False,[M+H]+,4
488,fine_tuned,open,41,0.024390243902439025,False,False,False,[M+H]+,4
488,frozen,closed,26,0.038461538461538464,False,False,False,[M+H]+,4
488,frozen,open,1047,0.0009551098376313276,False,False,False,[M+H]+,4
489,fine_tuned,closed,161,0.006211180124223602,False,False,False,[M-NH3+H]+,3
489,fine_tuned,open,2000,0.0005,False,False,False,[M-NH3+H]+,3
489,frozen,closed,79,0.012658227848101266,False,False,False,[M-NH3+H]+,3
489,frozen,open,1673,0.0005977286312014345,False,False,False,[M-NH3+H]+,3
490,fine_tuned,closed,167,0.005988023952095809,False,False,False,[M+Na]+,2
490,fine_tuned,open,3283,0.0003045994517209869,False,False,False,[M+Na]+,2
490,frozen,closed,30,0.03333333333333333,False,False,False,[M+Na]+,2
490,frozen,open,1276,0.0007836990595611285,False,False,False,[M+Na]+,2
491,fine_tuned,closed,5,0.2,False,True,True,[M+H]+,2
491,fine_tuned,open,5,0.2,False,True,True,[M+H]+,2
491,frozen,closed,3,0.3333333333333333,False,True,True,[M+H]+,2
491,frozen,open,4,0.25,False,True,True,[M+H]+,2
492,fine_tuned,closed,304,0.003289473684210526,False,False,False,[M+H]+,6
492,fine_tuned,open,1021,0.0009794319294809011,False,False,False,[M+H]+,6
492,frozen,closed,43,0.023255813953488372,False,False,False,[M+H]+,6
492,frozen,open,1060,0.0009433962264150943,False,False,False,[M+H]+,6
493,fine_tuned,closed,19,0.05263157894736842,False,False,False,[M+NH4]+,7
493,fine_tuned,open,1123,0.0008904719501335708,False,False,False,[M+NH4]+,7
493,frozen,closed,43,0.023255813953488372,False,False,False,[M+NH4]+,7
493,frozen,open,1114,0.0008976660682226212,False,False,False,[M+NH4]+,7
494,fine_tuned,closed,4,0.25,False,True,False,[M+H]+,6
494,fine_tuned,open,19,0.05263157894736842,False,False,False,[M+H]+,6
494,frozen,closed,3,0.3333333333333333,False,True,False,[M+H]+,6
494,frozen,open,204,0.004901960784313725,False,False,False,[M+H]+,6
495,fine_tuned,closed,376,0.0026595744680851063,False,False,False,[M+Na]+,1
495,fine_tuned,open,2245,0.00044543429844097997,False,False,False,[M+Na]+,1
495,frozen,closed,25,0.04,False,False,False,[M+Na]+,1
495,frozen,open,1133,0.00088261253309797,False,False,False,[M+Na]+,1
496,fine_tuned,closed,11,0.09090909090909091,False,False,False,[M+H]+,4
496,fine_tuned,open,193,0.0051813471502590676,False,False,False,[M+H]+,4
496,frozen,closed,12,0.08333333333333333,False,False,False,[M+H]+,4
496,frozen,open,242,0.004132231404958678,False,False,False,[M+H]+,4
497,fine_tuned,closed,13,0.07692307692307693,False,False,False,[M+H]+,1
497,fine_tuned,open,561,0.0017825311942959,False,False,False,[M+H]+,1
497,frozen,closed,7,0.14285714285714285,False,False,False,[M+H]+,1
497,frozen,open,170,0.0058823529411764705,False,False,False,[M+H]+,1
498,fine_tuned,closed,2,0.5,False,True,True,[M+Na]+,1
498,fine_tuned,open,46,0.021739130434782608,False,False,True,[M+Na]+,1
498,frozen,closed,379,0.002638522427440633,False,False,True,[M+Na]+,1
498,frozen,open,1871,0.0005344735435595938,False,False,True,[M+Na]+,1
499,fine_tuned,closed,1,1.0,True,True,True,[M+H]+,3
499,fine_tuned,open,1,1.0,True,True,True,[M+H]+,3
499,frozen,closed,547,0.0018281535648994515,False,False,True,[M+H]+,3
499,frozen,open,4579,0.00021838829438742082,False,False,True,[M+H]+,3
500,fine_tuned,closed,212,0.0047169811320754715,False,False,False,[M-NH3+H]+,2
500,fine_tuned,open,336,0.002976190476190476,False,False,False,[M-NH3+H]+,2
500,frozen,closed,259,0.003861003861003861,False,False,False,[M-NH3+H]+,2
500,frozen,open,727,0.001375515818431912,False,False,False,[M-NH3+H]+,2
501,fine_tuned,closed,278,0.0035971223021582736,False,False,False,[M-NH3+H]+,1
501,fine_tuned,open,1260,0.0007936507936507937,False,False,False,[M-NH3+H]+,1
501,frozen,closed,111,0.009009009009009009,False,False,False,[M-NH3+H]+,1
501,frozen,open,324,0.0030864197530864196,False,False,False,[M-NH3+H]+,1
502,fine_tuned,closed,136,0.007352941176470588,False,False,False,[M+H]+,2
502,fine_tuned,open,136,0.007352941176470588,False,False,False,[M+H]+,2
502,frozen,closed,110,0.00909090909090909,False,False,False,[M+H]+,2
502,frozen,open,403,0.0024813895781637717,False,False,False,[M+H]+,2
504,fine_tuned,closed,216,0.004629629629629629,False,False,True,[M+H]+,2
504,fine_tuned,open,219,0.0045662100456621,False,False,True,[M+H]+,2
504,frozen,closed,304,0.003289473684210526,False,False,True,[M+H]+,2
504,frozen,open,1164,0.000859106529209622,False,False,True,[M+H]+,2
505,fine_tuned,closed,83,0.012048192771084338,False,False,False,[M-H2O+H]+,1
505,fine_tuned,open,719,0.0013908205841446453,False,False,False,[M-H2O+H]+,1
505,frozen,closed,69,0.014492753623188406,False,False,False,[M-H2O+H]+,1
505,frozen,open,300,0.0033333333333333335,False,False,False,[M-H2O+H]+,1
508,fine_tuned,closed,257,0.0038910505836575876,False,False,False,[M+H]+,4
508,fine_tuned,open,1785,0.0005602240896358543,False,False,False,[M+H]+,4
508,frozen,closed,410,0.0024390243902439024,False,False,False,[M+H]+,4
508,frozen,open,3913,0.0002555583950932788,False,False,False,[M+H]+,4
509,fine_tuned,closed,409,0.0024449877750611247,False,False,True,[M+NH4]+,1
509,fine_tuned,open,4313,0.00023185717597959656,False,False,True,[M+NH4]+,1
509,frozen,closed,307,0.003257328990228013,False,False,True,[M+NH4]+,1
509,frozen,open,1197,0.000835421888053467,False,False,True,[M+NH4]+,1
510,fine_tuned,closed,421,0.0023752969121140144,False,False,True,[M+Na]+,2
510,fine_tuned,open,4359,0.00022941041523285156,False,False,True,[M+Na]+,2
510,frozen,closed,427,0.00234192037470726,False,False,True,[M+Na]+,2
510,frozen,open,4550,0.00021978021978021978,False,False,True,[M+Na]+,2
511,fine_tuned,closed,260,0.0038461538461538464,False,False,False,[M-2H2O+H]+,2
511,fine_tuned,open,3286,0.00030432136335970786,False,False,False,[M-2H2O+H]+,2
511,frozen,closed,254,0.003937007874015748,False,False,False,[M-2H2O+H]+,2
511,frozen,open,3677,0.0002719608376393799,False,False,False,[M-2H2O+H]+,2
512,fine_tuned,closed,120,0.008333333333333333,False,False,True,[M-H2O+H]+,3
512,fine_tuned,open,230,0.004347826086956522,False,False,True,[M-H2O+H]+,3
512,frozen,closed,145,0.006896551724137931,False,False,True,[M-H2O+H]+,3
512,frozen,open,413,0.002421307506053269,False,False,True,[M-H2O+H]+,3
513,fine_tuned,closed,62,0.016129032258064516,False,False,False,[M-NH3+H]+,2
513,fine_tuned,open,74,0.013513513513513514,False,False,False,[M-NH3+H]+,2
513,frozen,closed,467,0.0021413276231263384,False,False,False,[M-NH3+H]+,2
513,frozen,open,4771,0.00020959966464053657,False,False,False,[M-NH3+H]+,2
514,fine_tuned,closed,55,0.01818181818181818,False,False,False,[M-H2O+H]+,2
514,fine_tuned,open,64,0.015625,False,False,False,[M-H2O+H]+,2
514,frozen,closed,472,0.00211864406779661,False,False,False,[M-H2O+H]+,2
514,frozen,open,4825,0.0002072538860103627,False,False,False,[M-H2O+H]+,2
515,fine_tuned,closed,146,0.00684931506849315,False,False,True,[M+H]+,5
515,fine_tuned,open,146,0.00684931506849315,False,False,True,[M+H]+,5
515,frozen,closed,282,0.0035460992907801418,False,False,True,[M+H]+,5
515,frozen,open,492,0.0020325203252032522,False,False,True,[M+H]+,5
516,fine_tuned,closed,420,0.002380952380952381,False,False,False,[M-2H2O+H]+,2
516,fine_tuned,open,3365,0.00029717682020802375,False,False,False,[M-2H2O+H]+,2
516,frozen,closed,286,0.0034965034965034965,False,False,False,[M-2H2O+H]+,2
516,frozen,open,2058,0.00048590864917395527,False,False,False,[M-2H2O+H]+,2
517,fine_tuned,closed,235,0.00425531914893617,False,False,False,[M+H]+,7
517,fine_tuned,open,243,0.00411522633744856,False,False,False,[M+H]+,7
517,frozen,closed,179,0.00558659217877095,False,False,False,[M+H]+,7
517,frozen,open,179,0.00558659217877095,False,False,False,[M+H]+,7
518,fine_tuned,closed,164,0.006097560975609756,False,False,False,[M+NH4]+,2
518,fine_tuned,open,1212,0.0008250825082508251,False,False,False,[M+NH4]+,2
518,frozen,closed,265,0.0037735849056603774,False,False,False,[M+NH4]+,2
518,frozen,open,4144,0.00024131274131274132,False,False,False,[M+NH4]+,2
519,fine_tuned,closed,139,0.007194244604316547,False,False,True,[M-H2O+H]+,1
519,fine_tuned,open,230,0.004347826086956522,False,False,True,[M-H2O+H]+,1
519,frozen,closed,465,0.002150537634408602,False,False,True,[M-H2O+H]+,1
519,frozen,open,5900,0.00016949152542372882,False,False,True,[M-H2O+H]+,1
520,fine_tuned,closed,232,0.004310344827586207,False,False,True,[M-NH3+H]+,2
520,fine_tuned,open,1435,0.0006968641114982578,False,False,True,[M-NH3+H]+,2
520,frozen,closed,366,0.00273224043715847,False,False,True,[M-NH3+H]+,2
520,frozen,open,4129,0.0002421893921046258,False,False,True,[M-NH3+H]+,2
521,fine_tuned,closed,77,0.012987012987012988,False,False,True,[M-NH3+H]+,1
521,fine_tuned,open,81,0.012345679012345678,False,False,True,[M-NH3+H]+,1
521,frozen,closed,244,0.004098360655737705,False,False,True,[M-NH3+H]+,1
521,frozen,open,2391,0.0004182350480970305,False,False,True,[M-NH3+H]+,1
522,fine_tuned,closed,232,0.004310344827586207,False,False,False,[M-H2O+H]+,2
522,fine_tuned,open,1435,0.0006968641114982578,False,False,False,[M-H2O+H]+,2
522,frozen,closed,366,0.00273224043715847,False,False,False,[M-H2O+H]+,2
522,frozen,open,4129,0.0002421893921046258,False,False,False,[M-H2O+H]+,2
523,fine_tuned,closed,77,0.012987012987012988,False,False,False,[M-H2O+H]+,1
523,fine_tuned,open,81,0.012345679012345678,False,False,False,[M-H2O+H]+,1
523,frozen,closed,244,0.004098360655737705,False,False,False,[M-H2O+H]+,1
523,frozen,open,2391,0.0004182350480970305,False,False,False,[M-H2O+H]+,1
525,fine_tuned,closed,17,0.058823529411764705,False,False,True,[M+H]+,6
525,fine_tuned,open,17,0.058823529411764705,False,False,True,[M+H]+,6
525,frozen,closed,161,0.006211180124223602,False,False,True,[M+H]+,6
525,frozen,open,230,0.004347826086956522,False,False,True,[M+H]+,6
526,fine_tuned,closed,228,0.0043859649122807015,False,False,False,[M+H]+,8
526,fine_tuned,open,1138,0.0008787346221441124,False,False,False,[M+H]+,8
526,frozen,closed,118,0.00847457627118644,False,False,False,[M+H]+,8
526,frozen,open,865,0.0011560693641618498,False,False,False,[M+H]+,8
527,fine_tuned,closed,169,0.005917159763313609,False,False,False,[M+H]+,4
527,fine_tuned,open,223,0.004484304932735426,False,False,False,[M+H]+,4
527,frozen,closed,140,0.007142857142857143,False,False,False,[M+H]+,4
527,frozen,open,174,0.005747126436781609,False,False,False,[M+H]+,4
528,fine_tuned,closed,452,0.0022123893805309734,False,False,False,[M+NH4]+,2
528,fine_tuned,open,5082,0.0001967729240456513,False,False,False,[M+NH4]+,2
528,frozen,closed,381,0.0026246719160104987,False,False,False,[M+NH4]+,2
528,frozen,open,5773,0.00017322016282695306,False,False,False,[M+NH4]+,2
529,fine_tuned,closed,195,0.005128205128205128,False,False,False,[M-H2O+H]+,1
529,fine_tuned,open,2372,0.00042158516020236085,False,False,False,[M-H2O+H]+,1
529,frozen,closed,370,0.002702702702702703,False,False,False,[M-H2O+H]+,1
529,frozen,open,2187,0.0004572473708276177,False,False,False,[M-H2O+H]+,1
531,fine_tuned,closed,457,0.002188183807439825,False,False,True,[M+Na]+,3
531,fine_tuned,open,3988,0.00025075225677031093,False,False,True,[M+Na]+,3
531,frozen,closed,471,0.0021231422505307855,False,False,True,[M+Na]+,3
531,frozen,open,4416,0.00022644927536231884,False,False,True,[M+Na]+,3
532,fine_tuned,closed,19,0.05263157894736842,False,False,True,[M+H]+,10
532,fine_tuned,open,19,0.05263157894736842,False,False,True,[M+H]+,10
532,frozen,closed,42,0.023809523809523808,False,False,True,[M+H]+,10
532,frozen,open,75,0.013333333333333334,False,False,True,[M+H]+,10
533,fine_tuned,closed,161,0.006211180124223602,False,False,True,[M+H]+,1
533,fine_tuned,open,550,0.0018181818181818182,False,False,True,[M+H]+,1
533,frozen,closed,223,0.004484304932735426,False,False,True,[M+H]+,1
533,frozen,open,2487,0.0004020908725371934,False,False,True,[M+H]+,1
534,fine_tuned,closed,188,0.005319148936170213,False,False,False,[M+H]+,6
534,fine_tuned,open,721,0.0013869625520110957,False,False,False,[M+H]+,6
534,frozen,closed,44,0.022727272727272728,False,False,False,[M+H]+,6
534,frozen,open,64,0.015625,False,False,False,[M+H]+,6
536,fine_tuned,closed,142,0.007042253521126761,False,False,True,[M-H2O+H]+,2
536,fine_tuned,open,1958,0.0005107252298263534,False,False,True,[M-H2O+H]+,2
536,frozen,closed,319,0.003134796238244514,False,False,True,[M-H2O+H]+,2
536,frozen,open,2010,0.0004975124378109452,False,False,True,[M-H2O+H]+,2
537,fine_tuned,closed,362,0.0027624309392265192,False,False,False,[M+H]+,16
537,fine_tuned,open,3397,0.00029437739181630853,False,False,False,[M+H]+,16
537,frozen,closed,232,0.004310344827586207,False,False,False,[M+H]+,16
537,frozen,open,2489,0.0004017677782241864,False,False,False,[M+H]+,16
538,fine_tuned,closed,222,0.0045045045045045045,False,False,False,[M+NH4]+,5
538,fine_tuned,open,1757,0.0005691519635742744,False,False,False,[M+NH4]+,5
538,frozen,closed,289,0.0034602076124567475,False,False,False,[M+NH4]+,5
538,frozen,open,3166,0.0003158559696778269,False,False,False,[M+NH4]+,5
539,fine_tuned,closed,352,0.002840909090909091,False,False,True,[M+Na]+,3
539,fine_tuned,open,2132,0.00046904315196998124,False,False,True,[M+Na]+,3
539,frozen,closed,411,0.0024330900243309003,False,False,True,[M+Na]+,3
539,frozen,open,4727,0.0002115506663845991,False,False,True,[M+Na]+,3
540,fine_tuned,closed,63,0.015873015873015872,False,False,False,[M+H]+,8
540,fine_tuned,open,532,0.0018796992481203006,False,False,False,[M+H]+,8
540,frozen,closed,125,0.008,False,False,False,[M+H]+,8
540,frozen,open,2027,0.000493339911198816,False,False,False,[M+H]+,8
541,fine_tuned,closed,312,0.003205128205128205,False,False,False,[M-H2O+H]+,3
541,fine_tuned,open,3638,0.0002748763056624519,False,False,False,[M-H2O+H]+,3
541,frozen,closed,427,0.00234192037470726,False,False,False,[M-H2O+H]+,3
541,frozen,open,5146,0.000194325689856199,False,False,False,[M-H2O+H]+,3
542,fine_tuned,closed,96,0.010416666666666666,False,False,False,[M-H2O+H]+,3
542,fine_tuned,open,96,0.010416666666666666,False,False,False,[M-H2O+H]+,3
542,frozen,closed,446,0.002242152466367713,False,False,False,[M-H2O+H]+,3
542,frozen,open,3820,0.0002617801047120419,False,False,False,[M-H2O+H]+,3
543,fine_tuned,closed,132,0.007575757575757576,False,False,False,[M-H2O+H]+,1
543,fine_tuned,open,2976,0.0003360215053763441,False,False,False,[M-H2O+H]+,1
543,frozen,closed,140,0.007142857142857143,False,False,False,[M-H2O+H]+,1
543,frozen,open,3665,0.00027285129604365623,False,False,False,[M-H2O+H]+,1
544,fine_tuned,closed,16,0.0625,False,False,True,[M+H]+,4
544,fine_tuned,open,30,0.03333333333333333,False,False,True,[M+H]+,4
544,frozen,closed,30,0.03333333333333333,False,False,True,[M+H]+,4
544,frozen,open,165,0.006060606060606061,False,False,True,[M+H]+,4
545,fine_tuned,closed,151,0.006622516556291391,False,False,False,[M+NH4]+,7
545,fine_tuned,open,714,0.0014005602240896359,False,False,False,[M+NH4]+,7
545,frozen,closed,53,0.018867924528301886,False,False,False,[M+NH4]+,7
545,frozen,open,1230,0.0008130081300813008,False,False,False,[M+NH4]+,7
546,fine_tuned,closed,83,0.012048192771084338,False,False,False,[M+Na]+,1
546,fine_tuned,open,149,0.006711409395973154,False,False,False,[M+Na]+,1
546,frozen,closed,88,0.011363636363636364,False,False,False,[M+Na]+,1
546,frozen,open,2214,0.00045167118337850043,False,False,False,[M+Na]+,1
547,fine_tuned,closed,277,0.0036101083032490976,False,False,False,[M+H]+,3
547,fine_tuned,open,3411,0.0002931691586045148,False,False,False,[M+H]+,3
547,frozen,closed,139,0.007194244604316547,False,False,False,[M+H]+,3
547,frozen,open,504,0.001984126984126984,False,False,False,[M+H]+,3
548,fine_tuned,closed,317,0.0031545741324921135,False,False,False,[M+Na]+,2
548,fine_tuned,open,3350,0.00029850746268656717,False,False,False,[M+Na]+,2
548,frozen,closed,92,0.010869565217391304,False,False,False,[M+Na]+,2
548,frozen,open,2018,0.0004955401387512388,False,False,False,[M+Na]+,2
550,fine_tuned,closed,47,0.02127659574468085,False,False,False,[M+H]+,10
550,fine_tuned,open,669,0.0014947683109118087,False,False,False,[M+H]+,10
550,frozen,closed,3,0.3333333333333333,False,True,False,[M+H]+,10
550,frozen,open,3,0.3333333333333333,False,True,False,[M+H]+,10
553,fine_tuned,closed,416,0.002403846153846154,False,False,False,[M-H2O+H]+,19
553,fine_tuned,open,3070,0.0003257328990228013,False,False,False,[M-H2O+H]+,19
553,frozen,closed,181,0.0055248618784530384,False,False,False,[M-H2O+H]+,19
553,frozen,open,1946,0.0005138746145940391,False,False,False,[M-H2O+H]+,19
554,fine_tuned,closed,39,0.02564102564102564,False,False,True,[M+Na]+,17
554,fine_tuned,open,96,0.010416666666666666,False,False,True,[M+Na]+,17
554,frozen,closed,370,0.002702702702702703,False,False,True,[M+Na]+,17
554,frozen,open,5009,0.00019964064683569574,False,False,True,[M+Na]+,17
555,fine_tuned,closed,83,0.012048192771084338,False,False,False,[M-NH3+H]+,17
555,fine_tuned,open,339,0.0029498525073746312,False,False,False,[M-NH3+H]+,17
555,frozen,closed,153,0.006535947712418301,False,False,False,[M-NH3+H]+,17
555,frozen,open,3780,0.00026455026455026457,False,False,False,[M-NH3+H]+,17
556,fine_tuned,closed,386,0.0025906735751295338,False,False,False,[M+Na]+,3
556,fine_tuned,open,4490,0.00022271714922048998,False,False,False,[M+Na]+,3
556,frozen,closed,289,0.0034602076124567475,False,False,False,[M+Na]+,3
556,frozen,open,3788,0.00026399155227032733,False,False,False,[M+Na]+,3
557,fine_tuned,closed,135,0.007407407407407408,False,False,False,[M+NH4]+,17
557,fine_tuned,open,2575,0.0003883495145631068,False,False,False,[M+NH4]+,17
557,frozen,closed,118,0.00847457627118644,False,False,False,[M+NH4]+,17
557,frozen,open,1589,0.0006293266205160479,False,False,False,[M+NH4]+,17
558,fine_tuned,closed,333,0.003003003003003003,False,False,False,[M+Na]+,3
558,fine_tuned,open,3867,0.0002585983966899405,False,False,False,[M+Na]+,3
558,frozen,closed,219,0.0045662100456621,False,False,False,[M+Na]+,3
558,frozen,open,4161,0.0002403268445085316,False,False,False,[M+Na]+,3
559,fine_tuned,closed,109,0.009174311926605505,False,False,False,[M+Na]+,1
559,fine_tuned,open,1821,0.0005491488193300384,False,False,False,[M+Na]+,1
559,frozen,closed,299,0.0033444816053511705,False,False,False,[M+Na]+,1
559,frozen,open,2630,0.00038022813688212925,False,False,False,[M+Na]+,1
560,fine_tuned,closed,116,0.008620689655172414,False,False,False,[M+H]+,13
560,fine_tuned,open,1422,0.0007032348804500703,False,False,False,[M+H]+,13
560,frozen,closed,80,0.0125,False,False,False,[M+H]+,13
560,frozen,open,1722,0.0005807200929152149,False,False,False,[M+H]+,13
561,fine_tuned,closed,448,0.002232142857142857,False,False,False,[M-H2O+H]+,1
561,fine_tuned,open,4502,0.0002221235006663705,False,False,False,[M-H2O+H]+,1
561,frozen,closed,395,0.002531645569620253,False,False,False,[M-H2O+H]+,1
561,frozen,open,3326,0.0003006614552014432,False,False,False,[M-H2O+H]+,1
562,fine_tuned,closed,370,0.002702702702702703,False,False,False,[M-NH3+H]+,2
562,fine_tuned,open,4279,0.00023369946249123628,False,False,False,[M-NH3+H]+,2
562,frozen,closed,244,0.004098360655737705,False,False,False,[M-NH3+H]+,2
562,frozen,open,2282,0.00043821209465381246,False,False,False,[M-NH3+H]+,2
563,fine_tuned,closed,183,0.00546448087431694,False,False,False,[M+NH4]+,4
563,fine_tuned,open,3511,0.0002848191398461977,False,False,False,[M+NH4]+,4
563,frozen,closed,120,0.008333333333333333,False,False,False,[M+NH4]+,4
563,frozen,open,2438,0.00041017227235438887,False,False,False,[M+NH4]+,4
565,fine_tuned,closed,414,0.0024154589371980675,False,False,False,[M+H]+,3
565,fine_tuned,open,4238,0.00023596035865974517,False,False,False,[M+H]+,3
565,frozen,closed,326,0.003067484662576687,False,False,False,[M+H]+,3
565,frozen,open,4708,0.00021240441801189465,False,False,False,[M+H]+,3
566,fine_tuned,closed,44,0.022727272727272728,False,False,True,[M-2H2O+H]+,1
566,fine_tuned,open,187,0.0053475935828877,False,False,True,[M-2H2O+H]+,1
566,frozen,closed,196,0.00510204081632653,False,False,True,[M-2H2O+H]+,1
566,frozen,open,819,0.001221001221001221,False,False,True,[M-2H2O+H]+,1
567,fine_tuned,closed,63,0.015873015873015872,False,False,True,[M-H2O+H]+,2
567,fine_tuned,open,64,0.015625,False,False,True,[M-H2O+H]+,2
567,frozen,closed,465,0.002150537634408602,False,False,True,[M-H2O+H]+,2
567,frozen,open,5945,0.0001682085786375105,False,False,True,[M-H2O+H]+,2
568,fine_tuned,closed,84,0.011904761904761904,False,False,True,[M-NH3+H]+,1
568,fine_tuned,open,993,0.0010070493454179255,False,False,True,[M-NH3+H]+,1
568,frozen,closed,440,0.0022727272727272726,False,False,True,[M-NH3+H]+,1
568,frozen,open,4387,0.00022794620469569182,False,False,True,[M-NH3+H]+,1
569,fine_tuned,closed,1,1.0,True,True,True,[M+H]+,5
569,fine_tuned,open,1,1.0,True,True,True,[M+H]+,5
569,frozen,closed,87,0.011494252873563218,False,False,True,[M+H]+,5
569,frozen,open,87,0.011494252873563218,False,False,True,[M+H]+,5
570,fine_tuned,closed,87,0.011494252873563218,False,False,False,[M+H]+,5
570,fine_tuned,open,1459,0.0006854009595613434,False,False,False,[M+H]+,5
570,frozen,closed,14,0.07142857142857142,False,False,False,[M+H]+,5
570,frozen,open,14,0.07142857142857142,False,False,False,[M+H]+,5
571,fine_tuned,closed,283,0.0035335689045936395,False,False,True,[M+Na]+,1
571,fine_tuned,open,944,0.001059322033898305,False,False,True,[M+Na]+,1
571,frozen,closed,97,0.010309278350515464,False,False,True,[M+Na]+,1
571,frozen,open,319,0.003134796238244514,False,False,True,[M+Na]+,1
572,fine_tuned,closed,287,0.003484320557491289,False,False,False,[M-H2O+H]+,4
572,fine_tuned,open,3365,0.00029717682020802375,False,False,False,[M-H2O+H]+,4
572,frozen,closed,495,0.00202020202020202,False,False,False,[M-H2O+H]+,4
572,frozen,open,5658,0.00017674089784376105,False,False,False,[M-H2O+H]+,4
574,fine_tuned,closed,490,0.0020408163265306124,False,False,False,[M+H]+,4
574,fine_tuned,open,5442,0.00018375597206909226,False,False,False,[M+H]+,4
574,frozen,closed,420,0.002380952380952381,False,False,False,[M+H]+,4
574,frozen,open,5199,0.00019234468166955183,False,False,False,[M+H]+,4
575,fine_tuned,closed,75,0.013333333333333334,False,False,True,[M-2H2O+H]+,2
575,fine_tuned,open,823,0.001215066828675577,False,False,True,[M-2H2O+H]+,2
575,frozen,closed,225,0.0044444444444444444,False,False,True,[M-2H2O+H]+,2
575,frozen,open,2025,0.0004938271604938272,False,False,True,[M-2H2O+H]+,2
576,fine_tuned,closed,330,0.0030303030303030303,False,False,False,[M-2H2O+H]+,3
576,fine_tuned,open,3380,0.0002958579881656805,False,False,False,[M-2H2O+H]+,3
576,frozen,closed,209,0.004784688995215311,False,False,False,[M-2H2O+H]+,3
576,frozen,open,762,0.0013123359580052493,False,False,False,[M-2H2O+H]+,3
577,fine_tuned,closed,250,0.004,False,False,False,[M-H2O+H]+,5
577,fine_tuned,open,2971,0.0003365870077415012,False,False,False,[M-H2O+H]+,5
577,frozen,closed,290,0.0034482758620689655,False,False,False,[M-H2O+H]+,5
577,frozen,open,2973,0.0003363605785401951,False,False,False,[M-H2O+H]+,5
578,fine_tuned,closed,126,0.007936507936507936,False,False,False,[M-H2O+H]+,2
578,fine_tuned,open,934,0.0010706638115631692,False,False,False,[M-H2O+H]+,2
578,frozen,closed,129,0.007751937984496124,False,False,False,[M-H2O+H]+,2
578,frozen,open,1450,0.000689655172413793,False,False,False,[M-H2O+H]+,2
580,fine_tuned,closed,186,0.005376344086021506,False,False,False,[M+H]+,10
580,fine_tuned,open,582,0.001718213058419244,False,False,False,[M+H]+,10
580,frozen,closed,85,0.011764705882352941,False,False,False,[M+H]+,10
580,frozen,open,623,0.0016051364365971107,False,False,False,[M+H]+,10
581,fine_tuned,closed,435,0.0022988505747126436,False,False,False,[M-2H2O+H]+,1
581,fine_tuned,open,4029,0.0002482005460412013,False,False,False,[M-2H2O+H]+,1
581,frozen,closed,154,0.006493506493506494,False,False,False,[M-2H2O+H]+,1
581,frozen,open,425,0.002352941176470588,False,False,False,[M-2H2O+H]+,1
582,fine_tuned,closed,188,0.005319148936170213,False,False,True,[M-H2O+H]+,1
582,fine_tuned,open,2146,0.00046598322460391424,False,False,True,[M-H2O+H]+,1
582,frozen,closed,58,0.017241379310344827,False,False,True,[M-H2O+H]+,1
582,frozen,open,68,0.014705882352941176,False,False,True,[M-H2O+H]+,1
583,fine_tuned,closed,368,0.002717391304347826,False,False,False,[M-H2O+H]+,13
583,fine_tuned,open,2698,0.00037064492216456633,False,False,False,[M-H2O+H]+,13
583,frozen,closed,468,0.002136752136752137,False,False,False,[M-H2O+H]+,13
583,frozen,open,5282,0.0001893222264293828,False,False,False,[M-H2O+H]+,13
584,fine_tuned,closed,100,0.01,False,False,False,[M+H]+,15
584,fine_tuned,open,742,0.0013477088948787063,False,False,False,[M+H]+,15
584,frozen,closed,204,0.004901960784313725,False,False,False,[M+H]+,15
584,frozen,open,933,0.0010718113612004287,False,False,False,[M+H]+,15
585,fine_tuned,closed,404,0.0024752475247524753,False,False,False,[M+Na]+,1
585,fine_tuned,open,4827,0.00020716801325875285,False,False,False,[M+Na]+,1
585,frozen,closed,462,0.0021645021645021645,False,False,False,[M+Na]+,1
585,frozen,open,5776,0.00017313019390581717,False,False,False,[M+Na]+,1
586,fine_tuned,closed,507,0.0019723865877712033,False,False,False,[M-H2O+H]+,2
586,fine_tuned,open,5022,0.00019912385503783353,False,False,False,[M-H2O+H]+,2
586,frozen,closed,125,0.008,False,False,False,[M-H2O+H]+,2
586,frozen,open,231,0.004329004329004329,False,False,False,[M-H2O+H]+,2
587,fine_tuned,closed,149,0.006711409395973154,False,False,False,[M-NH3+H]+,6
587,fine_tuned,open,2674,0.00037397157816005983,False,False,False,[M-NH3+H]+,6
587,frozen,closed,396,0.0025252525252525255,False,False,False,[M-NH3+H]+,6
587,frozen,open,4665,0.00021436227224008573,False,False,False,[M-NH3+H]+,6
589,fine_tuned,closed,194,0.005154639175257732,False,False,False,[M-NH3+H]+,1
589,fine_tuned,open,1366,0.0007320644216691069,False,False,False,[M-NH3+H]+,1
589,frozen,closed,283,0.0035335689045936395,False,False,False,[M-NH3+H]+,1
589,frozen,open,2561,0.0003904724716907458,False,False,False,[M-NH3+H]+,1
590,fine_tuned,closed,527,0.0018975332068311196,False,False,False,[M-H2O+H]+,3
590,fine_tuned,open,6018,0.00016616816218012627,False,False,False,[M-H2O+H]+,3
590,frozen,closed,319,0.003134796238244514,False,False,False,[M-H2O+H]+,3
590,frozen,open,3861,0.000259000259000259,False,False,False,[M-H2O+H]+,3
591,fine_tuned,closed,7,0.14285714285714285,False,False,True,[M+H]+,13
591,fine_tuned,open,9,0.1111111111111111,False,False,True,[M+H]+,13
591,frozen,closed,292,0.003424657534246575,False,False,True,[M+H]+,13
591,frozen,open,3231,0.00030950170225936243,False,False,True,[M+H]+,13
592,fine_tuned,closed,101,0.009900990099009901,False,False,True,[M+H]+,14
592,fine_tuned,open,1219,0.0008203445447087777,False,False,True,[M+H]+,14
592,frozen,closed,122,0.00819672131147541,False,False,True,[M+H]+,14
592,frozen,open,1841,0.0005431830526887561,False,False,True,[M+H]+,14
593,fine_tuned,closed,195,0.005128205128205128,False,False,True,[M+H]+,7
593,fine_tuned,open,2328,0.000429553264604811,False,False,True,[M+H]+,7
593,frozen,closed,286,0.0034965034965034965,False,False,True,[M+H]+,7
593,frozen,open,3773,0.00026504108136761196,False,False,True,[M+H]+,7
594,fine_tuned,closed,198,0.005050505050505051,False,False,True,[M+H]+,5
594,fine_tuned,open,2805,0.00035650623885918,False,False,True,[M+H]+,5
594,frozen,closed,440,0.0022727272727272726,False,False,True,[M+H]+,5
594,frozen,open,5816,0.000171939477303989,False,False,True,[M+H]+,5
596,fine_tuned,closed,449,0.0022271714922048997,False,False,False,[M-NH3+H]+,1
596,fine_tuned,open,5373,0.00018611576400521124,False,False,False,[M-NH3+H]+,1
596,frozen,closed,365,0.0027397260273972603,False,False,False,[M-NH3+H]+,1
596,frozen,open,5306,0.00018846588767433095,False,False,False,[M-NH3+H]+,1
597,fine_tuned,closed,116,0.008620689655172414,False,False,False,[M+H]+,8
597,fine_tuned,open,921,0.0010857763300760044,False,False,False,[M+H]+,8
597,frozen,closed,382,0.002617801047120419,False,False,False,[M+H]+,8
597,frozen,open,4794,0.00020859407592824363,False,False,False,[M+H]+,8
598,fine_tuned,closed,422,0.002369668246445498,False,False,False,[M+H]+,3
598,fine_tuned,open,5246,0.00019062142584826535,False,False,False,[M+H]+,3
598,frozen,closed,464,0.0021551724137931034,False,False,False,[M+H]+,3
598,frozen,open,5737,0.0001743071291615827,False,False,False,[M+H]+,3
599,fine_tuned,closed,65,0.015384615384615385,False,False,False,[M+H]+,12
599,fine_tuned,open,469,0.0021321961620469083,False,False,False,[M+H]+,12
599,frozen,closed,176,0.005681818181818182,False,False,False,[M+H]+,12
599,frozen,open,1098,0.0009107468123861566,False,False,False,[M+H]+,12
600,fine_tuned,closed,369,0.0027100271002710027,False,False,True,[M-NH3+H]+,1
600,fine_tuned,open,5238,0.00019091256204658267,False,False,True,[M-NH3+H]+,1
600,frozen,closed,399,0.002506265664160401,False,False,True,[M-NH3+H]+,1
600,frozen,open,5200,0.0001923076923076923,False,False,True,[M-NH3+H]+,1
602,fine_tuned,closed,492,0.0020325203252032522,False,False,False,[M+H]+,4
602,fine_tuned,open,5472,0.0001827485380116959,False,False,False,[M+H]+,4
602,frozen,closed,346,0.002890173410404624,False,False,False,[M+H]+,4
602,frozen,open,3869,0.0002584647195657793,False,False,False,[M+H]+,4
603,fine_tuned,closed,283,0.0035335689045936395,False,False,False,[M+NH4]+,1
603,fine_tuned,open,3562,0.00028074115665356543,False,False,False,[M+NH4]+,1
603,frozen,closed,353,0.0028328611898017,False,False,False,[M+NH4]+,1
603,frozen,open,4032,0.000248015873015873,False,False,False,[M+NH4]+,1
604,fine_tuned,closed,381,0.0026246719160104987,False,False,True,[M+Na]+,3
604,fine_tuned,open,4513,0.00022158209616662973,False,False,True,[M+Na]+,3
604,frozen,closed,156,0.00641025641025641,False,False,True,[M+Na]+,3
604,frozen,open,1660,0.0006024096385542169,False,False,True,[M+Na]+,3
605,fine_tuned,closed,536,0.0018656716417910447,False,False,False,[M-H2O+H]+,1
605,fine_tuned,open,5532,0.00018076644974692697,False,False,False,[M-H2O+H]+,1
605,frozen,closed,525,0.0019047619047619048,False,False,False,[M-H2O+H]+,1
605,frozen,open,5611,0.00017822135091783995,False,False,False,[M-H2O+H]+,1
606,fine_tuned,closed,439,0.002277904328018223,False,False,False,[M-NH3+H]+,1
606,fine_tuned,open,4974,0.0002010454362685967,False,False,False,[M-NH3+H]+,1
606,frozen,closed,495,0.00202020202020202,False,False,False,[M-NH3+H]+,1
606,frozen,open,5380,0.0001858736059479554,False,False,False,[M-NH3+H]+,1
607,fine_tuned,closed,240,0.004166666666666667,False,False,False,[M-NH3+H]+,4
607,fine_tuned,open,3858,0.0002592016588906169,False,False,False,[M-NH3+H]+,4
607,frozen,closed,259,0.003861003861003861,False,False,False,[M-NH3+H]+,4
607,frozen,open,5293,0.0001889287738522577,False,False,False,[M-NH3+H]+,4
608,fine_tuned,closed,565,0.0017699115044247787,False,False,False,[M+H]+,3
608,fine_tuned,open,6049,0.00016531658125309968,False,False,False,[M+H]+,3
608,frozen,closed,480,0.0020833333333333333,False,False,False,[M+H]+,3
608,frozen,open,6090,0.00016420361247947455,False,False,False,[M+H]+,3
609,fine_tuned,closed,567,0.001763668430335097,False,False,False,[M+H]+,2
609,fine_tuned,open,5754,0.0001737921445950643,False,False,False,[M+H]+,2
609,frozen,closed,548,0.0018248175182481751,False,False,False,[M+H]+,2
609,frozen,open,5817,0.00017190991920233798,False,False,False,[M+H]+,2
610,fine_tuned,closed,153,0.006535947712418301,False,False,False,[M+H]+,9
610,fine_tuned,open,2748,0.000363901018922853,False,False,False,[M+H]+,9
610,frozen,closed,188,0.005319148936170213,False,False,False,[M+H]+,9
610,frozen,open,3663,0.000273000273000273,False,False,False,[M+H]+,9
611,fine_tuned,closed,208,0.004807692307692308,False,False,False,[M-H2O+H]+,6
611,fine_tuned,open,584,0.0017123287671232876,False,False,False,[M-H2O+H]+,6
611,frozen,closed,69,0.014492753623188406,False,False,False,[M-H2O+H]+,6
611,frozen,open,581,0.0017211703958691911,False,False,False,[M-H2O+H]+,6
612,fine_tuned,closed,133,0.007518796992481203,False,False,False,[M+H]+,7
612,fine_tuned,open,3474,0.0002878526194588371,False,False,False,[M+H]+,7
612,frozen,closed,240,0.004166666666666667,False,False,False,[M+H]+,7
612,frozen,open,4040,0.00024752475247524753,False,False,False,[M+H]+,7
613,fine_tuned,closed,23,0.043478260869565216,False,False,False,[M-2H2O+H]+,2
613,fine_tuned,open,23,0.043478260869565216,False,False,False,[M-2H2O+H]+,2
613,frozen,closed,177,0.005649717514124294,False,False,False,[M-2H2O+H]+,2
613,frozen,open,440,0.0022727272727272726,False,False,False,[M-2H2O+H]+,2
616,fine_tuned,closed,164,0.006097560975609756,False,False,False,[M+H]+,12
616,fine_tuned,open,945,0.0010582010582010583,False,False,False,[M+H]+,12
616,frozen,closed,276,0.0036231884057971015,False,False,False,[M+H]+,12
616,frozen,open,1929,0.0005184033177812338,False,False,False,[M+H]+,12
618,fine_tuned,closed,386,0.0025906735751295338,False,False,False,[M-2H2O+H]+,3
618,fine_tuned,open,4067,0.00024588148512417015,False,False,False,[M-2H2O+H]+,3
618,frozen,closed,314,0.0031847133757961785,False,False,False,[M-2H2O+H]+,3
618,frozen,open,3614,0.0002767017155506364,False,False,False,[M-2H2O+H]+,3
619,fine_tuned,closed,316,0.0031645569620253164,False,False,False,[M-2H2O+H]+,1
619,fine_tuned,open,3842,0.0002602811035918792,False,False,False,[M-2H2O+H]+,1
619,frozen,closed,395,0.002531645569620253,False,False,False,[M-2H2O+H]+,1
619,frozen,open,5797,0.00017250301880282904,False,False,False,[M-2H2O+H]+,1
620,fine_tuned,closed,62,0.016129032258064516,False,False,False,[M+H]+,10
620,fine_tuned,open,106,0.009433962264150943,False,False,False,[M+H]+,10
620,frozen,closed,384,0.0026041666666666665,False,False,False,[M+H]+,10
620,frozen,open,3732,0.0002679528403001072,False,False,False,[M+H]+,10
621,fine_tuned,closed,167,0.005988023952095809,False,False,True,[M-2H2O+H]+,2
621,fine_tuned,open,245,0.004081632653061225,False,False,True,[M-2H2O+H]+,2
621,frozen,closed,341,0.002932551319648094,False,False,True,[M-2H2O+H]+,2
621,frozen,open,3646,0.00027427317608337906,False,False,True,[M-2H2O+H]+,2
622,fine_tuned,closed,156,0.00641025641025641,False,False,False,[M+Na]+,4
622,fine_tuned,open,241,0.004149377593360996,False,False,False,[M+Na]+,4
622,frozen,closed,151,0.006622516556291391,False,False,False,[M+Na]+,4
622,frozen,open,1616,0.0006188118811881188,False,False,False,[M+Na]+,4
623,fine_tuned,closed,76,0.013157894736842105,False,False,False,[M-2H2O+H]+,4
623,fine_tuned,open,107,0.009345794392523364,False,False,False,[M-2H2O+H]+,4
623,frozen,closed,361,0.002770083102493075,False,False,False,[M-2H2O+H]+,4
623,frozen,open,2962,0.00033760972316002703,False,False,False,[M-2H2O+H]+,4
625,fine_tuned,closed,294,0.003401360544217687,False,False,False,[M-NH3+H]+,1
625,fine_tuned,open,4191,0.00023860653781913624,False,False,False,[M-NH3+H]+,1
625,frozen,closed,338,0.0029585798816568047,False,False,False,[M-NH3+H]+,1
625,frozen,open,5275,0.0001895734597156398,False,False,False,[M-NH3+H]+,1
626,fine_tuned,closed,135,0.007407407407407408,False,False,False,[M-NH3+H]+,3
626,fine_tuned,open,1277,0.0007830853563038371,False,False,False,[M-NH3+H]+,3
626,frozen,closed,271,0.0036900369003690036,False,False,False,[M-NH3+H]+,3
626,frozen,open,2099,0.0004764173415912339,False,False,False,[M-NH3+H]+,3
627,fine_tuned,closed,312,0.003205128205128205,False,False,False,[M-NH3+H]+,1
627,fine_tuned,open,4312,0.00023191094619666049,False,False,False,[M-NH3+H]+,1
627,frozen,closed,544,0.001838235294117647,False,False,False,[M-NH3+H]+,1
627,frozen,open,6117,0.00016347882949158083,False,False,False,[M-NH3+H]+,1
628,fine_tuned,closed,158,0.006329113924050633,False,False,False,[M-NH3+H]+,4
628,fine_tuned,open,1701,0.0005878894767783657,False,False,False,[M-NH3+H]+,4
628,frozen,closed,400,0.0025,False,False,False,[M-NH3+H]+,4
628,frozen,open,4582,0.00021824530772588389,False,False,False,[M-NH3+H]+,4
629,fine_tuned,closed,284,0.0035211267605633804,False,False,False,[M-H2O+H]+,1
629,fine_tuned,open,4080,0.00024509803921568627,False,False,False,[M-H2O+H]+,1
629,frozen,closed,343,0.0029154518950437317,False,False,False,[M-H2O+H]+,1
629,frozen,open,5294,0.00018889308651303362,False,False,False,[M-H2O+H]+,1
630,fine_tuned,closed,174,0.005747126436781609,False,False,False,[M-H2O+H]+,3
630,fine_tuned,open,1621,0.0006169031462060457,False,False,False,[M-H2O+H]+,3
630,frozen,closed,289,0.0034602076124567475,False,False,False,[M-H2O+H]+,3
630,frozen,open,2182,0.00045829514207149406,False,False,False,[M-H2O+H]+,3
631,fine_tuned,closed,295,0.003389830508474576,False,False,False,[M-H2O+H]+,1
631,fine_tuned,open,4231,0.0002363507445048452,False,False,False,[M-H2O+H]+,1
631,frozen,closed,563,0.0017761989342806395,False,False,False,[M-H2O+H]+,1
631,frozen,open,6144,0.00016276041666666666,False,False,False,[M-H2O+H]+,1
632,fine_tuned,closed,187,0.0053475935828877,False,False,False,[M-H2O+H]+,4
632,fine_tuned,open,1873,0.0005339028296849973,False,False,False,[M-H2O+H]+,4
632,frozen,closed,433,0.0023094688221709007,False,False,False,[M-H2O+H]+,4
632,frozen,open,4739,0.00021101498206372652,False,False,False,[M-H2O+H]+,4
633,fine_tuned,closed,248,0.004032258064516129,False,False,False,[M-NH3+H]+,1
633,fine_tuned,open,2715,0.00036832412523020257,False,False,False,[M-NH3+H]+,1
633,frozen,closed,281,0.0035587188612099642,False,False,False,[M-NH3+H]+,1
633,frozen,open,1581,0.0006325110689437065,False,False,False,[M-NH3+H]+,1
634,fine_tuned,closed,247,0.004048582995951417,False,False,False,[M+NH4]+,1
634,fine_tuned,open,2218,0.0004508566275924256,False,False,False,[M+NH4]+,1
634,frozen,closed,135,0.007407407407407408,False,False,False,[M+NH4]+,1
634,frozen,open,673,0.0014858841010401188,False,False,False,[M+NH4]+,1
635,fine_tuned,closed,73,0.0136986301369863,False,False,False,[M+Na]+,1
635,fine_tuned,open,383,0.0026109660574412533,False,False,False,[M+Na]+,1
635,frozen,closed,551,0.0018148820326678765,False,False,False,[M+Na]+,1
635,frozen,open,5884,0.0001699524133242692,False,False,False,[M+Na]+,1
636,fine_tuned,closed,171,0.005847953216374269,False,False,True,[M-2H2O+H]+,1
636,fine_tuned,open,736,0.001358695652173913,False,False,True,[M-2H2O+H]+,1
636,frozen,closed,463,0.0021598272138228943,False,False,True,[M-2H2O+H]+,1
636,frozen,open,5577,0.00017930787161556393,False,False,True,[M-2H2O+H]+,1
637,fine_tuned,closed,25,0.04,False,False,True,[M-H2O+H]+,2
637,fine_tuned,open,29,0.034482758620689655,False,False,True,[M-H2O+H]+,2
637,frozen,closed,289,0.0034602076124567475,False,False,True,[M-H2O+H]+,2
637,frozen,open,3905,0.00025608194622279127,False,False,True,[M-H2O+H]+,2
638,fine_tuned,closed,264,0.003787878787878788,False,False,True,[M-NH3+H]+,2
638,fine_tuned,open,3856,0.00025933609958506224,False,False,True,[M-NH3+H]+,2
638,frozen,closed,355,0.0028169014084507044,False,False,True,[M-NH3+H]+,2
638,frozen,open,5101,0.00019603999215840032,False,False,True,[M-NH3+H]+,2
640,fine_tuned,closed,190,0.005263157894736842,False,False,False,[M+H]+,18
640,fine_tuned,open,500,0.002,False,False,False,[M+H]+,18
640,frozen,closed,252,0.003968253968253968,False,False,False,[M+H]+,18
640,frozen,open,2816,0.0003551136363636364,False,False,False,[M+H]+,18
641,fine_tuned,closed,27,0.037037037037037035,False,False,False,[M+H]+,26
641,fine_tuned,open,90,0.011111111111111112,False,False,False,[M+H]+,26
641,frozen,closed,351,0.002849002849002849,False,False,False,[M+H]+,26
641,frozen,open,3357,0.0002978850163836759,False,False,False,[M+H]+,26
642,fine_tuned,closed,37,0.02702702702702703,False,False,False,[M+H]+,6
642,fine_tuned,open,40,0.025,False,False,False,[M+H]+,6
642,frozen,closed,174,0.005747126436781609,False,False,False,[M+H]+,6
642,frozen,open,1055,0.0009478672985781991,False,False,False,[M+H]+,6
643,fine_tuned,closed,146,0.00684931506849315,False,False,False,[M-H2O+H]+,2
643,fine_tuned,open,1079,0.0009267840593141798,False,False,False,[M-H2O+H]+,2
643,frozen,closed,437,0.002288329519450801,False,False,False,[M-H2O+H]+,2
643,frozen,open,5277,0.00018950161076369148,False,False,False,[M-H2O+H]+,2
644,fine_tuned,closed,218,0.0045871559633027525,False,False,False,[M-NH3+H]+,5
644,fine_tuned,open,2022,0.0004945598417408506,False,False,False,[M-NH3+H]+,5
644,frozen,closed,514,0.0019455252918287938,False,False,False,[M-NH3+H]+,5
644,frozen,open,6105,0.0001638001638001638,False,False,False,[M-NH3+H]+,5
645,fine_tuned,closed,288,0.003472222222222222,False,False,False,[M-NH3+H]+,5
645,fine_tuned,open,3433,0.00029129041654529564,False,False,False,[M-NH3+H]+,5
645,frozen,closed,421,0.0023752969121140144,False,False,False,[M-NH3+H]+,5
645,frozen,open,4624,0.00021626297577854672,False,False,False,[M-NH3+H]+,5
646,fine_tuned,closed,345,0.002898550724637681,False,False,False,[M-NH3+H]+,1
646,fine_tuned,open,4735,0.00021119324181626187,False,False,False,[M-NH3+H]+,1
646,frozen,closed,506,0.001976284584980237,False,False,False,[M-NH3+H]+,1
646,frozen,open,5868,0.00017041581458759374,False,False,False,[M-NH3+H]+,1
647,fine_tuned,closed,234,0.004273504273504274,False,False,True,[M-H2O+H]+,5
647,fine_tuned,open,2158,0.0004633920296570899,False,False,True,[M-H2O+H]+,5
647,frozen,closed,537,0.00186219739292365,False,False,True,[M-H2O+H]+,5
647,frozen,open,6138,0.00016291951775822744,False,False,True,[M-H2O+H]+,5
648,fine_tuned,closed,306,0.0032679738562091504,False,False,True,[M-H2O+H]+,5
648,fine_tuned,open,3627,0.00027570995312930797,False,False,True,[M-H2O+H]+,5
648,frozen,closed,398,0.002512562814070352,False,False,True,[M-H2O+H]+,5
648,frozen,open,4548,0.00021987686895338611,False,False,True,[M-H2O+H]+,5
649,fine_tuned,closed,352,0.002840909090909091,False,False,True,[M-H2O+H]+,1
649,fine_tuned,open,4788,0.00020885547201336674,False,False,True,[M-H2O+H]+,1
649,frozen,closed,495,0.00202020202020202,False,False,True,[M-H2O+H]+,1
649,frozen,open,5847,0.0001710278775440397,False,False,True,[M-H2O+H]+,1
650,fine_tuned,closed,99,0.010101010101010102,False,False,True,[M-2H2O+H]+,3
650,fine_tuned,open,1266,0.0007898894154818325,False,False,True,[M-2H2O+H]+,3
650,frozen,closed,344,0.0029069767441860465,False,False,True,[M-2H2O+H]+,3
650,frozen,open,4089,0.00024455857177794083,False,False,True,[M-2H2O+H]+,3
651,fine_tuned,closed,32,0.03125,False,False,True,[M+H]+,20
651,fine_tuned,open,76,0.013157894736842105,False,False,True,[M+H]+,20
651,frozen,closed,247,0.004048582995951417,False,False,True,[M+H]+,20
651,frozen,open,2580,0.0003875968992248062,False,False,True,[M+H]+,20
652,fine_tuned,closed,277,0.0036101083032490976,False,False,True,[M+H]+,1
652,fine_tuned,open,3728,0.0002682403433476395,False,False,True,[M+H]+,1
652,frozen,closed,98,0.01020408163265306,False,False,True,[M+H]+,1
652,frozen,open,123,0.008130081300813009,False,False,True,[M+H]+,1
653,fine_tuned,closed,72,0.013888888888888888,False,False,False,[M+H]+,19
653,fine_tuned,open,108,0.009259259259259259,False,False,False,[M+H]+,19
653,frozen,closed,316,0.0031645569620253164,False,False,False,[M+H]+,19
653,frozen,open,2388,0.0004187604690117253,False,False,False,[M+H]+,19
654,fine_tuned,closed,396,0.0025252525252525255,False,False,False,[M+NH4]+,2
654,fine_tuned,open,4541,0.00022021581149526536,False,False,False,[M+NH4]+,2
654,frozen,closed,449,0.0022271714922048997,False,False,False,[M+NH4]+,2
654,frozen,open,5528,0.0001808972503617945,False,False,False,[M+NH4]+,2
655,fine_tuned,closed,148,0.006756756756756757,False,False,False,[M-2H2O+H]+,1
655,fine_tuned,open,2293,0.0004361098996947231,False,False,False,[M-2H2O+H]+,1
655,frozen,closed,259,0.003861003861003861,False,False,False,[M-2H2O+H]+,1
655,frozen,open,3909,0.00025581990278843696,False,False,False,[M-2H2O+H]+,1
657,fine_tuned,closed,79,0.012658227848101266,False,False,False,[M+Na]+,2
657,fine_tuned,open,250,0.004,False,False,False,[M+Na]+,2
657,frozen,closed,471,0.0021231422505307855,False,False,False,[M+Na]+,2
657,frozen,open,5745,0.00017406440382941688,False,False,False,[M+Na]+,2
658,fine_tuned,closed,207,0.004830917874396135,False,False,False,[M+H]+,13
658,fine_tuned,open,2008,0.00049800796812749,False,False,False,[M+H]+,13
658,frozen,closed,188,0.005319148936170213,False,False,False,[M+H]+,13
658,frozen,open,1610,0.0006211180124223603,False,False,False,[M+H]+,13
659,fine_tuned,closed,65,0.015384615384615385,False,False,True,[M+H]+,29
659,fine_tuned,open,89,0.011235955056179775,False,False,True,[M+H]+,29
659,frozen,closed,331,0.0030211480362537764,False,False,True,[M+H]+,29
659,frozen,open,3081,0.0003245699448231094,False,False,True,[M+H]+,29
660,fine_tuned,closed,133,0.007518796992481203,False,False,True,[M-H2O+H]+,1
660,fine_tuned,open,741,0.001349527665317139,False,False,True,[M-H2O+H]+,1
660,frozen,closed,143,0.006993006993006993,False,False,True,[M-H2O+H]+,1
660,frozen,open,1476,0.0006775067750677507,False,False,True,[M-H2O+H]+,1
661,fine_tuned,closed,101,0.009900990099009901,False,False,True,[M-H2O+H]+,8
661,fine_tuned,open,779,0.0012836970474967907,False,False,True,[M-H2O+H]+,8
661,frozen,closed,54,0.018518518518518517,False,False,True,[M-H2O+H]+,8
661,frozen,open,142,0.007042253521126761,False,False,True,[M-H2O+H]+,8
662,fine_tuned,closed,60,0.016666666666666666,False,False,True,[M-H2O+H]+,3
662,fine_tuned,open,447,0.0022371364653243847,False,False,True,[M-H2O+H]+,3
662,frozen,closed,325,0.003076923076923077,False,False,True,[M-H2O+H]+,3
662,frozen,open,5410,0.00018484288354898336,False,False,True,[M-H2O+H]+,3
663,fine_tuned,closed,378,0.0026455026455026454,False,False,False,[M+NH4]+,1
663,fine_tuned,open,4985,0.00020060180541624874,False,False,False,[M+NH4]+,1
663,frozen,closed,271,0.0036900369003690036,False,False,False,[M+NH4]+,1
663,frozen,open,2110,0.00047393364928909954,False,False,False,[M+NH4]+,1
665,fine_tuned,closed,344,0.0029069767441860465,False,False,False,[M+Na]+,3
665,fine_tuned,open,3253,0.0003074085459575776,False,False,False,[M+Na]+,3
665,frozen,closed,386,0.0025906735751295338,False,False,False,[M+Na]+,3
665,frozen,open,3283,0.0003045994517209869,False,False,False,[M+Na]+,3
666,fine_tuned,closed,2,0.5,False,True,True,[M+H]+,19
666,fine_tuned,open,2,0.5,False,True,True,[M+H]+,19
666,frozen,closed,41,0.024390243902439025,False,False,True,[M+H]+,19
666,frozen,open,326,0.003067484662576687,False,False,True,[M+H]+,19
667,fine_tuned,closed,230,0.004347826086956522,False,False,False,[M-2H2O+H]+,3
667,fine_tuned,open,2911,0.00034352456200618345,False,False,False,[M-2H2O+H]+,3
667,frozen,closed,108,0.009259259259259259,False,False,False,[M-2H2O+H]+,3
667,frozen,open,1085,0.0009216589861751152,False,False,False,[M-2H2O+H]+,3
668,fine_tuned,closed,260,0.0038461538461538464,False,False,False,[M-H2O+H]+,2
668,fine_tuned,open,3722,0.00026867275658248256,False,False,False,[M-H2O+H]+,2
668,frozen,closed,211,0.004739336492890996,False,False,False,[M-H2O+H]+,2
668,frozen,open,2759,0.0003624501631025734,False,False,False,[M-H2O+H]+,2
669,fine_tuned,closed,140,0.007142857142857143,False,False,False,[M-H2O+H]+,2
669,fine_tuned,open,2657,0.0003763643206624012,False,False,False,[M-H2O+H]+,2
669,frozen,closed,96,0.010416666666666666,False,False,False,[M-H2O+H]+,2
669,frozen,open,1751,0.0005711022272986865,False,False,False,[M-H2O+H]+,2
670,fine_tuned,closed,196,0.00510204081632653,False,False,True,[M+Na]+,1
670,fine_tuned,open,3793,0.0002636435539151068,False,False,True,[M+Na]+,1
670,frozen,closed,297,0.003367003367003367,False,False,True,[M+Na]+,1
670,frozen,open,4937,0.00020255215718047398,False,False,True,[M+Na]+,1
671,fine_tuned,closed,80,0.0125,False,False,False,[M-NH3+H]+,1
671,fine_tuned,open,2243,0.00044583147570218456,False,False,False,[M-NH3+H]+,1
671,frozen,closed,92,0.010869565217391304,False,False,False,[M-NH3+H]+,1
671,frozen,open,3087,0.00032393909944930353,False,False,False,[M-NH3+H]+,1
672,fine_tuned,closed,393,0.002544529262086514,False,False,False,[M+Na]+,3
672,fine_tuned,open,4859,0.00020580366330520683,False,False,False,[M+Na]+,3
672,frozen,closed,213,0.004694835680751174,False,False,False,[M+Na]+,3
672,frozen,open,2070,0.0004830917874396135,False,False,False,[M+Na]+,3
673,fine_tuned,closed,34,0.029411764705882353,False,False,False,[M+H]+,34
673,fine_tuned,open,163,0.006134969325153374,False,False,False,[M+H]+,34
673,frozen,closed,39,0.02564102564102564,False,False,False,[M+H]+,34
673,frozen,open,577,0.0017331022530329288,False,False,False,[M+H]+,34
674,fine_tuned,closed,134,0.007462686567164179,False,False,False,[M+Na]+,2
674,fine_tuned,open,3325,0.0003007518796992481,False,False,False,[M+Na]+,2
674,frozen,closed,97,0.010309278350515464,False,False,False,[M+Na]+,2
674,frozen,open,3265,0.00030627871362940275,False,False,False,[M+Na]+,2
675,fine_tuned,closed,336,0.002976190476190476,False,False,False,[M-2H2O+H]+,7
675,fine_tuned,open,3893,0.00025687130747495504,False,False,False,[M-2H2O+H]+,7
675,frozen,closed,310,0.0032258064516129032,False,False,False,[M-2H2O+H]+,7
675,frozen,open,3794,0.0002635740643120717,False,False,False,[M-2H2O+H]+,7
676,fine_tuned,closed,508,0.001968503937007874,False,False,False,[M-H2O+H]+,4
676,fine_tuned,open,5308,0.00018839487565938207,False,False,False,[M-H2O+H]+,4
676,frozen,closed,459,0.002178649237472767,False,False,False,[M-H2O+H]+,4
676,frozen,open,4610,0.00021691973969631235,False,False,False,[M-H2O+H]+,4
677,fine_tuned,closed,48,0.020833333333333332,False,False,False,[M-NH3+H]+,4
677,fine_tuned,open,49,0.02040816326530612,False,False,False,[M-NH3+H]+,4
677,frozen,closed,161,0.006211180124223602,False,False,False,[M-NH3+H]+,4
677,frozen,open,943,0.0010604453870625664,False,False,False,[M-NH3+H]+,4
678,fine_tuned,closed,366,0.00273224043715847,False,False,False,[M-NH3+H]+,1
678,fine_tuned,open,4015,0.00024906600249066,False,False,False,[M-NH3+H]+,1
678,frozen,closed,61,0.01639344262295082,False,False,False,[M-NH3+H]+,1
678,frozen,open,97,0.010309278350515464,False,False,False,[M-NH3+H]+,1
679,fine_tuned,closed,3,0.3333333333333333,False,True,False,[M-NH3+H]+,12
679,fine_tuned,open,3,0.3333333333333333,False,True,False,[M-NH3+H]+,12
679,frozen,closed,93,0.010752688172043012,False,False,False,[M-NH3+H]+,12
679,frozen,open,337,0.002967359050445104,False,False,False,[M-NH3+H]+,12
680,fine_tuned,closed,48,0.020833333333333332,False,False,False,[M-H2O+H]+,4
680,fine_tuned,open,49,0.02040816326530612,False,False,False,[M-H2O+H]+,4
680,frozen,closed,161,0.006211180124223602,False,False,False,[M-H2O+H]+,4
680,frozen,open,943,0.0010604453870625664,False,False,False,[M-H2O+H]+,4
681,fine_tuned,closed,366,0.00273224043715847,False,False,False,[M-H2O+H]+,1
681,fine_tuned,open,4015,0.00024906600249066,False,False,False,[M-H2O+H]+,1
681,frozen,closed,61,0.01639344262295082,False,False,False,[M-H2O+H]+,1
681,frozen,open,97,0.010309278350515464,False,False,False,[M-H2O+H]+,1
682,fine_tuned,closed,3,0.3333333333333333,False,True,False,[M-H2O+H]+,12
682,fine_tuned,open,3,0.3333333333333333,False,True,False,[M-H2O+H]+,12
682,frozen,closed,93,0.010752688172043012,False,False,False,[M-H2O+H]+,12
682,frozen,open,337,0.002967359050445104,False,False,False,[M-H2O+H]+,12
683,fine_tuned,closed,35,0.02857142857142857,False,False,False,[M-H2O+H]+,4
683,fine_tuned,open,35,0.02857142857142857,False,False,False,[M-H2O+H]+,4
683,frozen,closed,55,0.01818181818181818,False,False,False,[M-H2O+H]+,4
683,frozen,open,55,0.01818181818181818,False,False,False,[M-H2O+H]+,4
684,fine_tuned,closed,31,0.03225806451612903,False,False,False,[M+H]+,6
684,fine_tuned,open,31,0.03225806451612903,False,False,False,[M+H]+,6
684,frozen,closed,350,0.002857142857142857,False,False,False,[M+H]+,6
684,frozen,open,3080,0.0003246753246753247,False,False,False,[M+H]+,6
685,fine_tuned,closed,3,0.3333333333333333,False,True,False,[M+H]+,1
685,fine_tuned,open,3,0.3333333333333333,False,True,False,[M+H]+,1
685,frozen,closed,50,0.02,False,False,False,[M+H]+,1
685,frozen,open,130,0.007692307692307693,False,False,False,[M+H]+,1
686,fine_tuned,closed,84,0.011904761904761904,False,False,False,[M-2H2O+H]+,2
686,fine_tuned,open,325,0.003076923076923077,False,False,False,[M-2H2O+H]+,2
686,frozen,closed,187,0.0053475935828877,False,False,False,[M-2H2O+H]+,2
686,frozen,open,3714,0.00026925148088314486,False,False,False,[M-2H2O+H]+,2
687,fine_tuned,closed,26,0.038461538461538464,False,False,False,[M-H2O+H]+,3
687,fine_tuned,open,26,0.038461538461538464,False,False,False,[M-H2O+H]+,3
687,frozen,closed,6,0.16666666666666666,False,False,False,[M-H2O+H]+,3
687,frozen,open,6,0.16666666666666666,False,False,False,[M-H2O+H]+,3
688,fine_tuned,closed,24,0.041666666666666664,False,False,False,[M+H]+,8
688,fine_tuned,open,27,0.037037037037037035,False,False,False,[M+H]+,8
688,frozen,closed,196,0.00510204081632653,False,False,False,[M+H]+,8
688,frozen,open,972,0.00102880658436214,False,False,False,[M+H]+,8
689,fine_tuned,closed,248,0.004032258064516129,False,False,False,[M+NH4]+,2
689,fine_tuned,open,2638,0.0003790750568612585,False,False,False,[M+NH4]+,2
689,frozen,closed,480,0.0020833333333333333,False,False,False,[M+NH4]+,2
689,frozen,open,5571,0.0001795009872554299,False,False,False,[M+NH4]+,2
690,fine_tuned,closed,111,0.009009009009009009,False,False,False,[M+Na]+,2
690,fine_tuned,open,191,0.005235602094240838,False,False,False,[M+Na]+,2
690,frozen,closed,110,0.00909090909090909,False,False,False,[M+Na]+,2
690,frozen,open,175,0.005714285714285714,False,False,False,[M+Na]+,2
691,fine_tuned,closed,47,0.02127659574468085,False,False,False,[M-2H2O+H]+,2
691,fine_tuned,open,103,0.009708737864077669,False,False,False,[M-2H2O+H]+,2
691,frozen,closed,195,0.005128205128205128,False,False,False,[M-2H2O+H]+,2
691,frozen,open,392,0.002551020408163265,False,False,False,[M-2H2O+H]+,2
692,fine_tuned,closed,259,0.003861003861003861,False,False,False,[M+Na]+,1
692,fine_tuned,open,2242,0.00044603033006244426,False,False,False,[M+Na]+,1
692,frozen,closed,403,0.0024813895781637717,False,False,False,[M+Na]+,1
692,frozen,open,4886,0.00020466639377814163,False,False,False,[M+Na]+,1
693,fine_tuned,closed,277,0.0036101083032490976,False,False,False,[M-2H2O+H]+,1
693,fine_tuned,open,2359,0.000423908435777872,False,False,False,[M-2H2O+H]+,1
693,frozen,closed,468,0.002136752136752137,False,False,False,[M-2H2O+H]+,1
693,frozen,open,5188,0.00019275250578257516,False,False,False,[M-2H2O+H]+,1
694,fine_tuned,closed,72,0.013888888888888888,False,False,False,[M-H2O+H]+,5
694,fine_tuned,open,76,0.013157894736842105,False,False,False,[M-H2O+H]+,5
694,frozen,closed,8,0.125,False,False,False,[M-H2O+H]+,5
694,frozen,open,8,0.125,False,False,False,[M-H2O+H]+,5
695,fine_tuned,closed,29,0.034482758620689655,False,False,False,[M-H2O+H]+,1
695,fine_tuned,open,29,0.034482758620689655,False,False,False,[M-H2O+H]+,1
695,frozen,closed,134,0.007462686567164179,False,False,False,[M-H2O+H]+,1
695,frozen,open,492,0.0020325203252032522,False,False,False,[M-H2O+H]+,1
696,fine_tuned,closed,13,0.07692307692307693,False,False,False,[M+H]+,10
696,fine_tuned,open,13,0.07692307692307693,False,False,False,[M+H]+,10
696,frozen,closed,186,0.005376344086021506,False,False,False,[M+H]+,10
696,frozen,open,1076,0.0009293680297397769,False,False,False,[M+H]+,10
697,fine_tuned,closed,218,0.0045871559633027525,False,False,False,[M+Na]+,3
697,fine_tuned,open,896,0.0011160714285714285,False,False,False,[M+Na]+,3
697,frozen,closed,4,0.25,False,True,False,[M+Na]+,3
697,frozen,open,4,0.25,False,True,False,[M+Na]+,3
698,fine_tuned,closed,14,0.07142857142857142,False,False,False,[M+Na]+,1
698,fine_tuned,open,14,0.07142857142857142,False,False,False,[M+Na]+,1
698,frozen,closed,14,0.07142857142857142,False,False,False,[M+Na]+,1
698,frozen,open,57,0.017543859649122806,False,False,False,[M+Na]+,1
700,fine_tuned,closed,204,0.004901960784313725,False,False,False,[M-2H2O+H]+,3
700,fine_tuned,open,811,0.0012330456226880395,False,False,False,[M-2H2O+H]+,3
700,frozen,closed,11,0.09090909090909091,False,False,False,[M-2H2O+H]+,3
700,frozen,open,11,0.09090909090909091,False,False,False,[M-2H2O+H]+,3
701,fine_tuned,closed,17,0.058823529411764705,False,False,False,[M-2H2O+H]+,1
701,fine_tuned,open,17,0.058823529411764705,False,False,False,[M-2H2O+H]+,1
701,frozen,closed,33,0.030303030303030304,False,False,False,[M-2H2O+H]+,1
701,frozen,open,102,0.00980392156862745,False,False,False,[M-2H2O+H]+,1
703,fine_tuned,closed,291,0.003436426116838488,False,False,False,[M-H2O+H]+,2
703,fine_tuned,open,2281,0.00043840420868040335,False,False,False,[M-H2O+H]+,2
703,frozen,closed,539,0.0018552875695732839,False,False,False,[M-H2O+H]+,2
703,frozen,open,5552,0.00018011527377521613,False,False,False,[M-H2O+H]+,2
704,fine_tuned,closed,200,0.005,False,False,False,[M-NH3+H]+,1
704,fine_tuned,open,1885,0.0005305039787798408,False,False,False,[M-NH3+H]+,1
704,frozen,closed,33,0.030303030303030304,False,False,False,[M-NH3+H]+,1
704,frozen,open,59,0.01694915254237288,False,False,False,[M-NH3+H]+,1
705,fine_tuned,closed,200,0.005,False,False,False,[M-H2O+H]+,1
705,fine_tuned,open,1885,0.0005305039787798408,False,False,False,[M-H2O+H]+,1
705,frozen,closed,33,0.030303030303030304,False,False,False,[M-H2O+H]+,1
705,frozen,open,59,0.01694915254237288,False,False,False,[M-H2O+H]+,1
706,fine_tuned,closed,20,0.05,False,False,False,[M+H]+,10
706,fine_tuned,open,20,0.05,False,False,False,[M+H]+,10
706,frozen,closed,22,0.045454545454545456,False,False,False,[M+H]+,10
706,frozen,open,24,0.041666666666666664,False,False,False,[M+H]+,10
708,fine_tuned,closed,475,0.002105263157894737,False,False,False,[M-H2O+H]+,2
708,fine_tuned,open,5309,0.00018835938971557733,False,False,False,[M-H2O+H]+,2
708,frozen,closed,466,0.002145922746781116,False,False,False,[M-H2O+H]+,2
708,frozen,open,4458,0.00022431583669807088,False,False,False,[M-H2O+H]+,2
709,fine_tuned,closed,242,0.004132231404958678,False,False,False,[M-NH3+H]+,2
709,fine_tuned,open,1966,0.000508646998982706,False,False,False,[M-NH3+H]+,2
709,frozen,closed,209,0.004784688995215311,False,False,False,[M-NH3+H]+,2
709,frozen,open,2298,0.0004351610095735422,False,False,False,[M-NH3+H]+,2
710,fine_tuned,closed,318,0.0031446540880503146,False,False,False,[M-NH3+H]+,1
710,fine_tuned,open,3245,0.0003081664098613251,False,False,False,[M-NH3+H]+,1
710,frozen,closed,539,0.0018552875695732839,False,False,False,[M-NH3+H]+,1
710,frozen,open,6021,0.00016608536787908985,False,False,False,[M-NH3+H]+,1
711,fine_tuned,closed,45,0.022222222222222223,False,False,False,[M-NH3+H]+,4
711,fine_tuned,open,49,0.02040816326530612,False,False,False,[M-NH3+H]+,4
711,frozen,closed,19,0.05263157894736842,False,False,False,[M-NH3+H]+,4
711,frozen,open,19,0.05263157894736842,False,False,False,[M-NH3+H]+,4
712,fine_tuned,closed,242,0.004132231404958678,False,False,False,[M-H2O+H]+,2
712,fine_tuned,open,1966,0.000508646998982706,False,False,False,[M-H2O+H]+,2
712,frozen,closed,209,0.004784688995215311,False,False,False,[M-H2O+H]+,2
712,frozen,open,2298,0.0004351610095735422,False,False,False,[M-H2O+H]+,2
713,fine_tuned,closed,318,0.0031446540880503146,False,False,False,[M-H2O+H]+,1
713,fine_tuned,open,3245,0.0003081664098613251,False,False,False,[M-H2O+H]+,1
713,frozen,closed,539,0.0018552875695732839,False,False,False,[M-H2O+H]+,1
713,frozen,open,6021,0.00016608536787908985,False,False,False,[M-H2O+H]+,1
714,fine_tuned,closed,45,0.022222222222222223,False,False,False,[M-H2O+H]+,4
714,fine_tuned,open,49,0.02040816326530612,False,False,False,[M-H2O+H]+,4
714,frozen,closed,19,0.05263157894736842,False,False,False,[M-H2O+H]+,4
714,frozen,open,19,0.05263157894736842,False,False,False,[M-H2O+H]+,4
715,fine_tuned,closed,187,0.0053475935828877,False,False,False,[M-NH3+H]+,32
715,fine_tuned,open,872,0.0011467889908256881,False,False,False,[M-NH3+H]+,32
715,frozen,closed,355,0.0028169014084507044,False,False,False,[M-NH3+H]+,32
715,frozen,open,3444,0.00029036004645760743,False,False,False,[M-NH3+H]+,32
716,fine_tuned,closed,206,0.0048543689320388345,False,False,False,[M-NH3+H]+,1
716,fine_tuned,open,1612,0.0006203473945409429,False,False,False,[M-NH3+H]+,1
716,frozen,closed,64,0.015625,False,False,False,[M-NH3+H]+,1
716,frozen,open,146,0.00684931506849315,False,False,False,[M-NH3+H]+,1
717,fine_tuned,closed,248,0.004032258064516129,False,False,False,[M-NH3+H]+,1
717,fine_tuned,open,2453,0.00040766408479412964,False,False,False,[M-NH3+H]+,1
717,frozen,closed,136,0.007352941176470588,False,False,False,[M-NH3+H]+,1
717,frozen,open,608,0.001644736842105263,False,False,False,[M-NH3+H]+,1
718,fine_tuned,closed,187,0.0053475935828877,False,False,False,[M-H2O+H]+,32
718,fine_tuned,open,872,0.0011467889908256881,False,False,False,[M-H2O+H]+,32
718,frozen,closed,355,0.0028169014084507044,False,False,False,[M-H2O+H]+,32
718,frozen,open,3444,0.00029036004645760743,False,False,False,[M-H2O+H]+,32
719,fine_tuned,closed,206,0.0048543689320388345,False,False,False,[M-H2O+H]+,1
719,fine_tuned,open,1612,0.0006203473945409429,False,False,False,[M-H2O+H]+,1
719,frozen,closed,64,0.015625,False,False,False,[M-H2O+H]+,1
719,frozen,open,146,0.00684931506849315,False,False,False,[M-H2O+H]+,1
720,fine_tuned,closed,248,0.004032258064516129,False,False,False,[M-H2O+H]+,1
720,fine_tuned,open,2453,0.00040766408479412964,False,False,False,[M-H2O+H]+,1
720,frozen,closed,136,0.007352941176470588,False,False,False,[M-H2O+H]+,1
720,frozen,open,608,0.001644736842105263,False,False,False,[M-H2O+H]+,1
721,fine_tuned,closed,118,0.00847457627118644,False,False,False,[M+H]+,8
721,fine_tuned,open,400,0.0025,False,False,False,[M+H]+,8
721,frozen,closed,143,0.006993006993006993,False,False,False,[M+H]+,8
721,frozen,open,809,0.0012360939431396785,False,False,False,[M+H]+,8
722,fine_tuned,closed,46,0.021739130434782608,False,False,False,[M+H]+,12
722,fine_tuned,open,46,0.021739130434782608,False,False,False,[M+H]+,12
722,frozen,closed,7,0.14285714285714285,False,False,False,[M+H]+,12
722,frozen,open,7,0.14285714285714285,False,False,False,[M+H]+,12
723,fine_tuned,closed,441,0.0022675736961451248,False,False,False,[M+Na]+,1
723,fine_tuned,open,4552,0.0002196836555360281,False,False,False,[M+Na]+,1
723,frozen,closed,378,0.0026455026455026454,False,False,False,[M+Na]+,1
723,frozen,open,5562,0.00017979144192736425,False,False,False,[M+Na]+,1
724,fine_tuned,closed,50,0.02,False,False,True,[M-2H2O+H]+,4
724,fine_tuned,open,1551,0.0006447453255963894,False,False,True,[M-2H2O+H]+,4
724,frozen,closed,104,0.009615384615384616,False,False,True,[M-2H2O+H]+,4
724,frozen,open,2983,0.00033523298692591353,False,False,True,[M-2H2O+H]+,4
726,fine_tuned,closed,91,0.01098901098901099,False,False,False,[M+H]+,19
726,fine_tuned,open,126,0.007936507936507936,False,False,False,[M+H]+,19
726,frozen,closed,86,0.011627906976744186,False,False,False,[M+H]+,19
726,frozen,open,164,0.006097560975609756,False,False,False,[M+H]+,19
727,fine_tuned,closed,249,0.004016064257028112,False,False,False,[M+H]+,11
727,fine_tuned,open,2360,0.000423728813559322,False,False,False,[M+H]+,11
727,frozen,closed,294,0.003401360544217687,False,False,False,[M+H]+,11
727,frozen,open,3248,0.0003078817733990148,False,False,False,[M+H]+,11
728,fine_tuned,closed,65,0.015384615384615385,False,False,False,[M+H]+,8
728,fine_tuned,open,75,0.013333333333333334,False,False,False,[M+H]+,8
728,frozen,closed,67,0.014925373134328358,False,False,False,[M+H]+,8
728,frozen,open,128,0.0078125,False,False,False,[M+H]+,8
729,fine_tuned,closed,259,0.003861003861003861,False,False,False,[M+H]+,3
729,fine_tuned,open,2210,0.00045248868778280545,False,False,False,[M+H]+,3
729,frozen,closed,538,0.0018587360594795538,False,False,False,[M+H]+,3
729,frozen,open,6081,0.000164446637066272,False,False,False,[M+H]+,3
730,fine_tuned,closed,148,0.006756756756756757,False,False,True,[M-H2O+H]+,2
730,fine_tuned,open,3431,0.0002914602156805596,False,False,True,[M-H2O+H]+,2
730,frozen,closed,188,0.005319148936170213,False,False,True,[M-H2O+H]+,2
730,frozen,open,4078,0.0002452182442373713,False,False,True,[M-H2O+H]+,2
731,fine_tuned,closed,125,0.008,False,False,True,[M-H2O+H]+,22
731,fine_tuned,open,1404,0.0007122507122507123,False,False,True,[M-H2O+H]+,22
731,frozen,closed,136,0.007352941176470588,False,False,True,[M-H2O+H]+,22
731,frozen,open,3789,0.0002639218791237794,False,False,True,[M-H2O+H]+,22
732,fine_tuned,closed,121,0.008264462809917356,False,False,False,[M-2H2O+H]+,2
732,fine_tuned,open,2812,0.00035561877667140827,False,False,False,[M-2H2O+H]+,2
732,frozen,closed,94,0.010638297872340425,False,False,False,[M-2H2O+H]+,2
732,frozen,open,2425,0.0004123711340206186,False,False,False,[M-2H2O+H]+,2
733,fine_tuned,closed,36,0.027777777777777776,False,False,True,[M+H]+,13
733,fine_tuned,open,37,0.02702702702702703,False,False,True,[M+H]+,13
733,frozen,closed,30,0.03333333333333333,False,False,True,[M+H]+,13
733,frozen,open,106,0.009433962264150943,False,False,True,[M+H]+,13
735,fine_tuned,closed,97,0.010309278350515464,False,False,False,[M-H2O+H]+,7
735,fine_tuned,open,2036,0.0004911591355599214,False,False,False,[M-H2O+H]+,7
735,frozen,closed,17,0.058823529411764705,False,False,False,[M-H2O+H]+,7
735,frozen,open,96,0.010416666666666666,False,False,False,[M-H2O+H]+,7
736,fine_tuned,closed,229,0.004366812227074236,False,False,True,[M+Na]+,3
736,fine_tuned,open,4061,0.0002462447672986949,False,False,True,[M+Na]+,3
736,frozen,closed,201,0.004975124378109453,False,False,True,[M+Na]+,3
736,frozen,open,4884,0.00020475020475020476,False,False,True,[M+Na]+,3
737,fine_tuned,closed,141,0.0070921985815602835,False,False,True,[M+Na]+,3
737,fine_tuned,open,3109,0.000321646831778707,False,False,True,[M+Na]+,3
737,frozen,closed,73,0.0136986301369863,False,False,True,[M+Na]+,3
737,frozen,open,2131,0.0004692632566870014,False,False,True,[M+Na]+,3
738,fine_tuned,closed,201,0.004975124378109453,False,False,False,[M+H]+,22
738,fine_tuned,open,742,0.0013477088948787063,False,False,False,[M+H]+,22
738,frozen,closed,52,0.019230769230769232,False,False,False,[M+H]+,22
738,frozen,open,399,0.002506265664160401,False,False,False,[M+H]+,22
740,fine_tuned,closed,320,0.003125,False,False,False,[M-NH3+H]+,1
740,fine_tuned,open,1439,0.0006949270326615705,False,False,False,[M-NH3+H]+,1
740,frozen,closed,188,0.005319148936170213,False,False,False,[M-NH3+H]+,1
740,frozen,open,516,0.001937984496124031,False,False,False,[M-NH3+H]+,1
742,fine_tuned,closed,450,0.0022222222222222222,False,False,False,[M-H2O+H]+,1
742,fine_tuned,open,5126,0.00019508388607101054,False,False,False,[M-H2O+H]+,1
742,frozen,closed,85,0.011764705882352941,False,False,False,[M-H2O+H]+,1
742,frozen,open,181,0.0055248618784530384,False,False,False,[M-H2O+H]+,1
743,fine_tuned,closed,205,0.004878048780487805,False,False,False,[M-NH3+H]+,1
743,fine_tuned,open,424,0.0023584905660377358,False,False,False,[M-NH3+H]+,1
743,frozen,closed,483,0.002070393374741201,False,False,False,[M-NH3+H]+,1
743,frozen,open,5418,0.00018456995201181247,False,False,False,[M-NH3+H]+,1
744,fine_tuned,closed,208,0.004807692307692308,False,False,False,[M-NH3+H]+,1
744,fine_tuned,open,472,0.00211864406779661,False,False,False,[M-NH3+H]+,1
744,frozen,closed,90,0.011111111111111112,False,False,False,[M-NH3+H]+,1
744,frozen,open,257,0.0038910505836575876,False,False,False,[M-NH3+H]+,1
745,fine_tuned,closed,26,0.038461538461538464,False,False,False,[M+H]+,2
745,fine_tuned,open,26,0.038461538461538464,False,False,False,[M+H]+,2
745,frozen,closed,94,0.010638297872340425,False,False,False,[M+H]+,2
745,frozen,open,137,0.0072992700729927005,False,False,False,[M+H]+,2
747,fine_tuned,closed,88,0.011363636363636364,False,False,False,[M+H]+,3
747,fine_tuned,open,88,0.011363636363636364,False,False,False,[M+H]+,3
747,frozen,closed,65,0.015384615384615385,False,False,False,[M+H]+,3
747,frozen,open,65,0.015384615384615385,False,False,False,[M+H]+,3
748,fine_tuned,closed,139,0.007194244604316547,False,False,False,[M+Na]+,1
748,fine_tuned,open,147,0.006802721088435374,False,False,False,[M+Na]+,1
748,frozen,closed,225,0.0044444444444444444,False,False,False,[M+Na]+,1
748,frozen,open,1228,0.0008143322475570033,False,False,False,[M+Na]+,1
750,fine_tuned,closed,7,0.14285714285714285,False,False,False,[M-2H2O+H]+,1
750,fine_tuned,open,7,0.14285714285714285,False,False,False,[M-2H2O+H]+,1
750,frozen,closed,238,0.004201680672268907,False,False,False,[M-2H2O+H]+,1
750,frozen,open,1369,0.0007304601899196494,False,False,False,[M-2H2O+H]+,1
752,fine_tuned,closed,299,0.0033444816053511705,False,False,True,[M-H2O+H]+,4
752,fine_tuned,open,359,0.002785515320334262,False,False,True,[M-H2O+H]+,4
752,frozen,closed,120,0.008333333333333333,False,False,True,[M-H2O+H]+,4
752,frozen,open,2119,0.00047192071731949034,False,False,True,[M-H2O+H]+,4
754,fine_tuned,closed,97,0.010309278350515464,False,False,False,[M-H2O+H]+,1
754,fine_tuned,open,97,0.010309278350515464,False,False,False,[M-H2O+H]+,1
754,frozen,closed,426,0.002347417840375587,False,False,False,[M-H2O+H]+,1
754,frozen,open,5406,0.0001849796522382538,False,False,False,[M-H2O+H]+,1
756,fine_tuned,closed,67,0.014925373134328358,False,False,False,[M+H]+,12
756,fine_tuned,open,67,0.014925373134328358,False,False,False,[M+H]+,12
756,frozen,closed,31,0.03225806451612903,False,False,False,[M+H]+,12
756,frozen,open,70,0.014285714285714285,False,False,False,[M+H]+,12
757,fine_tuned,closed,4,0.25,False,True,True,[M-2H2O+H]+,1
757,fine_tuned,open,24,0.041666666666666664,False,False,True,[M-2H2O+H]+,1
757,frozen,closed,5,0.2,False,True,True,[M-2H2O+H]+,1
757,frozen,open,5,0.2,False,True,True,[M-2H2O+H]+,1
759,fine_tuned,closed,142,0.007042253521126761,False,False,False,[M-NH3+H]+,4
759,fine_tuned,open,725,0.001379310344827586,False,False,False,[M-NH3+H]+,4
759,frozen,closed,341,0.002932551319648094,False,False,False,[M-NH3+H]+,4
759,frozen,open,4032,0.000248015873015873,False,False,False,[M-NH3+H]+,4
760,fine_tuned,closed,124,0.008064516129032258,False,False,False,[M-H2O+H]+,4
760,fine_tuned,open,608,0.001644736842105263,False,False,False,[M-H2O+H]+,4
760,frozen,closed,309,0.003236245954692557,False,False,False,[M-H2O+H]+,4
760,frozen,open,3911,0.00025568908207619537,False,False,False,[M-H2O+H]+,4
761,fine_tuned,closed,13,0.07692307692307693,False,False,True,[M+H]+,2
761,fine_tuned,open,64,0.015625,False,False,True,[M+H]+,2
761,frozen,closed,99,0.010101010101010102,False,False,True,[M+H]+,2
761,frozen,open,403,0.0024813895781637717,False,False,True,[M+H]+,2
762,fine_tuned,closed,1,1.0,True,True,True,[M+H]+,5
762,fine_tuned,open,1,1.0,True,True,True,[M+H]+,5
762,frozen,closed,21,0.047619047619047616,False,False,True,[M+H]+,5
762,frozen,open,21,0.047619047619047616,False,False,True,[M+H]+,5
763,fine_tuned,closed,105,0.009523809523809525,False,False,False,[M+H]+,6
763,fine_tuned,open,117,0.008547008547008548,False,False,False,[M+H]+,6
763,frozen,closed,84,0.011904761904761904,False,False,False,[M+H]+,6
763,frozen,open,84,0.011904761904761904,False,False,False,[M+H]+,6
764,fine_tuned,closed,302,0.0033112582781456954,False,False,False,[M-H2O+H]+,2
764,fine_tuned,open,3487,0.00028677946659019213,False,False,False,[M-H2O+H]+,2
764,frozen,closed,360,0.002777777777777778,False,False,False,[M-H2O+H]+,2
764,frozen,open,3976,0.00025150905432595576,False,False,False,[M-H2O+H]+,2
765,fine_tuned,closed,180,0.005555555555555556,False,False,True,[M-2H2O+H]+,2
765,fine_tuned,open,2671,0.00037439161362785476,False,False,True,[M-2H2O+H]+,2
765,frozen,closed,303,0.0033003300330033004,False,False,True,[M-2H2O+H]+,2
765,frozen,open,3798,0.0002632964718272775,False,False,True,[M-2H2O+H]+,2
766,fine_tuned,closed,484,0.002066115702479339,False,False,True,[M-H2O+H]+,2
766,fine_tuned,open,5584,0.00017908309455587392,False,False,True,[M-H2O+H]+,2
766,frozen,closed,382,0.002617801047120419,False,False,True,[M-H2O+H]+,2
766,frozen,open,3459,0.0002891008962127783,False,False,True,[M-H2O+H]+,2
767,fine_tuned,closed,407,0.002457002457002457,False,False,True,[M-H2O+H]+,1
767,fine_tuned,open,4750,0.0002105263157894737,False,False,True,[M-H2O+H]+,1
767,frozen,closed,13,0.07692307692307693,False,False,True,[M-H2O+H]+,1
767,frozen,open,13,0.07692307692307693,False,False,True,[M-H2O+H]+,1
768,fine_tuned,closed,426,0.002347417840375587,False,False,True,[M-H2O+H]+,3
768,fine_tuned,open,5604,0.00017844396859386153,False,False,True,[M-H2O+H]+,3
768,frozen,closed,260,0.0038461538461538464,False,False,True,[M-H2O+H]+,3
768,frozen,open,3518,0.0002842524161455372,False,False,True,[M-H2O+H]+,3
769,fine_tuned,closed,10,0.1,False,False,True,[M+H]+,4
769,fine_tuned,open,10,0.1,False,False,True,[M+H]+,4
769,frozen,closed,5,0.2,False,True,True,[M+H]+,4
769,frozen,open,5,0.2,False,True,True,[M+H]+,4
770,fine_tuned,closed,433,0.0023094688221709007,False,False,True,[M-NH3+H]+,1
770,fine_tuned,open,4688,0.00021331058020477816,False,False,True,[M-NH3+H]+,1
770,frozen,closed,88,0.011363636363636364,False,False,True,[M-NH3+H]+,1
770,frozen,open,1915,0.0005221932114882506,False,False,True,[M-NH3+H]+,1
771,fine_tuned,closed,213,0.004694835680751174,False,False,False,[M+H]+,6
771,fine_tuned,open,647,0.0015455950540958269,False,False,False,[M+H]+,6
771,frozen,closed,22,0.045454545454545456,False,False,False,[M+H]+,6
771,frozen,open,23,0.043478260869565216,False,False,False,[M+H]+,6
772,fine_tuned,closed,37,0.02702702702702703,False,False,False,[M+H]+,9
772,fine_tuned,open,37,0.02702702702702703,False,False,False,[M+H]+,9
772,frozen,closed,24,0.041666666666666664,False,False,False,[M+H]+,9
772,frozen,open,31,0.03225806451612903,False,False,False,[M+H]+,9
773,fine_tuned,closed,246,0.0040650406504065045,False,False,True,[M+NH4]+,1
773,fine_tuned,open,3018,0.0003313452617627568,False,False,True,[M+NH4]+,1
773,frozen,closed,165,0.006060606060606061,False,False,True,[M+NH4]+,1
773,frozen,open,652,0.0015337423312883436,False,False,True,[M+NH4]+,1
774,fine_tuned,closed,137,0.0072992700729927005,False,False,False,[M+NH4]+,2
774,fine_tuned,open,1126,0.0008880994671403197,False,False,False,[M+NH4]+,2
774,frozen,closed,380,0.002631578947368421,False,False,False,[M+NH4]+,2
774,frozen,open,5868,0.00017041581458759374,False,False,False,[M+NH4]+,2
775,fine_tuned,closed,379,0.002638522427440633,False,False,False,[M-H2O+H]+,3
775,fine_tuned,open,3991,0.00025056376847907793,False,False,False,[M-H2O+H]+,3
775,frozen,closed,223,0.004484304932735426,False,False,False,[M-H2O+H]+,3
775,frozen,open,4296,0.00023277467411545624,False,False,False,[M-H2O+H]+,3
776,fine_tuned,closed,259,0.003861003861003861,False,False,False,[M-2H2O+H]+,1
776,fine_tuned,open,789,0.0012674271229404308,False,False,False,[M-2H2O+H]+,1
776,frozen,closed,361,0.002770083102493075,False,False,False,[M-2H2O+H]+,1
776,frozen,open,5320,0.00018796992481203009,False,False,False,[M-2H2O+H]+,1
777,fine_tuned,closed,111,0.009009009009009009,False,False,True,[M+Na]+,3
777,fine_tuned,open,864,0.0011574074074074073,False,False,True,[M+Na]+,3
777,frozen,closed,326,0.003067484662576687,False,False,True,[M+Na]+,3
777,frozen,open,3186,0.00031387319522912746,False,False,True,[M+Na]+,3
778,fine_tuned,closed,8,0.125,False,False,False,[M+H]+,4
778,fine_tuned,open,9,0.1111111111111111,False,False,False,[M+H]+,4
778,frozen,closed,6,0.16666666666666666,False,False,False,[M+H]+,4
778,frozen,open,6,0.16666666666666666,False,False,False,[M+H]+,4
779,fine_tuned,closed,59,0.01694915254237288,False,False,True,[M-H2O+H]+,2
779,fine_tuned,open,846,0.001182033096926714,False,False,True,[M-H2O+H]+,2
779,frozen,closed,195,0.005128205128205128,False,False,True,[M-H2O+H]+,2
779,frozen,open,1238,0.0008077544426494346,False,False,True,[M-H2O+H]+,2
780,fine_tuned,closed,7,0.14285714285714285,False,False,True,[M-H2O+H]+,1
780,fine_tuned,open,7,0.14285714285714285,False,False,True,[M-H2O+H]+,1
780,frozen,closed,87,0.011494252873563218,False,False,True,[M-H2O+H]+,1
780,frozen,open,619,0.0016155088852988692,False,False,True,[M-H2O+H]+,1
781,fine_tuned,closed,201,0.004975124378109453,False,False,True,[M+H]+,20
781,fine_tuned,open,751,0.0013315579227696406,False,False,True,[M+H]+,20
781,frozen,closed,274,0.0036496350364963502,False,False,True,[M+H]+,20
781,frozen,open,2123,0.0004710315591144607,False,False,True,[M+H]+,20
782,fine_tuned,closed,207,0.004830917874396135,False,False,True,[M+Na]+,3
782,fine_tuned,open,1015,0.0009852216748768472,False,False,True,[M+Na]+,3
782,frozen,closed,198,0.005050505050505051,False,False,True,[M+Na]+,3
782,frozen,open,2534,0.0003946329913180742,False,False,True,[M+Na]+,3
783,fine_tuned,closed,269,0.0037174721189591076,False,False,False,[M+H]+,3
783,fine_tuned,open,4016,0.000249003984063745,False,False,False,[M+H]+,3
783,frozen,closed,113,0.008849557522123894,False,False,False,[M+H]+,3
783,frozen,open,1663,0.0006013229104028864,False,False,False,[M+H]+,3
784,fine_tuned,closed,43,0.023255813953488372,False,False,True,[M-H2O+H]+,1
784,fine_tuned,open,458,0.002183406113537118,False,False,True,[M-H2O+H]+,1
784,frozen,closed,115,0.008695652173913044,False,False,True,[M-H2O+H]+,1
784,frozen,open,585,0.0017094017094017094,False,False,True,[M-H2O+H]+,1
785,fine_tuned,closed,10,0.1,False,False,True,[M+H]+,4
785,fine_tuned,open,10,0.1,False,False,True,[M+H]+,4
785,frozen,closed,69,0.014492753623188406,False,False,True,[M+H]+,4
785,frozen,open,480,0.0020833333333333333,False,False,True,[M+H]+,4
786,fine_tuned,closed,327,0.0030581039755351682,False,False,True,[M+NH4]+,2
786,fine_tuned,open,2853,0.0003505082369435682,False,False,True,[M+NH4]+,2
786,frozen,closed,311,0.003215434083601286,False,False,True,[M+NH4]+,2
786,frozen,open,4246,0.00023551577955723034,False,False,True,[M+NH4]+,2
787,fine_tuned,closed,80,0.0125,False,False,False,[M+Na]+,2
787,fine_tuned,open,497,0.002012072434607646,False,False,False,[M+Na]+,2
787,frozen,closed,417,0.002398081534772182,False,False,False,[M+Na]+,2
787,frozen,open,3951,0.0002531004808909137,False,False,False,[M+Na]+,2
788,fine_tuned,closed,498,0.002008032128514056,False,False,True,[M+Na]+,3
788,fine_tuned,open,5014,0.00019944156362185878,False,False,True,[M+Na]+,3
788,frozen,closed,244,0.004098360655737705,False,False,True,[M+Na]+,3
788,frozen,open,2802,0.00035688793718772306,False,False,True,[M+Na]+,3
789,fine_tuned,closed,392,0.002551020408163265,False,False,False,[M+H]+,5
789,fine_tuned,open,3637,0.00027495188342040145,False,False,False,[M+H]+,5
789,frozen,closed,89,0.011235955056179775,False,False,False,[M+H]+,5
789,frozen,open,982,0.0010183299389002036,False,False,False,[M+H]+,5
790,fine_tuned,closed,2,0.5,False,True,True,[M+H]+,10
790,fine_tuned,open,8,0.125,False,False,True,[M+H]+,10
790,frozen,closed,11,0.09090909090909091,False,False,True,[M+H]+,10
790,frozen,open,12,0.08333333333333333,False,False,True,[M+H]+,10
796,fine_tuned,closed,130,0.007692307692307693,False,False,False,[M+H]+,18
796,fine_tuned,open,1090,0.0009174311926605505,False,False,False,[M+H]+,18
796,frozen,closed,38,0.02631578947368421,False,False,False,[M+H]+,18
796,frozen,open,672,0.001488095238095238,False,False,False,[M+H]+,18
797,fine_tuned,closed,201,0.004975124378109453,False,False,False,[M+Na]+,2
797,fine_tuned,open,3131,0.00031938677738741617,False,False,False,[M+Na]+,2
797,frozen,closed,185,0.005405405405405406,False,False,False,[M+Na]+,2
797,frozen,open,4165,0.00024009603841536616,False,False,False,[M+Na]+,2
798,fine_tuned,closed,225,0.0044444444444444444,False,False,True,[M-H2O+H]+,2
798,fine_tuned,open,2293,0.0004361098996947231,False,False,True,[M-H2O+H]+,2
798,frozen,closed,255,0.00392156862745098,False,False,True,[M-H2O+H]+,2
798,frozen,open,2140,0.00046728971962616824,False,False,True,[M-H2O+H]+,2
799,fine_tuned,closed,9,0.1111111111111111,False,False,True,[M+H]+,3
799,fine_tuned,open,9,0.1111111111111111,False,False,True,[M+H]+,3
799,frozen,closed,15,0.06666666666666667,False,False,True,[M+H]+,3
799,frozen,open,15,0.06666666666666667,False,False,True,[M+H]+,3
800,fine_tuned,closed,397,0.0025188916876574307,False,False,False,[M-H2O+H]+,1
800,fine_tuned,open,3504,0.00028538812785388126,False,False,False,[M-H2O+H]+,1
800,frozen,closed,179,0.00558659217877095,False,False,False,[M-H2O+H]+,1
800,frozen,open,1914,0.0005224660397074191,False,False,False,[M-H2O+H]+,1
801,fine_tuned,closed,474,0.002109704641350211,False,False,False,[M-H2O+H]+,3
801,fine_tuned,open,4108,0.00024342745861733204,False,False,False,[M-H2O+H]+,3
801,frozen,closed,204,0.004901960784313725,False,False,False,[M-H2O+H]+,3
801,frozen,open,4917,0.0002033760423022168,False,False,False,[M-H2O+H]+,3
802,fine_tuned,closed,98,0.01020408163265306,False,False,False,[M-H2O+H]+,2
802,fine_tuned,open,1400,0.0007142857142857143,False,False,False,[M-H2O+H]+,2
802,frozen,closed,175,0.005714285714285714,False,False,False,[M-H2O+H]+,2
802,frozen,open,1318,0.0007587253414264037,False,False,False,[M-H2O+H]+,2
803,fine_tuned,closed,122,0.00819672131147541,False,False,False,[M-H2O+H]+,1
803,fine_tuned,open,1132,0.0008833922261484099,False,False,False,[M-H2O+H]+,1
803,frozen,closed,324,0.0030864197530864196,False,False,False,[M-H2O+H]+,1
803,frozen,open,1234,0.0008103727714748784,False,False,False,[M-H2O+H]+,1
804,fine_tuned,closed,14,0.07142857142857142,False,False,False,[M-H2O+H]+,3
804,fine_tuned,open,44,0.022727272727272728,False,False,False,[M-H2O+H]+,3
804,frozen,closed,54,0.018518518518518517,False,False,False,[M-H2O+H]+,3
804,frozen,open,999,0.001001001001001001,False,False,False,[M-H2O+H]+,3
805,fine_tuned,closed,169,0.005917159763313609,False,False,True,[M+Na]+,3
805,fine_tuned,open,644,0.0015527950310559005,False,False,True,[M+Na]+,3
805,frozen,closed,248,0.004032258064516129,False,False,True,[M+Na]+,3
805,frozen,open,4501,0.00022217285047767163,False,False,True,[M+Na]+,3
806,fine_tuned,closed,265,0.0037735849056603774,False,False,False,[M+H]+,5
806,fine_tuned,open,4134,0.00024189646831156264,False,False,False,[M+H]+,5
806,frozen,closed,41,0.024390243902439025,False,False,False,[M+H]+,5
806,frozen,open,155,0.0064516129032258064,False,False,False,[M+H]+,5
807,fine_tuned,closed,313,0.003194888178913738,False,False,False,[M+H]+,2
807,fine_tuned,open,3137,0.000318775900541919,False,False,False,[M+H]+,2
807,frozen,closed,155,0.0064516129032258064,False,False,False,[M+H]+,2
807,frozen,open,3056,0.0003272251308900524,False,False,False,[M+H]+,2
808,fine_tuned,closed,478,0.0020920502092050207,False,False,False,[M-2H2O+H]+,2
808,fine_tuned,open,5379,0.00018590816136828406,False,False,False,[M-2H2O+H]+,2
808,frozen,closed,93,0.010752688172043012,False,False,False,[M-2H2O+H]+,2
808,frozen,open,2846,0.00035137034434293746,False,False,False,[M-2H2O+H]+,2
809,fine_tuned,closed,416,0.002403846153846154,False,False,True,[M-2H2O+H]+,3
809,fine_tuned,open,3989,0.000250689395838556,False,False,True,[M-2H2O+H]+,3
809,frozen,closed,264,0.003787878787878788,False,False,True,[M-2H2O+H]+,3
809,frozen,open,897,0.0011148272017837235,False,False,True,[M-2H2O+H]+,3
810,fine_tuned,closed,175,0.005714285714285714,False,False,True,[M-H2O+H]+,1
810,fine_tuned,open,2523,0.00039635354736424893,False,False,True,[M-H2O+H]+,1
810,frozen,closed,171,0.005847953216374269,False,False,True,[M-H2O+H]+,1
810,frozen,open,2759,0.0003624501631025734,False,False,True,[M-H2O+H]+,1
811,fine_tuned,closed,83,0.012048192771084338,False,False,False,[M+H]+,6
811,fine_tuned,open,486,0.00205761316872428,False,False,False,[M+H]+,6
811,frozen,closed,85,0.011764705882352941,False,False,False,[M+H]+,6
811,frozen,open,1720,0.0005813953488372093,False,False,False,[M+H]+,6
814,fine_tuned,closed,256,0.00390625,False,False,False,[M-H2O+H]+,1
814,fine_tuned,open,3443,0.0002904443799012489,False,False,False,[M-H2O+H]+,1
814,frozen,closed,107,0.009345794392523364,False,False,False,[M-H2O+H]+,1
814,frozen,open,3258,0.0003069367710251688,False,False,False,[M-H2O+H]+,1
815,fine_tuned,closed,6,0.16666666666666666,False,False,False,[M-H2O+H]+,9
815,fine_tuned,open,40,0.025,False,False,False,[M-H2O+H]+,9
815,frozen,closed,43,0.023255813953488372,False,False,False,[M-H2O+H]+,9
815,frozen,open,1113,0.0008984725965858042,False,False,False,[M-H2O+H]+,9
816,fine_tuned,closed,345,0.002898550724637681,False,False,True,[M-H2O+H]+,2
816,fine_tuned,open,3629,0.0002755580049600441,False,False,True,[M-H2O+H]+,2
816,frozen,closed,224,0.004464285714285714,False,False,True,[M-H2O+H]+,2
816,frozen,open,4251,0.0002352387673488591,False,False,True,[M-H2O+H]+,2
817,fine_tuned,closed,208,0.004807692307692308,False,False,True,[M-H2O+H]+,1
817,fine_tuned,open,1080,0.000925925925925926,False,False,True,[M-H2O+H]+,1
817,frozen,closed,101,0.009900990099009901,False,False,True,[M-H2O+H]+,1
817,frozen,open,149,0.006711409395973154,False,False,True,[M-H2O+H]+,1
818,fine_tuned,closed,42,0.023809523809523808,False,False,True,[M+H]+,5
818,fine_tuned,open,726,0.0013774104683195593,False,False,True,[M+H]+,5
818,frozen,closed,83,0.012048192771084338,False,False,True,[M+H]+,5
818,frozen,open,856,0.0011682242990654205,False,False,True,[M+H]+,5
819,fine_tuned,closed,200,0.005,False,False,False,[M+Na]+,2
819,fine_tuned,open,3064,0.00032637075718015666,False,False,False,[M+Na]+,2
819,frozen,closed,466,0.002145922746781116,False,False,False,[M+Na]+,2
819,frozen,open,4518,0.0002213368747233289,False,False,False,[M+Na]+,2
820,fine_tuned,closed,113,0.008849557522123894,False,False,False,[M+Na]+,1
820,fine_tuned,open,2313,0.00043233895373973193,False,False,False,[M+Na]+,1
820,frozen,closed,129,0.007751937984496124,False,False,False,[M+Na]+,1
820,frozen,open,2965,0.0003372681281618887,False,False,False,[M+Na]+,1
821,fine_tuned,closed,204,0.004901960784313725,False,False,False,[M-2H2O+H]+,2
821,fine_tuned,open,3073,0.0003254149040026033,False,False,False,[M-2H2O+H]+,2
821,frozen,closed,390,0.002564102564102564,False,False,False,[M-2H2O+H]+,2
821,frozen,open,4061,0.0002462447672986949,False,False,False,[M-2H2O+H]+,2
822,fine_tuned,closed,157,0.006369426751592357,False,False,False,[M-2H2O+H]+,1
822,fine_tuned,open,2743,0.0003645643456069996,False,False,False,[M-2H2O+H]+,1
822,frozen,closed,142,0.007042253521126761,False,False,False,[M-2H2O+H]+,1
822,frozen,open,3178,0.00031466331025802394,False,False,False,[M-2H2O+H]+,1
824,fine_tuned,closed,249,0.004016064257028112,False,False,True,[M-H2O+H]+,2
824,fine_tuned,open,967,0.001034126163391934,False,False,True,[M-H2O+H]+,2
824,frozen,closed,240,0.004166666666666667,False,False,True,[M-H2O+H]+,2
824,frozen,open,933,0.0010718113612004287,False,False,True,[M-H2O+H]+,2
825,fine_tuned,closed,294,0.003401360544217687,False,False,False,[M-H2O+H]+,4
825,fine_tuned,open,3418,0.0002925687536571094,False,False,False,[M-H2O+H]+,4
825,frozen,closed,70,0.014285714285714285,False,False,False,[M-H2O+H]+,4
825,frozen,open,895,0.0011173184357541898,False,False,False,[M-H2O+H]+,4
826,fine_tuned,closed,151,0.006622516556291391,False,False,False,[M+H]+,5
826,fine_tuned,open,3783,0.0002643404705260375,False,False,False,[M+H]+,5
826,frozen,closed,56,0.017857142857142856,False,False,False,[M+H]+,5
826,frozen,open,1524,0.0006561679790026247,False,False,False,[M+H]+,5
827,fine_tuned,closed,472,0.00211864406779661,False,False,False,[M+H]+,20
827,fine_tuned,open,4513,0.00022158209616662973,False,False,False,[M+H]+,20
827,frozen,closed,178,0.0056179775280898875,False,False,False,[M+H]+,20
827,frozen,open,3555,0.00028129395218002813,False,False,False,[M+H]+,20
828,fine_tuned,closed,210,0.004761904761904762,False,False,False,[M+H]+,4
828,fine_tuned,open,248,0.004032258064516129,False,False,False,[M+H]+,4
828,frozen,closed,45,0.022222222222222223,False,False,False,[M+H]+,4
828,frozen,open,116,0.008620689655172414,False,False,False,[M+H]+,4
829,fine_tuned,closed,222,0.0045045045045045045,False,False,True,[M+H]+,4
829,fine_tuned,open,4164,0.00024015369836695484,False,False,True,[M+H]+,4
829,frozen,closed,121,0.008264462809917356,False,False,True,[M+H]+,4
829,frozen,open,2892,0.00034578146611341634,False,False,True,[M+H]+,4
830,fine_tuned,closed,211,0.004739336492890996,False,False,False,[M+H]+,5
830,fine_tuned,open,1868,0.0005353319057815846,False,False,False,[M+H]+,5
830,frozen,closed,23,0.043478260869565216,False,False,False,[M+H]+,5
830,frozen,open,23,0.043478260869565216,False,False,False,[M+H]+,5
831,fine_tuned,closed,221,0.004524886877828055,False,False,False,[M+H]+,2
831,fine_tuned,open,2924,0.0003419972640218878,False,False,False,[M+H]+,2
831,frozen,closed,366,0.00273224043715847,False,False,False,[M+H]+,2
831,frozen,open,4333,0.00023078698361412417,False,False,False,[M+H]+,2
832,fine_tuned,closed,482,0.002074688796680498,False,False,False,[M-NH3+H]+,3
832,fine_tuned,open,5141,0.00019451468585878233,False,False,False,[M-NH3+H]+,3
832,frozen,closed,52,0.019230769230769232,False,False,False,[M-NH3+H]+,3
832,frozen,open,1365,0.0007326007326007326,False,False,False,[M-NH3+H]+,3
833,fine_tuned,closed,503,0.0019880715705765406,False,False,False,[M-NH3+H]+,3
833,fine_tuned,open,4855,0.00020597322348094748,False,False,False,[M-NH3+H]+,3
833,frozen,closed,226,0.004424778761061947,False,False,False,[M-NH3+H]+,3
833,frozen,open,598,0.0016722408026755853,False,False,False,[M-NH3+H]+,3
835,fine_tuned,closed,210,0.004761904761904762,False,False,False,[M-H2O+H]+,3
835,fine_tuned,open,4171,0.0002397506593143131,False,False,False,[M-H2O+H]+,3
835,frozen,closed,31,0.03225806451612903,False,False,False,[M-H2O+H]+,3
835,frozen,open,647,0.0015455950540958269,False,False,False,[M-H2O+H]+,3
836,fine_tuned,closed,160,0.00625,False,False,True,[M+H]+,4
836,fine_tuned,open,3386,0.00029533372711163615,False,False,True,[M+H]+,4
836,frozen,closed,44,0.022727272727272728,False,False,True,[M+H]+,4
836,frozen,open,763,0.001310615989515072,False,False,True,[M+H]+,4
837,fine_tuned,closed,74,0.013513513513513514,False,False,False,[M+NH4]+,8
837,fine_tuned,open,2458,0.0004068348250610252,False,False,False,[M+NH4]+,8
837,frozen,closed,11,0.09090909090909091,False,False,False,[M+NH4]+,8
837,frozen,open,663,0.0015082956259426848,False,False,False,[M+NH4]+,8
838,fine_tuned,closed,295,0.003389830508474576,False,False,False,[M+NH4]+,22
838,fine_tuned,open,1477,0.0006770480704129993,False,False,False,[M+NH4]+,22
838,frozen,closed,332,0.0030120481927710845,False,False,False,[M+NH4]+,22
838,frozen,open,2533,0.00039478878799842083,False,False,False,[M+NH4]+,22
839,fine_tuned,closed,83,0.012048192771084338,False,False,False,[M+H]+,2
839,fine_tuned,open,1977,0.0005058168942842691,False,False,False,[M+H]+,2
839,frozen,closed,155,0.0064516129032258064,False,False,False,[M+H]+,2
839,frozen,open,2395,0.0004175365344467641,False,False,False,[M+H]+,2
840,fine_tuned,closed,387,0.002583979328165375,False,False,True,[M+NH4]+,3
840,fine_tuned,open,3064,0.00032637075718015666,False,False,True,[M+NH4]+,3
840,frozen,closed,143,0.006993006993006993,False,False,True,[M+NH4]+,3
840,frozen,open,2805,0.00035650623885918,False,False,True,[M+NH4]+,3
841,fine_tuned,closed,315,0.0031746031746031746,False,False,True,[M+NH4]+,1
841,fine_tuned,open,4221,0.00023691068467187872,False,False,True,[M+NH4]+,1
841,frozen,closed,112,0.008928571428571428,False,False,True,[M+NH4]+,1
841,frozen,open,2514,0.0003977724741447892,False,False,True,[M+NH4]+,1
842,fine_tuned,closed,197,0.005076142131979695,False,False,False,[M+Na]+,4
842,fine_tuned,open,2539,0.00039385584875935406,False,False,False,[M+Na]+,4
842,frozen,closed,88,0.011363636363636364,False,False,False,[M+Na]+,4
842,frozen,open,3024,0.00033068783068783067,False,False,False,[M+Na]+,4
843,fine_tuned,closed,499,0.002004008016032064,False,False,False,[M-H2O+H]+,3
843,fine_tuned,open,3996,0.00025025025025025025,False,False,False,[M-H2O+H]+,3
843,frozen,closed,233,0.004291845493562232,False,False,False,[M-H2O+H]+,3
843,frozen,open,4489,0.00022276676319893073,False,False,False,[M-H2O+H]+,3
845,fine_tuned,closed,236,0.00423728813559322,False,False,False,[M+H]+,2
845,fine_tuned,open,3479,0.0002874389192296637,False,False,False,[M+H]+,2
845,frozen,closed,72,0.013888888888888888,False,False,False,[M+H]+,2
845,frozen,open,978,0.0010224948875255625,False,False,False,[M+H]+,2
846,fine_tuned,closed,111,0.009009009009009009,False,False,False,[M+H]+,2
846,fine_tuned,open,2615,0.0003824091778202677,False,False,False,[M+H]+,2
846,frozen,closed,83,0.012048192771084338,False,False,False,[M+H]+,2
846,frozen,open,1284,0.000778816199376947,False,False,False,[M+H]+,2
847,fine_tuned,closed,108,0.009259259259259259,False,False,False,[M+H]+,6
847,fine_tuned,open,2296,0.00043554006968641115,False,False,False,[M+H]+,6
847,frozen,closed,124,0.008064516129032258,False,False,False,[M+H]+,6
847,frozen,open,2062,0.00048496605237633366,False,False,False,[M+H]+,6
848,fine_tuned,closed,338,0.0029585798816568047,False,False,True,[M+NH4]+,4
848,fine_tuned,open,4283,0.00023348120476301658,False,False,True,[M+NH4]+,4
848,frozen,closed,290,0.0034482758620689655,False,False,True,[M+NH4]+,4
848,frozen,open,1273,0.0007855459544383347,False,False,True,[M+NH4]+,4
849,fine_tuned,closed,156,0.00641025641025641,False,False,False,[M+H]+,6
849,fine_tuned,open,3251,0.00030759766225776686,False,False,False,[M+H]+,6
849,frozen,closed,112,0.008928571428571428,False,False,False,[M+H]+,6
849,frozen,open,2095,0.00047732696897374703,False,False,False,[M+H]+,6
851,fine_tuned,closed,172,0.005813953488372093,False,False,False,[M+Na]+,7
851,fine_tuned,open,3281,0.00030478512648582747,False,False,False,[M+Na]+,7
851,frozen,closed,169,0.005917159763313609,False,False,False,[M+Na]+,7
851,frozen,open,3427,0.0002918004085205719,False,False,False,[M+Na]+,7
852,fine_tuned,closed,364,0.0027472527472527475,False,False,False,[M+H]+,6
852,fine_tuned,open,5057,0.00019774569903104609,False,False,False,[M+H]+,6
852,frozen,closed,114,0.008771929824561403,False,False,False,[M+H]+,6
852,frozen,open,2709,0.00036913990402362494,False,False,False,[M+H]+,6
853,fine_tuned,closed,125,0.008,False,False,False,[M-H2O+H]+,1
853,fine_tuned,open,2851,0.00035075412136092597,False,False,False,[M-H2O+H]+,1
853,frozen,closed,81,0.012345679012345678,False,False,False,[M-H2O+H]+,1
853,frozen,open,2295,0.00043572984749455336,False,False,False,[M-H2O+H]+,1
854,fine_tuned,closed,270,0.003703703703703704,False,False,False,[M-H2O+H]+,5
854,fine_tuned,open,435,0.0022988505747126436,False,False,False,[M-H2O+H]+,5
854,frozen,closed,70,0.014285714285714285,False,False,False,[M-H2O+H]+,5
854,frozen,open,2346,0.00042625745950554135,False,False,False,[M-H2O+H]+,5
855,fine_tuned,closed,161,0.006211180124223602,False,False,False,[M+NH4]+,2
855,fine_tuned,open,584,0.0017123287671232876,False,False,False,[M+NH4]+,2
855,frozen,closed,174,0.005747126436781609,False,False,False,[M+NH4]+,2
855,frozen,open,182,0.005494505494505495,False,False,False,[M+NH4]+,2
856,fine_tuned,closed,390,0.002564102564102564,False,False,False,[M+Na]+,3
856,fine_tuned,open,5500,0.0001818181818181818,False,False,False,[M+Na]+,3
856,frozen,closed,117,0.008547008547008548,False,False,False,[M+Na]+,3
856,frozen,open,1162,0.0008605851979345956,False,False,False,[M+Na]+,3
857,fine_tuned,closed,155,0.0064516129032258064,False,False,False,[M+Na]+,2
857,fine_tuned,open,1655,0.0006042296072507553,False,False,False,[M+Na]+,2
857,frozen,closed,342,0.0029239766081871343,False,False,False,[M+Na]+,2
857,frozen,open,3666,0.00027277686852154935,False,False,False,[M+Na]+,2
858,fine_tuned,closed,48,0.020833333333333332,False,False,False,[M+H]+,6
858,fine_tuned,open,2159,0.0004631773969430292,False,False,False,[M+H]+,6
858,frozen,closed,88,0.011363636363636364,False,False,False,[M+H]+,6
858,frozen,open,2569,0.00038925652004671076,False,False,False,[M+H]+,6
859,fine_tuned,closed,148,0.006756756756756757,False,False,False,[M+H]+,6
859,fine_tuned,open,3470,0.00028818443804034583,False,False,False,[M+H]+,6
859,frozen,closed,101,0.009900990099009901,False,False,False,[M+H]+,6
859,frozen,open,2808,0.00035612535612535614,False,False,False,[M+H]+,6
860,fine_tuned,closed,97,0.010309278350515464,False,False,False,[M-H2O+H]+,1
860,fine_tuned,open,2684,0.00037257824143070045,False,False,False,[M-H2O+H]+,1
860,frozen,closed,131,0.007633587786259542,False,False,False,[M-H2O+H]+,1
860,frozen,open,2981,0.0003354579000335458,False,False,False,[M-H2O+H]+,1
861,fine_tuned,closed,36,0.027777777777777776,False,False,False,[M-H2O+H]+,6
861,fine_tuned,open,395,0.002531645569620253,False,False,False,[M-H2O+H]+,6
861,frozen,closed,10,0.1,False,False,False,[M-H2O+H]+,6
861,frozen,open,43,0.023255813953488372,False,False,False,[M-H2O+H]+,6
862,fine_tuned,closed,86,0.011627906976744186,False,False,False,[M+H]+,11
862,fine_tuned,open,2430,0.00041152263374485596,False,False,False,[M+H]+,11
862,frozen,closed,82,0.012195121951219513,False,False,False,[M+H]+,11
862,frozen,open,2366,0.00042265426880811494,False,False,False,[M+H]+,11
863,fine_tuned,closed,62,0.016129032258064516,False,False,False,[M-H2O+H]+,5
863,fine_tuned,open,67,0.014925373134328358,False,False,False,[M-H2O+H]+,5
863,frozen,closed,218,0.0045871559633027525,False,False,False,[M-H2O+H]+,5
863,frozen,open,404,0.0024752475247524753,False,False,False,[M-H2O+H]+,5
864,fine_tuned,closed,121,0.008264462809917356,False,False,False,[M-H2O+H]+,1
864,fine_tuned,open,127,0.007874015748031496,False,False,False,[M-H2O+H]+,1
864,frozen,closed,416,0.002403846153846154,False,False,False,[M-H2O+H]+,1
864,frozen,open,5595,0.00017873100983020553,False,False,False,[M-H2O+H]+,1
865,fine_tuned,closed,24,0.041666666666666664,False,False,False,[M+H]+,4
865,fine_tuned,open,24,0.041666666666666664,False,False,False,[M+H]+,4
865,frozen,closed,86,0.011627906976744186,False,False,False,[M+H]+,4
865,frozen,open,238,0.004201680672268907,False,False,False,[M+H]+,4
866,fine_tuned,closed,136,0.007352941176470588,False,False,True,[M-H2O+H]+,4
866,fine_tuned,open,190,0.005263157894736842,False,False,True,[M-H2O+H]+,4
866,frozen,closed,207,0.004830917874396135,False,False,True,[M-H2O+H]+,4
866,frozen,open,3225,0.000310077519379845,False,False,True,[M-H2O+H]+,4
867,fine_tuned,closed,22,0.045454545454545456,False,False,False,[M+H]+,4
867,fine_tuned,open,22,0.045454545454545456,False,False,False,[M+H]+,4
867,frozen,closed,231,0.004329004329004329,False,False,False,[M+H]+,4
867,frozen,open,1335,0.000749063670411985,False,False,False,[M+H]+,4
868,fine_tuned,closed,11,0.09090909090909091,False,False,False,[M+Na]+,2
868,fine_tuned,open,11,0.09090909090909091,False,False,False,[M+Na]+,2
868,frozen,closed,490,0.0020408163265306124,False,False,False,[M+Na]+,2
868,frozen,open,6013,0.00016630633627141194,False,False,False,[M+Na]+,2
869,fine_tuned,closed,4,0.25,False,True,True,[M-H2O+H]+,13
869,fine_tuned,open,193,0.0051813471502590676,False,False,True,[M-H2O+H]+,13
869,frozen,closed,17,0.058823529411764705,False,False,True,[M-H2O+H]+,13
869,frozen,open,681,0.0014684287812041115,False,False,True,[M-H2O+H]+,13
870,fine_tuned,closed,330,0.0030303030303030303,False,False,False,[M-H2O+H]+,4
870,fine_tuned,open,2353,0.00042498937526561835,False,False,False,[M-H2O+H]+,4
870,frozen,closed,489,0.002044989775051125,False,False,False,[M-H2O+H]+,4
870,frozen,open,6038,0.00016561775422325274,False,False,False,[M-H2O+H]+,4
871,fine_tuned,closed,21,0.047619047619047616,False,False,True,[M+H]+,3
871,fine_tuned,open,21,0.047619047619047616,False,False,True,[M+H]+,3
871,frozen,closed,106,0.009433962264150943,False,False,True,[M+H]+,3
871,frozen,open,219,0.0045662100456621,False,False,True,[M+H]+,3
872,fine_tuned,closed,352,0.002840909090909091,False,False,False,[M+Na]+,3
872,fine_tuned,open,4598,0.00021748586341887777,False,False,False,[M+Na]+,3
872,frozen,closed,333,0.003003003003003003,False,False,False,[M+Na]+,3
872,frozen,open,3898,0.0002565418163160595,False,False,False,[M+Na]+,3
873,fine_tuned,closed,70,0.014285714285714285,False,False,True,[M-2H2O+H]+,3
873,fine_tuned,open,961,0.001040582726326743,False,False,True,[M-2H2O+H]+,3
873,frozen,closed,356,0.0028089887640449437,False,False,True,[M-2H2O+H]+,3
873,frozen,open,5210,0.00019193857965451057,False,False,True,[M-2H2O+H]+,3
874,fine_tuned,closed,351,0.002849002849002849,False,False,False,[M-H2O+H]+,16
874,fine_tuned,open,2446,0.0004088307440719542,False,False,False,[M-H2O+H]+,16
874,frozen,closed,450,0.0022222222222222222,False,False,False,[M-H2O+H]+,16
874,frozen,open,5272,0.00018968133535660092,False,False,False,[M-H2O+H]+,16
875,fine_tuned,closed,411,0.0024330900243309003,False,False,False,[M-H2O+H]+,1
875,fine_tuned,open,3460,0.00028901734104046245,False,False,False,[M-H2O+H]+,1
875,frozen,closed,487,0.002053388090349076,False,False,False,[M-H2O+H]+,1
875,frozen,open,5787,0.00017280110592707794,False,False,False,[M-H2O+H]+,1
876,fine_tuned,closed,433,0.0023094688221709007,False,False,False,[M-H2O+H]+,1
876,fine_tuned,open,4341,0.000230361667818475,False,False,False,[M-H2O+H]+,1
876,frozen,closed,116,0.008620689655172414,False,False,False,[M-H2O+H]+,1
876,frozen,open,258,0.003875968992248062,False,False,False,[M-H2O+H]+,1
877,fine_tuned,closed,215,0.004651162790697674,False,False,False,[M-NH3+H]+,3
877,fine_tuned,open,1747,0.0005724098454493417,False,False,False,[M-NH3+H]+,3
877,frozen,closed,459,0.002178649237472767,False,False,False,[M-NH3+H]+,3
877,frozen,open,5823,0.0001717327837884252,False,False,False,[M-NH3+H]+,3
878,fine_tuned,closed,12,0.08333333333333333,False,False,True,[M+H]+,4
878,fine_tuned,open,28,0.03571428571428571,False,False,True,[M+H]+,4
878,frozen,closed,116,0.008620689655172414,False,False,True,[M+H]+,4
878,frozen,open,132,0.007575757575757576,False,False,True,[M+H]+,4
879,fine_tuned,closed,95,0.010526315789473684,False,False,False,[M+H]+,4
879,fine_tuned,open,138,0.007246376811594203,False,False,False,[M+H]+,4
879,frozen,closed,206,0.0048543689320388345,False,False,False,[M+H]+,4
879,frozen,open,1359,0.0007358351729212656,False,False,False,[M+H]+,4
881,fine_tuned,closed,86,0.011627906976744186,False,False,True,[M-H2O+H]+,2
881,fine_tuned,open,91,0.01098901098901099,False,False,True,[M-H2O+H]+,2
881,frozen,closed,297,0.003367003367003367,False,False,True,[M-H2O+H]+,2
881,frozen,open,4663,0.0002144542140253056,False,False,True,[M-H2O+H]+,2
883,fine_tuned,closed,303,0.0033003300330033004,False,False,True,[M-H2O+H]+,2
883,fine_tuned,open,3915,0.0002554278416347382,False,False,True,[M-H2O+H]+,2
883,frozen,closed,165,0.006060606060606061,False,False,True,[M-H2O+H]+,2
883,frozen,open,3781,0.0002644802962179318,False,False,True,[M-H2O+H]+,2
884,fine_tuned,closed,37,0.02702702702702703,False,False,True,[M-H2O+H]+,2
884,fine_tuned,open,804,0.0012437810945273632,False,False,True,[M-H2O+H]+,2
884,frozen,closed,18,0.05555555555555555,False,False,True,[M-H2O+H]+,2
884,frozen,open,18,0.05555555555555555,False,False,True,[M-H2O+H]+,2
885,fine_tuned,closed,73,0.0136986301369863,False,False,True,[M-H2O+H]+,2
885,fine_tuned,open,1761,0.0005678591709256105,False,False,True,[M-H2O+H]+,2
885,frozen,closed,297,0.003367003367003367,False,False,True,[M-H2O+H]+,2
885,frozen,open,4242,0.00023573785950023574,False,False,True,[M-H2O+H]+,2
886,fine_tuned,closed,61,0.01639344262295082,False,False,False,[M+H]+,3
886,fine_tuned,open,61,0.01639344262295082,False,False,False,[M+H]+,3
886,frozen,closed,210,0.004761904761904762,False,False,False,[M+H]+,3
886,frozen,open,1460,0.0006849315068493151,False,False,False,[M+H]+,3
887,fine_tuned,closed,176,0.005681818181818182,False,False,False,[M+H]+,4
887,fine_tuned,open,181,0.0055248618784530384,False,False,False,[M+H]+,4
887,frozen,closed,420,0.002380952380952381,False,False,False,[M+H]+,4
887,frozen,open,5052,0.0001979414093428345,False,False,False,[M+H]+,4
888,fine_tuned,closed,31,0.03225806451612903,False,False,False,[M+H]+,7
888,fine_tuned,open,50,0.02,False,False,False,[M+H]+,7
888,frozen,closed,165,0.006060606060606061,False,False,False,[M+H]+,7
888,frozen,open,194,0.005154639175257732,False,False,False,[M+H]+,7
889,fine_tuned,closed,123,0.008130081300813009,False,False,False,[M-NH3+H]+,1
889,fine_tuned,open,2303,0.0004342162396873643,False,False,False,[M-NH3+H]+,1
889,frozen,closed,204,0.004901960784313725,False,False,False,[M-NH3+H]+,1
889,frozen,open,3774,0.00026497085320614734,False,False,False,[M-NH3+H]+,1
890,fine_tuned,closed,476,0.0021008403361344537,False,False,False,[M+Na]+,1
890,fine_tuned,open,4473,0.000223563603845294,False,False,False,[M+Na]+,1
890,frozen,closed,274,0.0036496350364963502,False,False,False,[M+Na]+,1
890,frozen,open,1286,0.0007776049766718507,False,False,False,[M+Na]+,1
891,fine_tuned,closed,1,1.0,True,True,True,[M+H]+,6
891,fine_tuned,open,1,1.0,True,True,True,[M+H]+,6
891,frozen,closed,129,0.007751937984496124,False,False,True,[M+H]+,6
891,frozen,open,153,0.006535947712418301,False,False,True,[M+H]+,6
892,fine_tuned,closed,96,0.010416666666666666,False,False,True,[M+H]+,1
892,fine_tuned,open,2337,0.0004278990158322636,False,False,True,[M+H]+,1
892,frozen,closed,375,0.0026666666666666666,False,False,True,[M+H]+,1
892,frozen,open,5420,0.00018450184501845018,False,False,True,[M+H]+,1
893,fine_tuned,closed,165,0.006060606060606061,False,False,False,[M-H2O+H]+,15
893,fine_tuned,open,201,0.004975124378109453,False,False,False,[M-H2O+H]+,15
893,frozen,closed,64,0.015625,False,False,False,[M-H2O+H]+,15
893,frozen,open,71,0.014084507042253521,False,False,False,[M-H2O+H]+,15
894,fine_tuned,closed,22,0.045454545454545456,False,False,False,[M-H2O+H]+,1
894,fine_tuned,open,651,0.0015360983102918587,False,False,False,[M-H2O+H]+,1
894,frozen,closed,155,0.0064516129032258064,False,False,False,[M-H2O+H]+,1
894,frozen,open,2257,0.00044306601683650863,False,False,False,[M-H2O+H]+,1
895,fine_tuned,closed,109,0.009174311926605505,False,False,False,[M-H2O+H]+,3
895,fine_tuned,open,1340,0.0007462686567164179,False,False,False,[M-H2O+H]+,3
895,frozen,closed,101,0.009900990099009901,False,False,False,[M-H2O+H]+,3
895,frozen,open,1613,0.0006199628022318661,False,False,False,[M-H2O+H]+,3
896,fine_tuned,closed,20,0.05,False,False,True,[M+H]+,6
896,fine_tuned,open,79,0.012658227848101266,False,False,True,[M+H]+,6
896,frozen,closed,31,0.03225806451612903,False,False,True,[M+H]+,6
896,frozen,open,37,0.02702702702702703,False,False,True,[M+H]+,6
897,fine_tuned,closed,278,0.0035971223021582736,False,False,False,[M+NH4]+,1
897,fine_tuned,open,2811,0.0003557452863749555,False,False,False,[M+NH4]+,1
897,frozen,closed,67,0.014925373134328358,False,False,False,[M+NH4]+,1
897,frozen,open,94,0.010638297872340425,False,False,False,[M+NH4]+,1
898,fine_tuned,closed,518,0.0019305019305019305,False,False,False,[M+Na]+,4
898,fine_tuned,open,5444,0.0001836884643644379,False,False,False,[M+Na]+,4
898,frozen,closed,463,0.0021598272138228943,False,False,False,[M+Na]+,4
898,frozen,open,5262,0.00019004180919802356,False,False,False,[M+Na]+,4
901,fine_tuned,closed,59,0.01694915254237288,False,False,False,[M+H]+,6
901,fine_tuned,open,1606,0.0006226650062266501,False,False,False,[M+H]+,6
901,frozen,closed,20,0.05,False,False,False,[M+H]+,6
901,frozen,open,310,0.0032258064516129032,False,False,False,[M+H]+,6
903,fine_tuned,closed,353,0.0028328611898017,False,False,True,[M-NH3+H]+,1
903,fine_tuned,open,4729,0.00021146119687037428,False,False,True,[M-NH3+H]+,1
903,frozen,closed,394,0.0025380710659898475,False,False,True,[M-NH3+H]+,1
903,frozen,open,5579,0.0001792435920415845,False,False,True,[M-NH3+H]+,1
904,fine_tuned,closed,220,0.004545454545454545,False,False,True,[M-H2O+H]+,3
904,fine_tuned,open,3662,0.00027307482250136535,False,False,True,[M-H2O+H]+,3
904,frozen,closed,249,0.004016064257028112,False,False,True,[M-H2O+H]+,3
904,frozen,open,3751,0.00026659557451346307,False,False,True,[M-H2O+H]+,3
905,fine_tuned,closed,2,0.5,False,True,False,[M+H]+,5
905,fine_tuned,open,2,0.5,False,True,False,[M+H]+,5
905,frozen,closed,154,0.006493506493506494,False,False,False,[M+H]+,5
905,frozen,open,1433,0.0006978367062107466,False,False,False,[M+H]+,5
906,fine_tuned,closed,17,0.058823529411764705,False,False,True,[M+NH4]+,10
906,fine_tuned,open,117,0.008547008547008548,False,False,True,[M+NH4]+,10
906,frozen,closed,22,0.045454545454545456,False,False,True,[M+NH4]+,10
906,frozen,open,108,0.009259259259259259,False,False,True,[M+NH4]+,10
907,fine_tuned,closed,313,0.003194888178913738,False,False,True,[M+Na]+,1
907,fine_tuned,open,3722,0.00026867275658248256,False,False,True,[M+Na]+,1
907,frozen,closed,253,0.003952569169960474,False,False,True,[M+Na]+,1
907,frozen,open,4032,0.000248015873015873,False,False,True,[M+Na]+,1
908,fine_tuned,closed,272,0.003676470588235294,False,False,True,[M+Na]+,1
908,fine_tuned,open,3414,0.00029291154071470416,False,False,True,[M+Na]+,1
908,frozen,closed,243,0.00411522633744856,False,False,True,[M+Na]+,1
908,frozen,open,3946,0.00025342118601115053,False,False,True,[M+Na]+,1
909,fine_tuned,closed,333,0.003003003003003003,False,False,True,[M+Na]+,3
909,fine_tuned,open,4570,0.0002188183807439825,False,False,True,[M+Na]+,3
909,frozen,closed,47,0.02127659574468085,False,False,True,[M+Na]+,3
909,frozen,open,867,0.0011534025374855825,False,False,True,[M+Na]+,3
910,fine_tuned,closed,372,0.002688172043010753,False,False,False,[M+NH4]+,3
910,fine_tuned,open,4091,0.0002444390124663896,False,False,False,[M+NH4]+,3
910,frozen,closed,306,0.0032679738562091504,False,False,False,[M+NH4]+,3
910,frozen,open,3245,0.0003081664098613251,False,False,False,[M+NH4]+,3
911,fine_tuned,closed,87,0.011494252873563218,False,False,True,[M+H]+,20
911,fine_tuned,open,259,0.003861003861003861,False,False,True,[M+H]+,20
911,frozen,closed,104,0.009615384615384616,False,False,True,[M+H]+,20
911,frozen,open,753,0.0013280212483399733,False,False,True,[M+H]+,20
912,fine_tuned,closed,37,0.02702702702702703,False,False,False,[M+Na]+,8
912,fine_tuned,open,321,0.003115264797507788,False,False,False,[M+Na]+,8
912,frozen,closed,267,0.003745318352059925,False,False,False,[M+Na]+,8
912,frozen,open,1931,0.0005178663904712584,False,False,False,[M+Na]+,8
913,fine_tuned,closed,127,0.007874015748031496,False,False,True,[M+H]+,8
913,fine_tuned,open,2464,0.00040584415584415587,False,False,True,[M+H]+,8
913,frozen,closed,102,0.00980392156862745,False,False,True,[M+H]+,8
913,frozen,open,1360,0.0007352941176470588,False,False,True,[M+H]+,8
914,fine_tuned,closed,142,0.007042253521126761,False,False,False,[M-H2O+H]+,2
914,fine_tuned,open,2795,0.00035778175313059033,False,False,False,[M-H2O+H]+,2
914,frozen,closed,107,0.009345794392523364,False,False,False,[M-H2O+H]+,2
914,frozen,open,1281,0.00078064012490242,False,False,False,[M-H2O+H]+,2
915,fine_tuned,closed,153,0.006535947712418301,False,False,False,[M-H2O+H]+,2
915,fine_tuned,open,3337,0.00029967036260113877,False,False,False,[M-H2O+H]+,2
915,frozen,closed,50,0.02,False,False,False,[M-H2O+H]+,2
915,frozen,open,1529,0.0006540222367560497,False,False,False,[M-H2O+H]+,2
916,fine_tuned,closed,151,0.006622516556291391,False,False,False,[M+Na]+,1
916,fine_tuned,open,3331,0.0003002101471029721,False,False,False,[M+Na]+,1
916,frozen,closed,257,0.0038910505836575876,False,False,False,[M+Na]+,1
916,frozen,open,4190,0.00023866348448687351,False,False,False,[M+Na]+,1
917,fine_tuned,closed,123,0.008130081300813009,False,False,False,[M+Na]+,2
917,fine_tuned,open,1903,0.0005254860746190226,False,False,False,[M+Na]+,2
917,frozen,closed,265,0.0037735849056603774,False,False,False,[M+Na]+,2
917,frozen,open,3024,0.00033068783068783067,False,False,False,[M+Na]+,2
918,fine_tuned,closed,146,0.00684931506849315,False,False,False,[M-NH3+H]+,1
918,fine_tuned,open,3298,0.00030321406913280777,False,False,False,[M-NH3+H]+,1
918,frozen,closed,113,0.008849557522123894,False,False,False,[M-NH3+H]+,1
918,frozen,open,3165,0.000315955766192733,False,False,False,[M-NH3+H]+,1
919,fine_tuned,closed,380,0.002631578947368421,False,False,True,[M+Na]+,2
919,fine_tuned,open,5077,0.00019696671262556627,False,False,True,[M+Na]+,2
919,frozen,closed,241,0.004149377593360996,False,False,True,[M+Na]+,2
919,frozen,open,3332,0.00030012004801920766,False,False,True,[M+Na]+,2
920,fine_tuned,closed,397,0.0025188916876574307,False,False,True,[M+Na]+,3
920,fine_tuned,open,4906,0.00020383204239706482,False,False,True,[M+Na]+,3
920,frozen,closed,152,0.006578947368421052,False,False,True,[M+Na]+,3
920,frozen,open,2369,0.00042211903756859433,False,False,True,[M+Na]+,3
922,fine_tuned,closed,259,0.003861003861003861,False,False,True,[M+NH4]+,24
922,fine_tuned,open,2620,0.0003816793893129771,False,False,True,[M+NH4]+,24
922,frozen,closed,80,0.0125,False,False,True,[M+NH4]+,24
922,frozen,open,2334,0.0004284490145672665,False,False,True,[M+NH4]+,24
923,fine_tuned,closed,268,0.0037313432835820895,False,False,True,[M+Na]+,1
923,fine_tuned,open,4206,0.00023775558725630053,False,False,True,[M+Na]+,1
923,frozen,closed,129,0.007751937984496124,False,False,True,[M+Na]+,1
923,frozen,open,3580,0.00027932960893854746,False,False,True,[M+Na]+,1
924,fine_tuned,closed,41,0.024390243902439025,False,False,False,[M+H]+,11
924,fine_tuned,open,1037,0.0009643201542912247,False,False,False,[M+H]+,11
924,frozen,closed,94,0.010638297872340425,False,False,False,[M+H]+,11
924,frozen,open,2299,0.00043497172683775554,False,False,False,[M+H]+,11
925,fine_tuned,closed,87,0.011494252873563218,False,False,False,[M+Na]+,2
925,fine_tuned,open,2276,0.0004393673110720562,False,False,False,[M+Na]+,2
925,frozen,closed,144,0.006944444444444444,False,False,False,[M+Na]+,2
925,frozen,open,3589,0.00027862914460852607,False,False,False,[M+Na]+,2
926,fine_tuned,closed,38,0.02631578947368421,False,False,True,[M-H2O+H]+,4
926,fine_tuned,open,39,0.02564102564102564,False,False,True,[M-H2O+H]+,4
926,frozen,closed,448,0.002232142857142857,False,False,True,[M-H2O+H]+,4
926,frozen,open,3962,0.0002523977788995457,False,False,True,[M-H2O+H]+,4
927,fine_tuned,closed,1,1.0,True,True,False,[M+H]+,5
927,fine_tuned,open,1,1.0,True,True,False,[M+H]+,5
927,frozen,closed,26,0.038461538461538464,False,False,False,[M+H]+,5
927,frozen,open,32,0.03125,False,False,False,[M+H]+,5
928,fine_tuned,closed,121,0.008264462809917356,False,False,True,[M-2H2O+H]+,2
928,fine_tuned,open,326,0.003067484662576687,False,False,True,[M-2H2O+H]+,2
928,frozen,closed,18,0.05555555555555555,False,False,True,[M-2H2O+H]+,2
928,frozen,open,38,0.02631578947368421,False,False,True,[M-2H2O+H]+,2
930,fine_tuned,closed,1,1.0,True,True,True,[M+H]+,2
930,fine_tuned,open,1,1.0,True,True,True,[M+H]+,2
930,frozen,closed,126,0.007936507936507936,False,False,True,[M+H]+,2
930,frozen,open,473,0.0021141649048625794,False,False,True,[M+H]+,2
931,fine_tuned,closed,6,0.16666666666666666,False,False,True,[M-H2O+H]+,5
931,fine_tuned,open,310,0.0032258064516129032,False,False,True,[M-H2O+H]+,5
931,frozen,closed,4,0.25,False,True,True,[M-H2O+H]+,5
931,frozen,open,413,0.002421307506053269,False,False,True,[M-H2O+H]+,5
933,fine_tuned,closed,173,0.005780346820809248,False,False,True,[M-H2O+H]+,6
933,fine_tuned,open,1155,0.0008658008658008658,False,False,True,[M-H2O+H]+,6
933,frozen,closed,368,0.002717391304347826,False,False,True,[M-H2O+H]+,6
933,frozen,open,3688,0.00027114967462039046,False,False,True,[M-H2O+H]+,6
934,fine_tuned,closed,18,0.05555555555555555,False,False,False,[M+H]+,3
934,fine_tuned,open,18,0.05555555555555555,False,False,False,[M+H]+,3
934,frozen,closed,111,0.009009009009009009,False,False,False,[M+H]+,3
934,frozen,open,317,0.0031545741324921135,False,False,False,[M+H]+,3
935,fine_tuned,closed,11,0.09090909090909091,False,False,True,[M-2H2O+H]+,25
935,fine_tuned,open,99,0.010101010101010102,False,False,True,[M-2H2O+H]+,25
935,frozen,closed,306,0.0032679738562091504,False,False,True,[M-2H2O+H]+,25
935,frozen,open,4822,0.00020738282870178348,False,False,True,[M-2H2O+H]+,25
937,fine_tuned,closed,153,0.006535947712418301,False,False,False,[M-H2O+H]+,3
937,fine_tuned,open,1065,0.0009389671361502347,False,False,False,[M-H2O+H]+,3
937,frozen,closed,134,0.007462686567164179,False,False,False,[M-H2O+H]+,3
937,frozen,open,178,0.0056179775280898875,False,False,False,[M-H2O+H]+,3
939,fine_tuned,closed,171,0.005847953216374269,False,False,False,[M-NH3+H]+,1
939,fine_tuned,open,2790,0.00035842293906810036,False,False,False,[M-NH3+H]+,1
939,frozen,closed,157,0.006369426751592357,False,False,False,[M-NH3+H]+,1
939,frozen,open,305,0.003278688524590164,False,False,False,[M-NH3+H]+,1
941,fine_tuned,closed,157,0.006369426751592357,False,False,False,[M-H2O+H]+,1
941,fine_tuned,open,2670,0.0003745318352059925,False,False,False,[M-H2O+H]+,1
941,frozen,closed,129,0.007751937984496124,False,False,False,[M-H2O+H]+,1
941,frozen,open,236,0.00423728813559322,False,False,False,[M-H2O+H]+,1
942,fine_tuned,closed,10,0.1,False,False,True,[M+H]+,3
942,fine_tuned,open,26,0.038461538461538464,False,False,True,[M+H]+,3
942,frozen,closed,150,0.006666666666666667,False,False,True,[M+H]+,3
942,frozen,open,153,0.006535947712418301,False,False,True,[M+H]+,3
943,fine_tuned,closed,62,0.016129032258064516,False,False,True,[M+H]+,1
943,fine_tuned,open,447,0.0022371364653243847,False,False,True,[M+H]+,1
943,frozen,closed,162,0.006172839506172839,False,False,True,[M+H]+,1
943,frozen,open,4308,0.00023212627669452182,False,False,True,[M+H]+,1
944,fine_tuned,closed,33,0.030303030303030304,False,False,True,[M+H]+,4
944,fine_tuned,open,34,0.029411764705882353,False,False,True,[M+H]+,4
944,frozen,closed,117,0.008547008547008548,False,False,True,[M+H]+,4
944,frozen,open,371,0.0026954177897574125,False,False,True,[M+H]+,4
945,fine_tuned,closed,153,0.006535947712418301,False,False,False,[M-H2O+H]+,2
945,fine_tuned,open,548,0.0018248175182481751,False,False,False,[M-H2O+H]+,2
945,frozen,closed,23,0.043478260869565216,False,False,False,[M-H2O+H]+,2
945,frozen,open,590,0.001694915254237288,False,False,False,[M-H2O+H]+,2
946,fine_tuned,closed,192,0.005208333333333333,False,False,False,[M-NH3+H]+,4
946,fine_tuned,open,529,0.001890359168241966,False,False,False,[M-NH3+H]+,4
946,frozen,closed,201,0.004975124378109453,False,False,False,[M-NH3+H]+,4
946,frozen,open,3420,0.00029239766081871346,False,False,False,[M-NH3+H]+,4
948,fine_tuned,closed,17,0.058823529411764705,False,False,True,[M-H2O+H]+,2
948,fine_tuned,open,22,0.045454545454545456,False,False,True,[M-H2O+H]+,2
948,frozen,closed,10,0.1,False,False,True,[M-H2O+H]+,2
948,frozen,open,233,0.004291845493562232,False,False,True,[M-H2O+H]+,2
949,fine_tuned,closed,20,0.05,False,False,True,[M+H]+,3
949,fine_tuned,open,20,0.05,False,False,True,[M+H]+,3
949,frozen,closed,106,0.009433962264150943,False,False,True,[M+H]+,3
949,frozen,open,272,0.003676470588235294,False,False,True,[M+H]+,3
950,fine_tuned,closed,13,0.07692307692307693,False,False,True,[M+H]+,1
950,fine_tuned,open,13,0.07692307692307693,False,False,True,[M+H]+,1
950,frozen,closed,65,0.015384615384615385,False,False,True,[M+H]+,1
950,frozen,open,80,0.0125,False,False,True,[M+H]+,1
951,fine_tuned,closed,26,0.038461538461538464,False,False,False,[M+H]+,6
951,fine_tuned,open,27,0.037037037037037035,False,False,False,[M+H]+,6
951,frozen,closed,169,0.005917159763313609,False,False,False,[M+H]+,6
951,frozen,open,402,0.0024875621890547263,False,False,False,[M+H]+,6
952,fine_tuned,closed,86,0.011627906976744186,False,False,False,[M+H]+,1
952,fine_tuned,open,1236,0.0008090614886731392,False,False,False,[M+H]+,1
952,frozen,closed,442,0.0022624434389140274,False,False,False,[M+H]+,1
952,frozen,open,5394,0.0001853911753800519,False,False,False,[M+H]+,1
953,fine_tuned,closed,3,0.3333333333333333,False,True,True,[M+NH4]+,2
953,fine_tuned,open,83,0.012048192771084338,False,False,True,[M+NH4]+,2
953,frozen,closed,128,0.0078125,False,False,True,[M+NH4]+,2
953,frozen,open,129,0.007751937984496124,False,False,True,[M+NH4]+,2
954,fine_tuned,closed,131,0.007633587786259542,False,False,False,[M+H]+,4
954,fine_tuned,open,591,0.001692047377326565,False,False,False,[M+H]+,4
954,frozen,closed,154,0.006493506493506494,False,False,False,[M+H]+,4
954,frozen,open,511,0.0019569471624266144,False,False,False,[M+H]+,4
955,fine_tuned,closed,94,0.010638297872340425,False,False,True,[M+NH4]+,2
955,fine_tuned,open,1028,0.0009727626459143969,False,False,True,[M+NH4]+,2
955,frozen,closed,199,0.005025125628140704,False,False,True,[M+NH4]+,2
955,frozen,open,1886,0.0005302226935312832,False,False,True,[M+NH4]+,2
956,fine_tuned,closed,20,0.05,False,False,True,[M+Na]+,4
956,fine_tuned,open,455,0.002197802197802198,False,False,True,[M+Na]+,4
956,frozen,closed,65,0.015384615384615385,False,False,True,[M+Na]+,4
956,frozen,open,1817,0.000550357732526142,False,False,True,[M+Na]+,4
958,fine_tuned,closed,280,0.0035714285714285713,False,False,True,[M-H2O+H]+,3
958,fine_tuned,open,1889,0.0005293806246691371,False,False,True,[M-H2O+H]+,3
958,frozen,closed,272,0.003676470588235294,False,False,True,[M-H2O+H]+,3
958,frozen,open,3033,0.0003297065611605671,False,False,True,[M-H2O+H]+,3
959,fine_tuned,closed,431,0.002320185614849188,False,False,True,[M+Na]+,1
959,fine_tuned,open,4353,0.00022972662531587412,False,False,True,[M+Na]+,1
959,frozen,closed,545,0.001834862385321101,False,False,True,[M+Na]+,1
959,frozen,open,6117,0.00016347882949158083,False,False,True,[M+Na]+,1
960,fine_tuned,closed,16,0.0625,False,False,False,[M+H]+,7
960,fine_tuned,open,16,0.0625,False,False,False,[M+H]+,7
960,frozen,closed,19,0.05263157894736842,False,False,False,[M+H]+,7
960,frozen,open,50,0.02,False,False,False,[M+H]+,7
961,fine_tuned,closed,10,0.1,False,False,False,[M+H]+,7
961,fine_tuned,open,10,0.1,False,False,False,[M+H]+,7
961,frozen,closed,4,0.25,False,True,False,[M+H]+,7
961,frozen,open,4,0.25,False,True,False,[M+H]+,7
962,fine_tuned,closed,3,0.3333333333333333,False,True,True,[M-H2O+H]+,2
962,fine_tuned,open,105,0.009523809523809525,False,False,True,[M-H2O+H]+,2
962,frozen,closed,32,0.03125,False,False,True,[M-H2O+H]+,2
962,frozen,open,796,0.001256281407035176,False,False,True,[M-H2O+H]+,2
963,fine_tuned,closed,190,0.005263157894736842,False,False,True,[M-H2O+H]+,3
963,fine_tuned,open,3263,0.00030646644192460924,False,False,True,[M-H2O+H]+,3
963,frozen,closed,215,0.004651162790697674,False,False,True,[M-H2O+H]+,3
963,frozen,open,4539,0.0002203128442388191,False,False,True,[M-H2O+H]+,3
964,fine_tuned,closed,169,0.005917159763313609,False,False,True,[M-H2O+H]+,2
964,fine_tuned,open,2521,0.0003966679888932963,False,False,True,[M-H2O+H]+,2
964,frozen,closed,159,0.006289308176100629,False,False,True,[M-H2O+H]+,2
964,frozen,open,2861,0.0003495281370150297,False,False,True,[M-H2O+H]+,2
965,fine_tuned,closed,43,0.023255813953488372,False,False,True,[M-NH3+H]+,3
965,fine_tuned,open,1437,0.0006958942240779402,False,False,True,[M-NH3+H]+,3
965,frozen,closed,201,0.004975124378109453,False,False,True,[M-NH3+H]+,3
965,frozen,open,2283,0.0004380201489268506,False,False,True,[M-NH3+H]+,3
966,fine_tuned,closed,51,0.0196078431372549,False,False,True,[M+H]+,5
966,fine_tuned,open,492,0.0020325203252032522,False,False,True,[M+H]+,5
966,frozen,closed,14,0.07142857142857142,False,False,True,[M+H]+,5
966,frozen,open,14,0.07142857142857142,False,False,True,[M+H]+,5
967,fine_tuned,closed,242,0.004132231404958678,False,False,True,[M+H]+,2
967,fine_tuned,open,3474,0.0002878526194588371,False,False,True,[M+H]+,2
967,frozen,closed,36,0.027777777777777776,False,False,True,[M+H]+,2
967,frozen,open,1394,0.0007173601147776184,False,False,True,[M+H]+,2
968,fine_tuned,closed,327,0.0030581039755351682,False,False,False,[M+NH4]+,2
968,fine_tuned,open,3028,0.00033025099075297226,False,False,False,[M+NH4]+,2
968,frozen,closed,290,0.0034482758620689655,False,False,False,[M+NH4]+,2
968,frozen,open,3809,0.00026253609871357313,False,False,False,[M+NH4]+,2
969,fine_tuned,closed,388,0.002577319587628866,False,False,True,[M+Na]+,2
969,fine_tuned,open,4817,0.00020759809009757111,False,False,True,[M+Na]+,2
969,frozen,closed,396,0.0025252525252525255,False,False,True,[M+Na]+,2
969,frozen,open,3707,0.0002697599136768276,False,False,True,[M+Na]+,2
970,fine_tuned,closed,453,0.002207505518763797,False,False,False,[M+Na]+,3
970,fine_tuned,open,4697,0.00021290185224611454,False,False,False,[M+Na]+,3
970,frozen,closed,265,0.0037735849056603774,False,False,False,[M+Na]+,3
970,frozen,open,2748,0.000363901018922853,False,False,False,[M+Na]+,3
971,fine_tuned,closed,456,0.0021929824561403508,False,False,False,[M+Na]+,2
971,fine_tuned,open,4531,0.00022070183182520416,False,False,False,[M+Na]+,2
971,frozen,closed,443,0.002257336343115124,False,False,False,[M+Na]+,2
971,frozen,open,5167,0.00019353590090961874,False,False,False,[M+Na]+,2
972,fine_tuned,closed,149,0.006711409395973154,False,False,True,[M+H]+,6
972,fine_tuned,open,3112,0.00032133676092544985,False,False,True,[M+H]+,6
972,frozen,closed,110,0.00909090909090909,False,False,True,[M+H]+,6
972,frozen,open,2310,0.0004329004329004329,False,False,True,[M+H]+,6
973,fine_tuned,closed,112,0.008928571428571428,False,False,False,[M-H2O+H]+,4
973,fine_tuned,open,1115,0.0008968609865470852,False,False,False,[M-H2O+H]+,4
973,frozen,closed,279,0.0035842293906810036,False,False,False,[M-H2O+H]+,4
973,frozen,open,5001,0.0001999600079984003,False,False,False,[M-H2O+H]+,4
974,fine_tuned,closed,69,0.014492753623188406,False,False,False,[M-H2O+H]+,1
974,fine_tuned,open,1597,0.0006261740763932373,False,False,False,[M-H2O+H]+,1
974,frozen,closed,257,0.0038910505836575876,False,False,False,[M-H2O+H]+,1
974,frozen,open,4175,0.00023952095808383233,False,False,False,[M-H2O+H]+,1
975,fine_tuned,closed,1,1.0,True,True,True,[M+H]+,4
975,fine_tuned,open,1,1.0,True,True,True,[M+H]+,4
975,frozen,closed,150,0.006666666666666667,False,False,True,[M+H]+,4
975,frozen,open,1435,0.0006968641114982578,False,False,True,[M+H]+,4
976,fine_tuned,closed,10,0.1,False,False,True,[M+NH4]+,5
976,fine_tuned,open,128,0.0078125,False,False,True,[M+NH4]+,5
976,frozen,closed,14,0.07142857142857142,False,False,True,[M+NH4]+,5
976,frozen,open,44,0.022727272727272728,False,False,True,[M+NH4]+,5
977,fine_tuned,closed,332,0.0030120481927710845,False,False,False,[M+Na]+,2
977,fine_tuned,open,3338,0.0002995805871779509,False,False,False,[M+Na]+,2
977,frozen,closed,219,0.0045662100456621,False,False,False,[M+Na]+,2
977,frozen,open,3194,0.00031308703819661864,False,False,False,[M+Na]+,2
978,fine_tuned,closed,246,0.0040650406504065045,False,False,True,[M+Na]+,2
978,fine_tuned,open,2676,0.0003736920777279522,False,False,True,[M+Na]+,2
978,frozen,closed,23,0.043478260869565216,False,False,True,[M+Na]+,2
978,frozen,open,164,0.006097560975609756,False,False,True,[M+Na]+,2
980,fine_tuned,closed,71,0.014084507042253521,False,False,False,[M+H]+,9
980,fine_tuned,open,401,0.0024937655860349127,False,False,False,[M+H]+,9
980,frozen,closed,210,0.004761904761904762,False,False,False,[M+H]+,9
980,frozen,open,2020,0.0004950495049504951,False,False,False,[M+H]+,9
981,fine_tuned,closed,150,0.006666666666666667,False,False,False,[M+H]+,4
981,fine_tuned,open,2686,0.00037230081906180194,False,False,False,[M+H]+,4
981,frozen,closed,100,0.01,False,False,False,[M+H]+,4
981,frozen,open,885,0.0011299435028248588,False,False,False,[M+H]+,4
982,fine_tuned,closed,67,0.014925373134328358,False,False,False,[M+H]+,3
982,fine_tuned,open,1925,0.0005194805194805195,False,False,False,[M+H]+,3
982,frozen,closed,75,0.013333333333333334,False,False,False,[M+H]+,3
982,frozen,open,1786,0.0005599104143337066,False,False,False,[M+H]+,3
983,fine_tuned,closed,130,0.007692307692307693,False,False,False,[M-H2O+H]+,8
983,fine_tuned,open,2985,0.00033500837520938025,False,False,False,[M-H2O+H]+,8
983,frozen,closed,142,0.007042253521126761,False,False,False,[M-H2O+H]+,8
983,frozen,open,2176,0.00045955882352941176,False,False,False,[M-H2O+H]+,8
984,fine_tuned,closed,148,0.006756756756756757,False,False,False,[M-H2O+H]+,13
984,fine_tuned,open,2885,0.0003466204506065858,False,False,False,[M-H2O+H]+,13
984,frozen,closed,91,0.01098901098901099,False,False,False,[M-H2O+H]+,13
984,frozen,open,3084,0.00032425421530479895,False,False,False,[M-H2O+H]+,13
987,fine_tuned,closed,327,0.0030581039755351682,False,False,False,[M+Na]+,4
987,fine_tuned,open,4035,0.00024783147459727387,False,False,False,[M+Na]+,4
987,frozen,closed,107,0.009345794392523364,False,False,False,[M+Na]+,4
987,frozen,open,1340,0.0007462686567164179,False,False,False,[M+Na]+,4
988,fine_tuned,closed,93,0.010752688172043012,False,False,False,[M+NH4]+,2
988,fine_tuned,open,2678,0.0003734129947722181,False,False,False,[M+NH4]+,2
988,frozen,closed,188,0.005319148936170213,False,False,False,[M+NH4]+,2
988,frozen,open,2494,0.00040096230954290296,False,False,False,[M+NH4]+,2
989,fine_tuned,closed,257,0.0038910505836575876,False,False,False,[M+Na]+,1
989,fine_tuned,open,4045,0.00024721878862793575,False,False,False,[M+Na]+,1
989,frozen,closed,150,0.006666666666666667,False,False,False,[M+Na]+,1
989,frozen,open,3847,0.0002599428125812321,False,False,False,[M+Na]+,1
990,fine_tuned,closed,15,0.06666666666666667,False,False,False,[M+H]+,7
990,fine_tuned,open,574,0.0017421602787456446,False,False,False,[M+H]+,7
990,frozen,closed,80,0.0125,False,False,False,[M+H]+,7
990,frozen,open,2129,0.0004697040864255519,False,False,False,[M+H]+,7
992,fine_tuned,closed,221,0.004524886877828055,False,False,False,[M-H2O+H]+,3
992,fine_tuned,open,1703,0.0005871990604815032,False,False,False,[M-H2O+H]+,3
992,frozen,closed,486,0.00205761316872428,False,False,False,[M-H2O+H]+,3
992,frozen,open,6057,0.0001650982334489021,False,False,False,[M-H2O+H]+,3
993,fine_tuned,closed,86,0.011627906976744186,False,False,False,[M-NH3+H]+,3
993,fine_tuned,open,545,0.001834862385321101,False,False,False,[M-NH3+H]+,3
993,frozen,closed,354,0.002824858757062147,False,False,False,[M-NH3+H]+,3
993,frozen,open,5214,0.00019179133103183735,False,False,False,[M-NH3+H]+,3
994,fine_tuned,closed,37,0.02702702702702703,False,False,False,[M-NH3+H]+,1
994,fine_tuned,open,52,0.019230769230769232,False,False,False,[M-NH3+H]+,1
994,frozen,closed,347,0.002881844380403458,False,False,False,[M-NH3+H]+,1
994,frozen,open,5508,0.00018155410312273057,False,False,False,[M-NH3+H]+,1
996,fine_tuned,closed,459,0.002178649237472767,False,False,False,[M-2H2O+H]+,3
996,fine_tuned,open,5223,0.00019146084625694046,False,False,False,[M-2H2O+H]+,3
996,frozen,closed,355,0.0028169014084507044,False,False,False,[M-2H2O+H]+,3
996,frozen,open,3163,0.0003161555485298767,False,False,False,[M-2H2O+H]+,3
997,fine_tuned,closed,6,0.16666666666666666,False,False,False,[M+H]+,1
997,fine_tuned,open,16,0.0625,False,False,False,[M+H]+,1
997,frozen,closed,17,0.058823529411764705,False,False,False,[M+H]+,1
997,frozen,open,65,0.015384615384615385,False,False,False,[M+H]+,1
998,fine_tuned,closed,56,0.017857142857142856,False,False,False,[M+H]+,2
998,fine_tuned,open,1528,0.0006544502617801048,False,False,False,[M+H]+,2
998,frozen,closed,120,0.008333333333333333,False,False,False,[M+H]+,2
998,frozen,open,651,0.0015360983102918587,False,False,False,[M+H]+,2
999,fine_tuned,closed,152,0.006578947368421052,False,False,False,[M+H]+,1
999,fine_tuned,open,1614,0.0006195786864931846,False,False,False,[M+H]+,1
999,frozen,closed,139,0.007194244604316547,False,False,False,[M+H]+,1
999,frozen,open,2873,0.0003480682213713888,False,False,False,[M+H]+,1
1000,fine_tuned,closed,70,0.014285714285714285,False,False,False,[M+H]+,3
1000,fine_tuned,open,1325,0.0007547169811320754,False,False,False,[M+H]+,3
1000,frozen,closed,23,0.043478260869565216,False,False,False,[M+H]+,3
1000,frozen,open,79,0.012658227848101266,False,False,False,[M+H]+,3
1002,fine_tuned,closed,60,0.016666666666666666,False,False,True,[M-H2O+H]+,3
1002,fine_tuned,open,1868,0.0005353319057815846,False,False,True,[M-H2O+H]+,3
1002,frozen,closed,142,0.007042253521126761,False,False,True,[M-H2O+H]+,3
1002,frozen,open,4023,0.00024857071836937607,False,False,True,[M-H2O+H]+,3
1003,fine_tuned,closed,127,0.007874015748031496,False,False,True,[M-H2O+H]+,1
1003,fine_tuned,open,939,0.0010649627263045794,False,False,True,[M-H2O+H]+,1
1003,frozen,closed,189,0.005291005291005291,False,False,True,[M-H2O+H]+,1
1003,frozen,open,3174,0.000315059861373661,False,False,True,[M-H2O+H]+,1
1005,fine_tuned,closed,124,0.008064516129032258,False,False,False,[M+H]+,2
1005,fine_tuned,open,2089,0.0004786979415988511,False,False,False,[M+H]+,2
1005,frozen,closed,75,0.013333333333333334,False,False,False,[M+H]+,2
1005,frozen,open,376,0.0026595744680851063,False,False,False,[M+H]+,2
1009,fine_tuned,closed,9,0.1111111111111111,False,False,True,[M+H]+,4
1009,fine_tuned,open,529,0.001890359168241966,False,False,True,[M+H]+,4
1009,frozen,closed,66,0.015151515151515152,False,False,True,[M+H]+,4
1009,frozen,open,67,0.014925373134328358,False,False,True,[M+H]+,4
1010,fine_tuned,closed,5,0.2,False,True,True,[M+H]+,2
1010,fine_tuned,open,5,0.2,False,True,True,[M+H]+,2
1010,frozen,closed,79,0.012658227848101266,False,False,True,[M+H]+,2
1010,frozen,open,98,0.01020408163265306,False,False,True,[M+H]+,2
1011,fine_tuned,closed,4,0.25,False,True,True,[M+H]+,2
1011,fine_tuned,open,4,0.25,False,True,True,[M+H]+,2
1011,frozen,closed,89,0.011235955056179775,False,False,True,[M+H]+,2
1011,frozen,open,175,0.005714285714285714,False,False,True,[M+H]+,2
1012,fine_tuned,closed,47,0.02127659574468085,False,False,True,[M+H]+,2
1012,fine_tuned,open,388,0.002577319587628866,False,False,True,[M+H]+,2
1012,frozen,closed,23,0.043478260869565216,False,False,True,[M+H]+,2
1012,frozen,open,184,0.005434782608695652,False,False,True,[M+H]+,2
1013,fine_tuned,closed,50,0.02,False,False,True,[M+H]+,6
1013,fine_tuned,open,597,0.0016750418760469012,False,False,True,[M+H]+,6
1013,frozen,closed,12,0.08333333333333333,False,False,True,[M+H]+,6
1013,frozen,open,12,0.08333333333333333,False,False,True,[M+H]+,6
1014,fine_tuned,closed,78,0.01282051282051282,False,False,False,[M+H]+,3
1014,fine_tuned,open,1488,0.0006720430107526882,False,False,False,[M+H]+,3
1014,frozen,closed,26,0.038461538461538464,False,False,False,[M+H]+,3
1014,frozen,open,27,0.037037037037037035,False,False,False,[M+H]+,3
1015,fine_tuned,closed,10,0.1,False,False,False,[M-NH3+H]+,1
1015,fine_tuned,open,12,0.08333333333333333,False,False,False,[M-NH3+H]+,1
1015,frozen,closed,78,0.01282051282051282,False,False,False,[M-NH3+H]+,1
1015,frozen,open,366,0.00273224043715847,False,False,False,[M-NH3+H]+,1
1016,fine_tuned,closed,24,0.041666666666666664,False,False,True,[M+H]+,2
1016,fine_tuned,open,24,0.041666666666666664,False,False,True,[M+H]+,2
1016,frozen,closed,24,0.041666666666666664,False,False,True,[M+H]+,2
1016,frozen,open,134,0.007462686567164179,False,False,True,[M+H]+,2
1017,fine_tuned,closed,29,0.034482758620689655,False,False,True,[M+H]+,5
1017,fine_tuned,open,32,0.03125,False,False,True,[M+H]+,5
1017,frozen,closed,23,0.043478260869565216,False,False,True,[M+H]+,5
1017,frozen,open,23,0.043478260869565216,False,False,True,[M+H]+,5
1018,fine_tuned,closed,101,0.009900990099009901,False,False,True,[M+H]+,1
1018,fine_tuned,open,1950,0.0005128205128205128,False,False,True,[M+H]+,1
1018,frozen,closed,6,0.16666666666666666,False,False,True,[M+H]+,1
1018,frozen,open,6,0.16666666666666666,False,False,True,[M+H]+,1
1019,fine_tuned,closed,49,0.02040816326530612,False,False,True,[M+H]+,1
1019,fine_tuned,open,1303,0.0007674597083653108,False,False,True,[M+H]+,1
1019,frozen,closed,49,0.02040816326530612,False,False,True,[M+H]+,1
1019,frozen,open,721,0.0013869625520110957,False,False,True,[M+H]+,1
1020,fine_tuned,closed,532,0.0018796992481203006,False,False,False,[M-NH3+H]+,3
1020,fine_tuned,open,5728,0.00017458100558659218,False,False,False,[M-NH3+H]+,3
1020,frozen,closed,345,0.002898550724637681,False,False,False,[M-NH3+H]+,3
1020,frozen,open,4028,0.00024826216484607745,False,False,False,[M-NH3+H]+,3
1021,fine_tuned,closed,48,0.020833333333333332,False,False,True,[M+NH4]+,3
1021,fine_tuned,open,118,0.00847457627118644,False,False,True,[M+NH4]+,3
1021,frozen,closed,8,0.125,False,False,True,[M+NH4]+,3
1021,frozen,open,15,0.06666666666666667,False,False,True,[M+NH4]+,3
1022,fine_tuned,closed,382,0.002617801047120419,False,False,False,[M+H]+,4
1022,fine_tuned,open,3672,0.0002723311546840959,False,False,False,[M+H]+,4
1022,frozen,closed,61,0.01639344262295082,False,False,False,[M+H]+,4
1022,frozen,open,452,0.0022123893805309734,False,False,False,[M+H]+,4
1023,fine_tuned,closed,391,0.0025575447570332483,False,False,False,[M+H]+,25
1023,fine_tuned,open,3604,0.0002774694783573807,False,False,False,[M+H]+,25
1023,frozen,closed,317,0.0031545741324921135,False,False,False,[M+H]+,25
1023,frozen,open,4697,0.00021290185224611454,False,False,False,[M+H]+,25
1025,fine_tuned,closed,3,0.3333333333333333,False,True,False,[M+H]+,5
1025,fine_tuned,open,3,0.3333333333333333,False,True,False,[M+H]+,5
1025,frozen,closed,18,0.05555555555555555,False,False,False,[M+H]+,5
1025,frozen,open,23,0.043478260869565216,False,False,False,[M+H]+,5
1026,fine_tuned,closed,259,0.003861003861003861,False,False,False,[M+H]+,3
1026,fine_tuned,open,3882,0.00025759917568263783,False,False,False,[M+H]+,3
1026,frozen,closed,38,0.02631578947368421,False,False,False,[M+H]+,3
1026,frozen,open,80,0.0125,False,False,False,[M+H]+,3
1027,fine_tuned,closed,82,0.012195121951219513,False,False,False,[M-NH3+H]+,2
1027,fine_tuned,open,1747,0.0005724098454493417,False,False,False,[M-NH3+H]+,2
1027,frozen,closed,179,0.00558659217877095,False,False,False,[M-NH3+H]+,2
1027,frozen,open,2416,0.0004139072847682119,False,False,False,[M-NH3+H]+,2
1028,fine_tuned,closed,306,0.0032679738562091504,False,False,False,[M+H]+,5
1028,fine_tuned,open,3159,0.00031655587211142766,False,False,False,[M+H]+,5
1028,frozen,closed,18,0.05555555555555555,False,False,False,[M+H]+,5
1028,frozen,open,358,0.002793296089385475,False,False,False,[M+H]+,5
1029,fine_tuned,closed,346,0.002890173410404624,False,False,False,[M-H2O+H]+,3
1029,fine_tuned,open,4361,0.00022930520522815867,False,False,False,[M-H2O+H]+,3
1029,frozen,closed,153,0.006535947712418301,False,False,False,[M-H2O+H]+,3
1029,frozen,open,1674,0.0005973715651135006,False,False,False,[M-H2O+H]+,3
1030,fine_tuned,closed,34,0.029411764705882353,False,False,False,[M-NH3+H]+,24
1030,fine_tuned,open,170,0.0058823529411764705,False,False,False,[M-NH3+H]+,24
1030,frozen,closed,506,0.001976284584980237,False,False,False,[M-NH3+H]+,24
1030,frozen,open,5934,0.00016852039096730705,False,False,False,[M-NH3+H]+,24
1031,fine_tuned,closed,53,0.018867924528301886,False,False,False,[M-NH3+H]+,2
1031,fine_tuned,open,1497,0.0006680026720106881,False,False,False,[M-NH3+H]+,2
1031,frozen,closed,175,0.005714285714285714,False,False,False,[M-NH3+H]+,2
1031,frozen,open,3762,0.0002658160552897395,False,False,False,[M-NH3+H]+,2
1032,fine_tuned,closed,55,0.01818181818181818,False,False,False,[M+H]+,6
1032,fine_tuned,open,1508,0.000663129973474801,False,False,False,[M+H]+,6
1032,frozen,closed,29,0.034482758620689655,False,False,False,[M+H]+,6
1032,frozen,open,39,0.02564102564102564,False,False,False,[M+H]+,6
1033,fine_tuned,closed,160,0.00625,False,False,False,[M+NH4]+,4
1033,fine_tuned,open,2768,0.000361271676300578,False,False,False,[M+NH4]+,4
1033,frozen,closed,63,0.015873015873015872,False,False,False,[M+NH4]+,4
1033,frozen,open,1745,0.0005730659025787965,False,False,False,[M+NH4]+,4
1034,fine_tuned,closed,81,0.012345679012345678,False,False,False,[M+H]+,5
1034,fine_tuned,open,725,0.001379310344827586,False,False,False,[M+H]+,5
1034,frozen,closed,222,0.0045045045045045045,False,False,False,[M+H]+,5
1034,frozen,open,1753,0.0005704506560182544,False,False,False,[M+H]+,5
1035,fine_tuned,closed,78,0.01282051282051282,False,False,False,[M+H]+,6
1035,fine_tuned,open,1758,0.0005688282138794084,False,False,False,[M+H]+,6
1035,frozen,closed,31,0.03225806451612903,False,False,False,[M+H]+,6
1035,frozen,open,43,0.023255813953488372,False,False,False,[M+H]+,6
1036,fine_tuned,closed,99,0.010101010101010102,False,False,False,[M+H]+,3
1036,fine_tuned,open,3047,0.0003281916639317361,False,False,False,[M+H]+,3
1036,frozen,closed,272,0.003676470588235294,False,False,False,[M+H]+,3
1036,frozen,open,1614,0.0006195786864931846,False,False,False,[M+H]+,3
1037,fine_tuned,closed,42,0.023809523809523808,False,False,False,[M+NH4]+,6
1037,fine_tuned,open,596,0.0016778523489932886,False,False,False,[M+NH4]+,6
1037,frozen,closed,95,0.010526315789473684,False,False,False,[M+NH4]+,6
1037,frozen,open,253,0.003952569169960474,False,False,False,[M+NH4]+,6
1038,fine_tuned,closed,101,0.009900990099009901,False,False,False,[M+NH4]+,1
1038,fine_tuned,open,2575,0.0003883495145631068,False,False,False,[M+NH4]+,1
1038,frozen,closed,334,0.0029940119760479044,False,False,False,[M+NH4]+,1
1038,frozen,open,4908,0.00020374898125509371,False,False,False,[M+NH4]+,1
1039,fine_tuned,closed,202,0.0049504950495049506,False,False,False,[M-H2O+H]+,2
1039,fine_tuned,open,1546,0.000646830530401035,False,False,False,[M-H2O+H]+,2
1039,frozen,closed,173,0.005780346820809248,False,False,False,[M-H2O+H]+,2
1039,frozen,open,3477,0.0002876042565429968,False,False,False,[M-H2O+H]+,2
1040,fine_tuned,closed,309,0.003236245954692557,False,False,False,[M+Na]+,1
1040,fine_tuned,open,5340,0.00018726591760299626,False,False,False,[M+Na]+,1
1040,frozen,closed,285,0.0035087719298245615,False,False,False,[M+Na]+,1
1040,frozen,open,5329,0.00018765246762994934,False,False,False,[M+Na]+,1
1041,fine_tuned,closed,124,0.008064516129032258,False,False,False,[M-NH3+H]+,1
1041,fine_tuned,open,3645,0.00027434842249657066,False,False,False,[M-NH3+H]+,1
1041,frozen,closed,90,0.011111111111111112,False,False,False,[M-NH3+H]+,1
1041,frozen,open,3455,0.0002894356005788712,False,False,False,[M-NH3+H]+,1
1042,fine_tuned,closed,152,0.006578947368421052,False,False,False,[M-NH3+H]+,1
1042,fine_tuned,open,4051,0.00024685262898049864,False,False,False,[M-NH3+H]+,1
1042,frozen,closed,202,0.0049504950495049506,False,False,False,[M-NH3+H]+,1
1042,frozen,open,846,0.001182033096926714,False,False,False,[M-NH3+H]+,1
1043,fine_tuned,closed,217,0.004608294930875576,False,False,False,[M+NH4]+,5
1043,fine_tuned,open,2636,0.00037936267071320183,False,False,False,[M+NH4]+,5
1043,frozen,closed,120,0.008333333333333333,False,False,False,[M+NH4]+,5
1043,frozen,open,3523,0.0002838489923360772,False,False,False,[M+NH4]+,5
1044,fine_tuned,closed,50,0.02,False,False,False,[M+H]+,7
1044,fine_tuned,open,1516,0.0006596306068601583,False,False,False,[M+H]+,7
1044,frozen,closed,46,0.021739130434782608,False,False,False,[M+H]+,7
1044,frozen,open,319,0.003134796238244514,False,False,False,[M+H]+,7
1045,fine_tuned,closed,221,0.004524886877828055,False,False,False,[M+H]+,5
1045,fine_tuned,open,4444,0.000225022502250225,False,False,False,[M+H]+,5
1045,frozen,closed,45,0.022222222222222223,False,False,False,[M+H]+,5
1045,frozen,open,1857,0.0005385029617662897,False,False,False,[M+H]+,5
1046,fine_tuned,closed,146,0.00684931506849315,False,False,False,[M+H]+,1
1046,fine_tuned,open,3411,0.0002931691586045148,False,False,False,[M+H]+,1
1046,frozen,closed,107,0.009345794392523364,False,False,False,[M+H]+,1
1046,frozen,open,3596,0.00027808676307007786,False,False,False,[M+H]+,1
1048,fine_tuned,closed,433,0.0023094688221709007,False,False,False,[M+H]+,9
1048,fine_tuned,open,3618,0.0002763957987838585,False,False,False,[M+H]+,9
1048,frozen,closed,164,0.006097560975609756,False,False,False,[M+H]+,9
1048,frozen,open,956,0.0010460251046025104,False,False,False,[M+H]+,9
1049,fine_tuned,closed,135,0.007407407407407408,False,False,False,[M-2H2O+H]+,2
1049,fine_tuned,open,1239,0.0008071025020177562,False,False,False,[M-2H2O+H]+,2
1049,frozen,closed,406,0.0024630541871921183,False,False,False,[M-2H2O+H]+,2
1049,frozen,open,5266,0.00018989745537409798,False,False,False,[M-2H2O+H]+,2
1051,fine_tuned,closed,87,0.011494252873563218,False,False,False,[M-H2O+H]+,3
1051,fine_tuned,open,122,0.00819672131147541,False,False,False,[M-H2O+H]+,3
1051,frozen,closed,430,0.002325581395348837,False,False,False,[M-H2O+H]+,3
1051,frozen,open,5042,0.00019833399444664816,False,False,False,[M-H2O+H]+,3
1052,fine_tuned,closed,106,0.009433962264150943,False,False,False,[M-H2O+H]+,3
1052,fine_tuned,open,1883,0.0005310674455655868,False,False,False,[M-H2O+H]+,3
1052,frozen,closed,120,0.008333333333333333,False,False,False,[M-H2O+H]+,3
1052,frozen,open,2740,0.000364963503649635,False,False,False,[M-H2O+H]+,3
1053,fine_tuned,closed,56,0.017857142857142856,False,False,True,[M-H2O+H]+,2
1053,fine_tuned,open,1516,0.0006596306068601583,False,False,True,[M-H2O+H]+,2
1053,frozen,closed,421,0.0023752969121140144,False,False,True,[M-H2O+H]+,2
1053,frozen,open,5361,0.00018653236336504383,False,False,True,[M-H2O+H]+,2
1054,fine_tuned,closed,55,0.01818181818181818,False,False,True,[M-H2O+H]+,2
1054,fine_tuned,open,1384,0.000722543352601156,False,False,True,[M-H2O+H]+,2
1054,frozen,closed,329,0.00303951367781155,False,False,True,[M-H2O+H]+,2
1054,frozen,open,5194,0.00019252984212552945,False,False,True,[M-H2O+H]+,2
1056,fine_tuned,closed,143,0.006993006993006993,False,False,False,[M-H2O+H]+,1
1056,fine_tuned,open,1257,0.0007955449482895784,False,False,False,[M-H2O+H]+,1
1056,frozen,closed,39,0.02564102564102564,False,False,False,[M-H2O+H]+,1
1056,frozen,open,1111,0.0009000900090009,False,False,False,[M-H2O+H]+,1
1058,fine_tuned,closed,333,0.003003003003003003,False,False,False,[M-H2O+H]+,2
1058,fine_tuned,open,4934,0.00020267531414673692,False,False,False,[M-H2O+H]+,2
1058,frozen,closed,216,0.004629629629629629,False,False,False,[M-H2O+H]+,2
1058,frozen,open,4267,0.00023435669088352472,False,False,False,[M-H2O+H]+,2
1059,fine_tuned,closed,277,0.0036101083032490976,False,False,False,[M-NH3+H]+,1
1059,fine_tuned,open,1943,0.000514668039114771,False,False,False,[M-NH3+H]+,1
1059,frozen,closed,325,0.003076923076923077,False,False,False,[M-NH3+H]+,1
1059,frozen,open,5617,0.00017803097739006588,False,False,False,[M-NH3+H]+,1
1061,fine_tuned,closed,12,0.08333333333333333,False,False,False,[M-H2O+H]+,3
1061,fine_tuned,open,12,0.08333333333333333,False,False,False,[M-H2O+H]+,3
1061,frozen,closed,14,0.07142857142857142,False,False,False,[M-H2O+H]+,3
1061,frozen,open,14,0.07142857142857142,False,False,False,[M-H2O+H]+,3
1062,fine_tuned,closed,13,0.07692307692307693,False,False,False,[M+H]+,3
1062,fine_tuned,open,13,0.07692307692307693,False,False,False,[M+H]+,3
1062,frozen,closed,92,0.010869565217391304,False,False,False,[M+H]+,3
1062,frozen,open,351,0.002849002849002849,False,False,False,[M+H]+,3
1063,fine_tuned,closed,273,0.003663003663003663,False,False,False,[M-NH3+H]+,15
1063,fine_tuned,open,2375,0.0004210526315789474,False,False,False,[M-NH3+H]+,15
1063,frozen,closed,238,0.004201680672268907,False,False,False,[M-NH3+H]+,15
1063,frozen,open,4432,0.0002256317689530686,False,False,False,[M-NH3+H]+,15
1064,fine_tuned,closed,96,0.010416666666666666,False,False,False,[M+H]+,9
1064,fine_tuned,open,1061,0.000942507068803016,False,False,False,[M+H]+,9
1064,frozen,closed,384,0.0026041666666666665,False,False,False,[M+H]+,9
1064,frozen,open,1860,0.0005376344086021505,False,False,False,[M+H]+,9
1065,fine_tuned,closed,464,0.0021551724137931034,False,False,False,[M-NH3+H]+,24
1065,fine_tuned,open,2990,0.00033444816053511704,False,False,False,[M-NH3+H]+,24
1065,frozen,closed,244,0.004098360655737705,False,False,False,[M-NH3+H]+,24
1065,frozen,open,4651,0.00021500752526338422,False,False,False,[M-NH3+H]+,24
1066,fine_tuned,closed,8,0.125,False,False,True,[M+H]+,7
1066,fine_tuned,open,187,0.0053475935828877,False,False,True,[M+H]+,7
1066,frozen,closed,10,0.1,False,False,True,[M+H]+,7
1066,frozen,open,10,0.1,False,False,True,[M+H]+,7
1067,fine_tuned,closed,24,0.041666666666666664,False,False,True,[M+H]+,2
1067,fine_tuned,open,25,0.04,False,False,True,[M+H]+,2
1067,frozen,closed,16,0.0625,False,False,True,[M+H]+,2
1067,frozen,open,71,0.014084507042253521,False,False,True,[M+H]+,2
1068,fine_tuned,closed,56,0.017857142857142856,False,False,True,[M+H]+,5
1068,fine_tuned,open,607,0.0016474464579901153,False,False,True,[M+H]+,5
1068,frozen,closed,178,0.0056179775280898875,False,False,True,[M+H]+,5
1068,frozen,open,1323,0.0007558578987150416,False,False,True,[M+H]+,5
1069,fine_tuned,closed,179,0.00558659217877095,False,False,False,[M+H]+,8
1069,fine_tuned,open,584,0.0017123287671232876,False,False,False,[M+H]+,8
1069,frozen,closed,21,0.047619047619047616,False,False,False,[M+H]+,8
1069,frozen,open,33,0.030303030303030304,False,False,False,[M+H]+,8
1070,fine_tuned,closed,307,0.003257328990228013,False,False,False,[M-NH3+H]+,1
1070,fine_tuned,open,3964,0.0002522704339051463,False,False,False,[M-NH3+H]+,1
1070,frozen,closed,213,0.004694835680751174,False,False,False,[M-NH3+H]+,1
1070,frozen,open,2967,0.0003370407819346141,False,False,False,[M-NH3+H]+,1
1071,fine_tuned,closed,485,0.002061855670103093,False,False,False,[M-NH3+H]+,3
1071,fine_tuned,open,5764,0.00017349063150589867,False,False,False,[M-NH3+H]+,3
1071,frozen,closed,290,0.0034482758620689655,False,False,False,[M-NH3+H]+,3
1071,frozen,open,2608,0.0003834355828220859,False,False,False,[M-NH3+H]+,3
1072,fine_tuned,closed,307,0.003257328990228013,False,False,False,[M-H2O+H]+,1
1072,fine_tuned,open,3964,0.0002522704339051463,False,False,False,[M-H2O+H]+,1
1072,frozen,closed,213,0.004694835680751174,False,False,False,[M-H2O+H]+,1
1072,frozen,open,2967,0.0003370407819346141,False,False,False,[M-H2O+H]+,1
1073,fine_tuned,closed,485,0.002061855670103093,False,False,False,[M-H2O+H]+,3
1073,fine_tuned,open,5764,0.00017349063150589867,False,False,False,[M-H2O+H]+,3
1073,frozen,closed,290,0.0034482758620689655,False,False,False,[M-H2O+H]+,3
1073,frozen,open,2608,0.0003834355828220859,False,False,False,[M-H2O+H]+,3
1074,fine_tuned,closed,362,0.0027624309392265192,False,False,False,[M-NH3+H]+,4
1074,fine_tuned,open,3778,0.00026469031233456857,False,False,False,[M-NH3+H]+,4
1074,frozen,closed,186,0.005376344086021506,False,False,False,[M-NH3+H]+,4
1074,frozen,open,2920,0.00034246575342465754,False,False,False,[M-NH3+H]+,4
1076,fine_tuned,closed,444,0.0022522522522522522,False,False,False,[M-H2O+H]+,1
1076,fine_tuned,open,4533,0.00022060445621001543,False,False,False,[M-H2O+H]+,1
1076,frozen,closed,192,0.005208333333333333,False,False,False,[M-H2O+H]+,1
1076,frozen,open,3657,0.00027344818156959256,False,False,False,[M-H2O+H]+,1
1077,fine_tuned,closed,48,0.020833333333333332,False,False,False,[M+H]+,19
1077,fine_tuned,open,48,0.020833333333333332,False,False,False,[M+H]+,19
1077,frozen,closed,36,0.027777777777777776,False,False,False,[M+H]+,19
1077,frozen,open,505,0.0019801980198019802,False,False,False,[M+H]+,19
1078,fine_tuned,closed,281,0.0035587188612099642,False,False,False,[M+H]+,3
1078,fine_tuned,open,3582,0.00027917364600781687,False,False,False,[M+H]+,3
1078,frozen,closed,16,0.0625,False,False,False,[M+H]+,3
1078,frozen,open,60,0.016666666666666666,False,False,False,[M+H]+,3
1079,fine_tuned,closed,384,0.0026041666666666665,False,False,False,[M-NH3+H]+,4
1079,fine_tuned,open,3666,0.00027277686852154935,False,False,False,[M-NH3+H]+,4
1079,frozen,closed,323,0.0030959752321981426,False,False,False,[M-NH3+H]+,4
1079,frozen,open,3256,0.0003071253071253071,False,False,False,[M-NH3+H]+,4
1080,fine_tuned,closed,88,0.011363636363636364,False,False,False,[M+NH4]+,13
1080,fine_tuned,open,2118,0.00047214353163361664,False,False,False,[M+NH4]+,13
1080,frozen,closed,49,0.02040816326530612,False,False,False,[M+NH4]+,13
1080,frozen,open,1733,0.0005770340450086555,False,False,False,[M+NH4]+,13
1081,fine_tuned,closed,344,0.0029069767441860465,False,False,False,[M+H]+,4
1081,fine_tuned,open,3483,0.0002871088142405972,False,False,False,[M+H]+,4
1081,frozen,closed,4,0.25,False,True,False,[M+H]+,4
1081,frozen,open,4,0.25,False,True,False,[M+H]+,4
1083,fine_tuned,closed,67,0.014925373134328358,False,False,False,[M+Na]+,2
1083,fine_tuned,open,1838,0.000544069640914037,False,False,False,[M+Na]+,2
1083,frozen,closed,53,0.018867924528301886,False,False,False,[M+Na]+,2
1083,frozen,open,1546,0.000646830530401035,False,False,False,[M+Na]+,2
1084,fine_tuned,closed,85,0.011764705882352941,False,False,False,[M-H2O+H]+,2
1084,fine_tuned,open,1785,0.0005602240896358543,False,False,False,[M-H2O+H]+,2
1084,frozen,closed,132,0.007575757575757576,False,False,False,[M-H2O+H]+,2
1084,frozen,open,2409,0.00041511000415110004,False,False,False,[M-H2O+H]+,2
1085,fine_tuned,closed,297,0.003367003367003367,False,False,True,[M+Na]+,2
1085,fine_tuned,open,3259,0.0003068425897514575,False,False,True,[M+Na]+,2
1085,frozen,closed,367,0.0027247956403269754,False,False,True,[M+Na]+,2
1085,frozen,open,5042,0.00019833399444664816,False,False,True,[M+Na]+,2
1086,fine_tuned,closed,92,0.010869565217391304,False,False,False,[M-2H2O+H]+,3
1086,fine_tuned,open,1912,0.0005230125523012552,False,False,False,[M-2H2O+H]+,3
1086,frozen,closed,132,0.007575757575757576,False,False,False,[M-2H2O+H]+,3
1086,frozen,open,3239,0.00030873726458783575,False,False,False,[M-2H2O+H]+,3
1087,fine_tuned,closed,76,0.013157894736842105,False,False,False,[M+H]+,11
1087,fine_tuned,open,253,0.003952569169960474,False,False,False,[M+H]+,11
1087,frozen,closed,77,0.012987012987012988,False,False,False,[M+H]+,11
1087,frozen,open,293,0.0034129692832764505,False,False,False,[M+H]+,11
1088,fine_tuned,closed,256,0.00390625,False,False,False,[M+H]+,13
1088,fine_tuned,open,2495,0.0004008016032064128,False,False,False,[M+H]+,13
1088,frozen,closed,94,0.010638297872340425,False,False,False,[M+H]+,13
1088,frozen,open,169,0.005917159763313609,False,False,False,[M+H]+,13
1089,fine_tuned,closed,457,0.002188183807439825,False,False,False,[M+H]+,3
1089,fine_tuned,open,5836,0.00017135023989033586,False,False,False,[M+H]+,3
1089,frozen,closed,286,0.0034965034965034965,False,False,False,[M+H]+,3
1089,frozen,open,4478,0.00022331397945511388,False,False,False,[M+H]+,3
1090,fine_tuned,closed,79,0.012658227848101266,False,False,False,[M-H2O+H]+,16
1090,fine_tuned,open,89,0.011235955056179775,False,False,False,[M-H2O+H]+,16
1090,frozen,closed,51,0.0196078431372549,False,False,False,[M-H2O+H]+,16
1090,frozen,open,165,0.006060606060606061,False,False,False,[M-H2O+H]+,16
1091,fine_tuned,closed,252,0.003968253968253968,False,False,False,[M-H2O+H]+,8
1091,fine_tuned,open,3998,0.0002501250625312656,False,False,False,[M-H2O+H]+,8
1091,frozen,closed,47,0.02127659574468085,False,False,False,[M-H2O+H]+,8
1091,frozen,open,1321,0.000757002271006813,False,False,False,[M-H2O+H]+,8
1092,fine_tuned,closed,122,0.00819672131147541,False,False,False,[M-H2O+H]+,2
1092,fine_tuned,open,2498,0.00040032025620496394,False,False,False,[M-H2O+H]+,2
1092,frozen,closed,85,0.011764705882352941,False,False,False,[M-H2O+H]+,2
1092,frozen,open,2593,0.0003856536829926726,False,False,False,[M-H2O+H]+,2
1093,fine_tuned,closed,222,0.0045045045045045045,False,False,False,[M-NH3+H]+,2
1093,fine_tuned,open,3690,0.00027100271002710027,False,False,False,[M-NH3+H]+,2
1093,frozen,closed,175,0.005714285714285714,False,False,False,[M-NH3+H]+,2
1093,frozen,open,2423,0.0004127115146512588,False,False,False,[M-NH3+H]+,2
1094,fine_tuned,closed,184,0.005434782608695652,False,False,False,[M+H]+,9
1094,fine_tuned,open,1034,0.0009671179883945841,False,False,False,[M+H]+,9
1094,frozen,closed,158,0.006329113924050633,False,False,False,[M+H]+,9
1094,frozen,open,1347,0.0007423904974016332,False,False,False,[M+H]+,9
1095,fine_tuned,closed,186,0.005376344086021506,False,False,False,[M+H]+,2
1095,fine_tuned,open,432,0.0023148148148148147,False,False,False,[M+H]+,2
1095,frozen,closed,324,0.0030864197530864196,False,False,False,[M+H]+,2
1095,frozen,open,3823,0.0002615746795710175,False,False,False,[M+H]+,2
1096,fine_tuned,closed,393,0.002544529262086514,False,False,False,[M+Na]+,2
1096,fine_tuned,open,3521,0.00028401022436807724,False,False,False,[M+Na]+,2
1096,frozen,closed,72,0.013888888888888888,False,False,False,[M+Na]+,2
1096,frozen,open,1155,0.0008658008658008658,False,False,False,[M+Na]+,2
1097,fine_tuned,closed,140,0.007142857142857143,False,False,False,[M+H]+,5
1097,fine_tuned,open,2537,0.00039416633819471815,False,False,False,[M+H]+,5
1097,frozen,closed,158,0.006329113924050633,False,False,False,[M+H]+,5
1097,frozen,open,2983,0.00033523298692591353,False,False,False,[M+H]+,5
1098,fine_tuned,closed,424,0.0023584905660377358,False,False,False,[M-H2O+H]+,1
1098,fine_tuned,open,5786,0.00017283097131005876,False,False,False,[M-H2O+H]+,1
1098,frozen,closed,394,0.0025380710659898475,False,False,False,[M-H2O+H]+,1
1098,frozen,open,5775,0.00017316017316017316,False,False,False,[M-H2O+H]+,1
1099,fine_tuned,closed,347,0.002881844380403458,False,False,False,[M-NH3+H]+,1
1099,fine_tuned,open,4258,0.00023485204321277596,False,False,False,[M-NH3+H]+,1
1099,frozen,closed,474,0.002109704641350211,False,False,False,[M-NH3+H]+,1
1099,frozen,open,5018,0.00019928258270227183,False,False,False,[M-NH3+H]+,1
1100,fine_tuned,closed,488,0.0020491803278688526,False,False,False,[M-NH3+H]+,2
1100,fine_tuned,open,6117,0.00016347882949158083,False,False,False,[M-NH3+H]+,2
1100,frozen,closed,493,0.002028397565922921,False,False,False,[M-NH3+H]+,2
1100,frozen,open,6122,0.0001633453119895459,False,False,False,[M-NH3+H]+,2
1102,fine_tuned,closed,145,0.006896551724137931,False,False,False,[M+H]+,9
1102,fine_tuned,open,2475,0.00040404040404040404,False,False,False,[M+H]+,9
1102,frozen,closed,1,1.0,True,True,False,[M+H]+,9
1102,frozen,open,1,1.0,True,True,False,[M+H]+,9
1103,fine_tuned,closed,187,0.0053475935828877,False,False,False,[M+NH4]+,7
1103,fine_tuned,open,2721,0.0003675119441381845,False,False,False,[M+NH4]+,7
1103,frozen,closed,9,0.1111111111111111,False,False,False,[M+NH4]+,7
1103,frozen,open,78,0.01282051282051282,False,False,False,[M+NH4]+,7
1105,fine_tuned,closed,149,0.006711409395973154,False,False,False,[M-2H2O+H]+,2
1105,fine_tuned,open,1709,0.0005851375073142189,False,False,False,[M-2H2O+H]+,2
1105,frozen,closed,124,0.008064516129032258,False,False,False,[M-2H2O+H]+,2
1105,frozen,open,2333,0.0004286326618088298,False,False,False,[M-2H2O+H]+,2
1106,fine_tuned,closed,390,0.002564102564102564,False,False,False,[M+Na]+,2
1106,fine_tuned,open,4819,0.00020751193193608634,False,False,False,[M+Na]+,2
1106,frozen,closed,336,0.002976190476190476,False,False,False,[M+Na]+,2
1106,frozen,open,4872,0.00020525451559934318,False,False,False,[M+Na]+,2
1107,fine_tuned,closed,441,0.0022675736961451248,False,False,False,[M+Na]+,3
1107,fine_tuned,open,4465,0.00022396416573348266,False,False,False,[M+Na]+,3
1107,frozen,closed,141,0.0070921985815602835,False,False,False,[M+Na]+,3
1107,frozen,open,3434,0.00029120559114735004,False,False,False,[M+Na]+,3
1109,fine_tuned,closed,301,0.0033222591362126247,False,False,False,[M+H]+,4
1109,fine_tuned,open,3836,0.00026068821689259646,False,False,False,[M+H]+,4
1109,frozen,closed,260,0.0038461538461538464,False,False,False,[M+H]+,4
1109,frozen,open,2748,0.000363901018922853,False,False,False,[M+H]+,4
1110,fine_tuned,closed,59,0.01694915254237288,False,False,False,[M+Na]+,2
1110,fine_tuned,open,1796,0.0005567928730512249,False,False,False,[M+Na]+,2
1110,frozen,closed,2,0.5,False,True,False,[M+Na]+,2
1110,frozen,open,2,0.5,False,True,False,[M+Na]+,2
1111,fine_tuned,closed,224,0.004464285714285714,False,False,False,[M+H]+,9
1111,fine_tuned,open,3748,0.00026680896478121667,False,False,False,[M+H]+,9
1111,frozen,closed,2,0.5,False,True,False,[M+H]+,9
1111,frozen,open,57,0.017543859649122806,False,False,False,[M+H]+,9
1114,fine_tuned,closed,108,0.009259259259259259,False,False,False,[M+Na]+,5
1114,fine_tuned,open,2008,0.00049800796812749,False,False,False,[M+Na]+,5
1114,frozen,closed,74,0.013513513513513514,False,False,False,[M+Na]+,5
1114,frozen,open,903,0.0011074197120708748,False,False,False,[M+Na]+,5
1115,fine_tuned,closed,93,0.010752688172043012,False,False,False,[M+Na]+,1
1115,fine_tuned,open,2870,0.0003484320557491289,False,False,False,[M+Na]+,1
1115,frozen,closed,36,0.027777777777777776,False,False,False,[M+Na]+,1
1115,frozen,open,1305,0.0007662835249042146,False,False,False,[M+Na]+,1
1116,fine_tuned,closed,73,0.0136986301369863,False,False,False,[M+H]+,9
1116,fine_tuned,open,1910,0.0005235602094240838,False,False,False,[M+H]+,9
1116,frozen,closed,29,0.034482758620689655,False,False,False,[M+H]+,9
1116,frozen,open,684,0.0014619883040935672,False,False,False,[M+H]+,9
1118,fine_tuned,closed,6,0.16666666666666666,False,False,False,[M-H2O+H]+,5
1118,fine_tuned,open,43,0.023255813953488372,False,False,False,[M-H2O+H]+,5
1118,frozen,closed,50,0.02,False,False,False,[M-H2O+H]+,5
1118,frozen,open,248,0.004032258064516129,False,False,False,[M-H2O+H]+,5
1119,fine_tuned,closed,10,0.1,False,False,False,[M-H2O+H]+,2
1119,fine_tuned,open,10,0.1,False,False,False,[M-H2O+H]+,2
1119,frozen,closed,135,0.007407407407407408,False,False,False,[M-H2O+H]+,2
1119,frozen,open,266,0.0037593984962406013,False,False,False,[M-H2O+H]+,2
1120,fine_tuned,closed,21,0.047619047619047616,False,False,False,[M-NH3+H]+,3
1120,fine_tuned,open,21,0.047619047619047616,False,False,False,[M-NH3+H]+,3
1120,frozen,closed,317,0.0031545741324921135,False,False,False,[M-NH3+H]+,3
1120,frozen,open,3200,0.0003125,False,False,False,[M-NH3+H]+,3
1121,fine_tuned,closed,123,0.008130081300813009,False,False,False,[M-H2O+H]+,6
1121,fine_tuned,open,906,0.0011037527593818985,False,False,False,[M-H2O+H]+,6
1121,frozen,closed,31,0.03225806451612903,False,False,False,[M-H2O+H]+,6
1121,frozen,open,544,0.001838235294117647,False,False,False,[M-H2O+H]+,6
1122,fine_tuned,closed,11,0.09090909090909091,False,False,False,[M+H]+,3
1122,fine_tuned,open,11,0.09090909090909091,False,False,False,[M+H]+,3
1122,frozen,closed,15,0.06666666666666667,False,False,False,[M+H]+,3
1122,frozen,open,20,0.05,False,False,False,[M+H]+,3
1123,fine_tuned,closed,159,0.006289308176100629,False,False,False,[M-2H2O+H]+,3
1123,fine_tuned,open,870,0.0011494252873563218,False,False,False,[M-2H2O+H]+,3
1123,frozen,closed,107,0.009345794392523364,False,False,False,[M-2H2O+H]+,3
1123,frozen,open,2886,0.0003465003465003465,False,False,False,[M-2H2O+H]+,3
1124,fine_tuned,closed,55,0.01818181818181818,False,False,True,[M-2H2O+H]+,3
1124,fine_tuned,open,378,0.0026455026455026454,False,False,True,[M-2H2O+H]+,3
1124,frozen,closed,151,0.006622516556291391,False,False,True,[M-2H2O+H]+,3
1124,frozen,open,3403,0.0002938583602703497,False,False,True,[M-2H2O+H]+,3
1126,fine_tuned,closed,13,0.07692307692307693,False,False,False,[M-H2O+H]+,2
1126,fine_tuned,open,13,0.07692307692307693,False,False,False,[M-H2O+H]+,2
1126,frozen,closed,65,0.015384615384615385,False,False,False,[M-H2O+H]+,2
1126,frozen,open,529,0.001890359168241966,False,False,False,[M-H2O+H]+,2
1127,fine_tuned,closed,27,0.037037037037037035,False,False,False,[M-H2O+H]+,2
1127,fine_tuned,open,27,0.037037037037037035,False,False,False,[M-H2O+H]+,2
1127,frozen,closed,274,0.0036496350364963502,False,False,False,[M-H2O+H]+,2
1127,frozen,open,3956,0.0002527805864509606,False,False,False,[M-H2O+H]+,2
1129,fine_tuned,closed,15,0.06666666666666667,False,False,False,[M+H]+,2
1129,fine_tuned,open,19,0.05263157894736842,False,False,False,[M+H]+,2
1129,frozen,closed,25,0.04,False,False,False,[M+H]+,2
1129,frozen,open,229,0.004366812227074236,False,False,False,[M+H]+,2
1131,fine_tuned,closed,4,0.25,False,True,False,[M-H2O+H]+,7
1131,fine_tuned,open,204,0.004901960784313725,False,False,False,[M-H2O+H]+,7
1131,frozen,closed,125,0.008,False,False,False,[M-H2O+H]+,7
1131,frozen,open,677,0.0014771048744460858,False,False,False,[M-H2O+H]+,7
1132,fine_tuned,closed,6,0.16666666666666666,False,False,False,[M-H2O+H]+,3
1132,fine_tuned,open,237,0.004219409282700422,False,False,False,[M-H2O+H]+,3
1132,frozen,closed,126,0.007936507936507936,False,False,False,[M-H2O+H]+,3
1132,frozen,open,1457,0.0006863417982155113,False,False,False,[M-H2O+H]+,3
1133,fine_tuned,closed,6,0.16666666666666666,False,False,False,[M-H2O+H]+,2
1133,fine_tuned,open,894,0.0011185682326621924,False,False,False,[M-H2O+H]+,2
1133,frozen,closed,49,0.02040816326530612,False,False,False,[M-H2O+H]+,2
1133,frozen,open,1239,0.0008071025020177562,False,False,False,[M-H2O+H]+,2
1134,fine_tuned,closed,353,0.0028328611898017,False,False,True,[M-H2O+H]+,7
1134,fine_tuned,open,4155,0.00024067388688327315,False,False,True,[M-H2O+H]+,7
1134,frozen,closed,298,0.003355704697986577,False,False,True,[M-H2O+H]+,7
1134,frozen,open,2050,0.0004878048780487805,False,False,True,[M-H2O+H]+,7
1135,fine_tuned,closed,156,0.00641025641025641,False,False,True,[M-H2O+H]+,3
1135,fine_tuned,open,2274,0.00043975373790677223,False,False,True,[M-H2O+H]+,3
1135,frozen,closed,34,0.029411764705882353,False,False,True,[M-H2O+H]+,3
1135,frozen,open,350,0.002857142857142857,False,False,True,[M-H2O+H]+,3
1136,fine_tuned,closed,279,0.0035842293906810036,False,False,True,[M-H2O+H]+,2
1136,fine_tuned,open,4213,0.00023736055067647758,False,False,True,[M-H2O+H]+,2
1136,frozen,closed,292,0.003424657534246575,False,False,True,[M-H2O+H]+,2
1136,frozen,open,3685,0.000271370420624152,False,False,True,[M-H2O+H]+,2
1137,fine_tuned,closed,151,0.006622516556291391,False,False,False,[M-NH3+H]+,3
1137,fine_tuned,open,2158,0.0004633920296570899,False,False,False,[M-NH3+H]+,3
1137,frozen,closed,24,0.041666666666666664,False,False,False,[M-NH3+H]+,3
1137,frozen,open,905,0.0011049723756906078,False,False,False,[M-NH3+H]+,3
1138,fine_tuned,closed,378,0.0026455026455026454,False,False,True,[M-NH3+H]+,3
1138,fine_tuned,open,4206,0.00023775558725630053,False,False,True,[M-NH3+H]+,3
1138,frozen,closed,242,0.004132231404958678,False,False,True,[M-NH3+H]+,3
1138,frozen,open,3139,0.00031857279388340236,False,False,True,[M-NH3+H]+,3
1140,fine_tuned,closed,65,0.015384615384615385,False,False,False,[M-NH3+H]+,1
1140,fine_tuned,open,1536,0.0006510416666666666,False,False,False,[M-NH3+H]+,1
1140,frozen,closed,222,0.0045045045045045045,False,False,False,[M-NH3+H]+,1
1140,frozen,open,3857,0.00025926886180969663,False,False,False,[M-NH3+H]+,1
1141,fine_tuned,closed,106,0.009433962264150943,False,False,False,[M+H]+,2
1141,fine_tuned,open,2468,0.0004051863857374392,False,False,False,[M+H]+,2
1141,frozen,closed,58,0.017241379310344827,False,False,False,[M+H]+,2
1141,frozen,open,512,0.001953125,False,False,False,[M+H]+,2
1142,fine_tuned,closed,11,0.09090909090909091,False,False,False,[M+H]+,5
1142,fine_tuned,open,238,0.004201680672268907,False,False,False,[M+H]+,5
1142,frozen,closed,48,0.020833333333333332,False,False,False,[M+H]+,5
1142,frozen,open,171,0.005847953216374269,False,False,False,[M+H]+,5
1143,fine_tuned,closed,172,0.005813953488372093,False,False,False,[M+Na]+,1
1143,fine_tuned,open,2241,0.0004462293618920125,False,False,False,[M+Na]+,1
1143,frozen,closed,212,0.0047169811320754715,False,False,False,[M+Na]+,1
1143,frozen,open,3259,0.0003068425897514575,False,False,False,[M+Na]+,1
1144,fine_tuned,closed,214,0.004672897196261682,False,False,False,[M-2H2O+H]+,1
1144,fine_tuned,open,2647,0.00037778617302606723,False,False,False,[M-2H2O+H]+,1
1144,frozen,closed,293,0.0034129692832764505,False,False,False,[M-2H2O+H]+,1
1144,frozen,open,3748,0.00026680896478121667,False,False,False,[M-2H2O+H]+,1
1145,fine_tuned,closed,514,0.0019455252918287938,False,False,False,[M-NH3+H]+,2
1145,fine_tuned,open,5444,0.0001836884643644379,False,False,False,[M-NH3+H]+,2
1145,frozen,closed,315,0.0031746031746031746,False,False,False,[M-NH3+H]+,2
1145,frozen,open,5349,0.0001869508319312021,False,False,False,[M-NH3+H]+,2
1146,fine_tuned,closed,490,0.0020408163265306124,False,False,False,[M-NH3+H]+,1
1146,fine_tuned,open,5287,0.00018914318138831096,False,False,False,[M-NH3+H]+,1
1146,frozen,closed,289,0.0034602076124567475,False,False,False,[M-NH3+H]+,1
1146,frozen,open,3129,0.00031959092361776926,False,False,False,[M-NH3+H]+,1
1147,fine_tuned,closed,15,0.06666666666666667,False,False,True,[M-H2O+H]+,2
1147,fine_tuned,open,195,0.005128205128205128,False,False,True,[M-H2O+H]+,2
1147,frozen,closed,20,0.05,False,False,True,[M-H2O+H]+,2
1147,frozen,open,347,0.002881844380403458,False,False,True,[M-H2O+H]+,2
1148,fine_tuned,closed,119,0.008403361344537815,False,False,True,[M-H2O+H]+,2
1148,fine_tuned,open,1293,0.0007733952049497294,False,False,True,[M-H2O+H]+,2
1148,frozen,closed,63,0.015873015873015872,False,False,True,[M-H2O+H]+,2
1148,frozen,open,1152,0.0008680555555555555,False,False,True,[M-H2O+H]+,2
1149,fine_tuned,closed,113,0.008849557522123894,False,False,False,[M-H2O+H]+,2
1149,fine_tuned,open,1919,0.0005211047420531526,False,False,False,[M-H2O+H]+,2
1149,frozen,closed,236,0.00423728813559322,False,False,False,[M-H2O+H]+,2
1149,frozen,open,2908,0.000343878954607978,False,False,False,[M-H2O+H]+,2
1150,fine_tuned,closed,21,0.047619047619047616,False,False,False,[M+H]+,8
1150,fine_tuned,open,54,0.018518518518518517,False,False,False,[M+H]+,8
1150,frozen,closed,188,0.005319148936170213,False,False,False,[M+H]+,8
1150,frozen,open,232,0.004310344827586207,False,False,False,[M+H]+,8
1151,fine_tuned,closed,4,0.25,False,True,False,[M+H]+,8
1151,fine_tuned,open,4,0.25,False,True,False,[M+H]+,8
1151,frozen,closed,40,0.025,False,False,False,[M+H]+,8
1151,frozen,open,70,0.014285714285714285,False,False,False,[M+H]+,8
1152,fine_tuned,closed,28,0.03571428571428571,False,False,True,[M+H]+,8
1152,fine_tuned,open,69,0.014492753623188406,False,False,True,[M+H]+,8
1152,frozen,closed,14,0.07142857142857142,False,False,True,[M+H]+,8
1152,frozen,open,14,0.07142857142857142,False,False,True,[M+H]+,8
1153,fine_tuned,closed,85,0.011764705882352941,False,False,True,[M+H]+,8
1153,fine_tuned,open,132,0.007575757575757576,False,False,True,[M+H]+,8
1153,frozen,closed,71,0.014084507042253521,False,False,True,[M+H]+,8
1153,frozen,open,159,0.006289308176100629,False,False,True,[M+H]+,8
1155,fine_tuned,closed,2,0.5,False,True,False,[M+H]+,3
1155,fine_tuned,open,10,0.1,False,False,False,[M+H]+,3
1155,frozen,closed,7,0.14285714285714285,False,False,False,[M+H]+,3
1155,frozen,open,18,0.05555555555555555,False,False,False,[M+H]+,3
1156,fine_tuned,closed,241,0.004149377593360996,False,False,False,[M+Na]+,2
1156,fine_tuned,open,3234,0.00030921459492888067,False,False,False,[M+Na]+,2
1156,frozen,closed,38,0.02631578947368421,False,False,False,[M+Na]+,2
1156,frozen,open,62,0.016129032258064516,False,False,False,[M+Na]+,2
1157,fine_tuned,closed,50,0.02,False,False,False,[M-H2O+H]+,2
1157,fine_tuned,open,52,0.019230769230769232,False,False,False,[M-H2O+H]+,2
1157,frozen,closed,175,0.005714285714285714,False,False,False,[M-H2O+H]+,2
1157,frozen,open,1462,0.0006839945280437756,False,False,False,[M-H2O+H]+,2
1158,fine_tuned,closed,107,0.009345794392523364,False,False,False,[M-H2O+H]+,3
1158,fine_tuned,open,600,0.0016666666666666668,False,False,False,[M-H2O+H]+,3
1158,frozen,closed,32,0.03125,False,False,False,[M-H2O+H]+,3
1158,frozen,open,39,0.02564102564102564,False,False,False,[M-H2O+H]+,3
1159,fine_tuned,closed,90,0.011111111111111112,False,False,True,[M-2H2O+H]+,2
1159,fine_tuned,open,119,0.008403361344537815,False,False,True,[M-2H2O+H]+,2
1159,frozen,closed,323,0.0030959752321981426,False,False,True,[M-2H2O+H]+,2
1159,frozen,open,2490,0.00040160642570281126,False,False,True,[M-2H2O+H]+,2
1160,fine_tuned,closed,116,0.008620689655172414,False,False,False,[M+H]+,8
1160,fine_tuned,open,665,0.0015037593984962407,False,False,False,[M+H]+,8
1160,frozen,closed,155,0.0064516129032258064,False,False,False,[M+H]+,8
1160,frozen,open,220,0.004545454545454545,False,False,False,[M+H]+,8
1161,fine_tuned,closed,291,0.003436426116838488,False,False,True,[M-H2O+H]+,12
1161,fine_tuned,open,4511,0.00022168033695411216,False,False,True,[M-H2O+H]+,12
1161,frozen,closed,42,0.023809523809523808,False,False,True,[M-H2O+H]+,12
1161,frozen,open,1563,0.0006397952655150352,False,False,True,[M-H2O+H]+,12
1162,fine_tuned,closed,272,0.003676470588235294,False,False,True,[M-H2O+H]+,4
1162,fine_tuned,open,4617,0.00021659085986571366,False,False,True,[M-H2O+H]+,4
1162,frozen,closed,234,0.004273504273504274,False,False,True,[M-H2O+H]+,4
1162,frozen,open,4577,0.00021848372296263927,False,False,True,[M-H2O+H]+,4
1163,fine_tuned,closed,4,0.25,False,True,True,[M+H]+,3
1163,fine_tuned,open,7,0.14285714285714285,False,False,True,[M+H]+,3
1163,frozen,closed,7,0.14285714285714285,False,False,True,[M+H]+,3
1163,frozen,open,16,0.0625,False,False,True,[M+H]+,3
1164,fine_tuned,closed,72,0.013888888888888888,False,False,True,[M+NH4]+,5
1164,fine_tuned,open,1245,0.0008032128514056225,False,False,True,[M+NH4]+,5
1164,frozen,closed,75,0.013333333333333334,False,False,True,[M+NH4]+,5
1164,frozen,open,761,0.001314060446780552,False,False,True,[M+NH4]+,5
1165,fine_tuned,closed,44,0.022727272727272728,False,False,False,[M+H]+,3
1165,fine_tuned,open,324,0.0030864197530864196,False,False,False,[M+H]+,3
1165,frozen,closed,84,0.011904761904761904,False,False,False,[M+H]+,3
1165,frozen,open,503,0.0019880715705765406,False,False,False,[M+H]+,3
1167,fine_tuned,closed,157,0.006369426751592357,False,False,False,[M+Na]+,1
1167,fine_tuned,open,3107,0.000321853878339234,False,False,False,[M+Na]+,1
1167,frozen,closed,128,0.0078125,False,False,False,[M+Na]+,1
1167,frozen,open,3812,0.00026232948583420777,False,False,False,[M+Na]+,1
1168,fine_tuned,closed,390,0.002564102564102564,False,False,True,[M+Na]+,1
1168,fine_tuned,open,4879,0.00020496003279360525,False,False,True,[M+Na]+,1
1168,frozen,closed,298,0.003355704697986577,False,False,True,[M+Na]+,1
1168,frozen,open,5322,0.00018789928598271326,False,False,True,[M+Na]+,1
1170,fine_tuned,closed,112,0.008928571428571428,False,False,False,[M+H]+,5
1170,fine_tuned,open,982,0.0010183299389002036,False,False,False,[M+H]+,5
1170,frozen,closed,27,0.037037037037037035,False,False,False,[M+H]+,5
1170,frozen,open,34,0.029411764705882353,False,False,False,[M+H]+,5
1171,fine_tuned,closed,259,0.003861003861003861,False,False,True,[M-H2O+H]+,4
1171,fine_tuned,open,2318,0.0004314063848144953,False,False,True,[M-H2O+H]+,4
1171,frozen,closed,206,0.0048543689320388345,False,False,True,[M-H2O+H]+,4
1171,frozen,open,1305,0.0007662835249042146,False,False,True,[M-H2O+H]+,4
1172,fine_tuned,closed,219,0.0045662100456621,False,False,True,[M-NH3+H]+,6
1172,fine_tuned,open,4166,0.00024003840614498319,False,False,True,[M-NH3+H]+,6
1172,frozen,closed,28,0.03571428571428571,False,False,True,[M-NH3+H]+,6
1172,frozen,open,507,0.0019723865877712033,False,False,True,[M-NH3+H]+,6
1173,fine_tuned,closed,119,0.008403361344537815,False,False,True,[M+H]+,3
1173,fine_tuned,open,2164,0.0004621072088724584,False,False,True,[M+H]+,3
1173,frozen,closed,2,0.5,False,True,True,[M+H]+,3
1173,frozen,open,26,0.038461538461538464,False,False,True,[M+H]+,3
1174,fine_tuned,closed,97,0.010309278350515464,False,False,True,[M+H]+,6
1174,fine_tuned,open,1895,0.0005277044854881266,False,False,True,[M+H]+,6
1174,frozen,closed,112,0.008928571428571428,False,False,True,[M+H]+,6
1174,frozen,open,2539,0.00039385584875935406,False,False,True,[M+H]+,6
1175,fine_tuned,closed,268,0.0037313432835820895,False,False,False,[M+Na]+,4
1175,fine_tuned,open,3027,0.0003303600925008259,False,False,False,[M+Na]+,4
1175,frozen,closed,142,0.007042253521126761,False,False,False,[M+Na]+,4
1175,frozen,open,1353,0.0007390983000739098,False,False,False,[M+Na]+,4
1176,fine_tuned,closed,111,0.009009009009009009,False,False,True,[M+Na]+,1
1176,fine_tuned,open,2481,0.00040306328093510683,False,False,True,[M+Na]+,1
1176,frozen,closed,302,0.0033112582781456954,False,False,True,[M+Na]+,1
1176,frozen,open,3926,0.00025471217524197657,False,False,True,[M+Na]+,1
1177,fine_tuned,closed,17,0.058823529411764705,False,False,True,[M+Na]+,23
1177,fine_tuned,open,22,0.045454545454545456,False,False,True,[M+Na]+,23
1177,frozen,closed,249,0.004016064257028112,False,False,True,[M+Na]+,23
1177,frozen,open,4799,0.00020837674515524068,False,False,True,[M+Na]+,23
1178,fine_tuned,closed,251,0.00398406374501992,False,False,False,[M+Na]+,1
1178,fine_tuned,open,3990,0.0002506265664160401,False,False,False,[M+Na]+,1
1178,frozen,closed,139,0.007194244604316547,False,False,False,[M+Na]+,1
1178,frozen,open,1676,0.0005966587112171838,False,False,False,[M+Na]+,1
1179,fine_tuned,closed,83,0.012048192771084338,False,False,True,[M-H2O+H]+,8
1179,fine_tuned,open,1937,0.0005162622612287042,False,False,True,[M-H2O+H]+,8
1179,frozen,closed,159,0.006289308176100629,False,False,True,[M-H2O+H]+,8
1179,frozen,open,3119,0.0003206155819172812,False,False,True,[M-H2O+H]+,8
1180,fine_tuned,closed,163,0.006134969325153374,False,False,True,[M+H]+,2
1180,fine_tuned,open,3254,0.00030731407498463427,False,False,True,[M+H]+,2
1180,frozen,closed,124,0.008064516129032258,False,False,True,[M+H]+,2
1180,frozen,open,423,0.002364066193853428,False,False,True,[M+H]+,2
1181,fine_tuned,closed,144,0.006944444444444444,False,False,True,[M+NH4]+,3
1181,fine_tuned,open,2199,0.00045475216007276033,False,False,True,[M+NH4]+,3
1181,frozen,closed,68,0.014705882352941176,False,False,True,[M+NH4]+,3
1181,frozen,open,1515,0.0006600660066006601,False,False,True,[M+NH4]+,3
1183,fine_tuned,closed,245,0.004081632653061225,False,False,True,[M+Na]+,1
1183,fine_tuned,open,4529,0.00022079929344226098,False,False,True,[M+Na]+,1
1183,frozen,closed,274,0.0036496350364963502,False,False,True,[M+Na]+,1
1183,frozen,open,4549,0.00021982853374367993,False,False,True,[M+Na]+,1
1184,fine_tuned,closed,95,0.010526315789473684,False,False,True,[M+H]+,4
1184,fine_tuned,open,1831,0.0005461496450027307,False,False,True,[M+H]+,4
1184,frozen,closed,50,0.02,False,False,True,[M+H]+,4
1184,frozen,open,66,0.015151515151515152,False,False,True,[M+H]+,4
1185,fine_tuned,closed,101,0.009900990099009901,False,False,False,[M-H2O+H]+,5
1185,fine_tuned,open,1683,0.0005941770647653001,False,False,False,[M-H2O+H]+,5
1185,frozen,closed,59,0.01694915254237288,False,False,False,[M-H2O+H]+,5
1185,frozen,open,176,0.005681818181818182,False,False,False,[M-H2O+H]+,5
1186,fine_tuned,closed,241,0.004149377593360996,False,False,True,[M+Na]+,3
1186,fine_tuned,open,3391,0.0002948982601002654,False,False,True,[M+Na]+,3
1186,frozen,closed,309,0.003236245954692557,False,False,True,[M+Na]+,3
1186,frozen,open,4016,0.000249003984063745,False,False,True,[M+Na]+,3
1187,fine_tuned,closed,104,0.009615384615384616,False,False,False,[M-NH3+H]+,3
1187,fine_tuned,open,1805,0.000554016620498615,False,False,False,[M-NH3+H]+,3
1187,frozen,closed,123,0.008130081300813009,False,False,False,[M-NH3+H]+,3
1187,frozen,open,2180,0.00045871559633027525,False,False,False,[M-NH3+H]+,3
1189,fine_tuned,closed,153,0.006535947712418301,False,False,False,[M+H]+,6
1189,fine_tuned,open,4319,0.00023153507756425097,False,False,False,[M+H]+,6
1189,frozen,closed,105,0.009523809523809525,False,False,False,[M+H]+,6
1189,frozen,open,2630,0.00038022813688212925,False,False,False,[M+H]+,6
1191,fine_tuned,closed,86,0.011627906976744186,False,False,True,[M+H]+,4
1191,fine_tuned,open,469,0.0021321961620469083,False,False,True,[M+H]+,4
1191,frozen,closed,127,0.007874015748031496,False,False,True,[M+H]+,4
1191,frozen,open,1618,0.0006180469715698393,False,False,True,[M+H]+,4
1192,fine_tuned,closed,45,0.022222222222222223,False,False,False,[M+H]+,1
1192,fine_tuned,open,91,0.01098901098901099,False,False,False,[M+H]+,1
1192,frozen,closed,7,0.14285714285714285,False,False,False,[M+H]+,1
1192,frozen,open,17,0.058823529411764705,False,False,False,[M+H]+,1
1193,fine_tuned,closed,238,0.004201680672268907,False,False,True,[M-H2O+H]+,2
1193,fine_tuned,open,260,0.0038461538461538464,False,False,True,[M-H2O+H]+,2
1193,frozen,closed,173,0.005780346820809248,False,False,True,[M-H2O+H]+,2
1193,frozen,open,4031,0.00024807740014884643,False,False,True,[M-H2O+H]+,2
1194,fine_tuned,closed,201,0.004975124378109453,False,False,False,[M+H]+,1
1194,fine_tuned,open,2828,0.0003536067892503536,False,False,False,[M+H]+,1
1194,frozen,closed,41,0.024390243902439025,False,False,False,[M+H]+,1
1194,frozen,open,86,0.011627906976744186,False,False,False,[M+H]+,1
1195,fine_tuned,closed,84,0.011904761904761904,False,False,True,[M-H2O+H]+,5
1195,fine_tuned,open,113,0.008849557522123894,False,False,True,[M-H2O+H]+,5
1195,frozen,closed,64,0.015625,False,False,True,[M-H2O+H]+,5
1195,frozen,open,1471,0.0006798096532970768,False,False,True,[M-H2O+H]+,5
1196,fine_tuned,closed,25,0.04,False,False,True,[M-H2O+H]+,2
1196,fine_tuned,open,33,0.030303030303030304,False,False,True,[M-H2O+H]+,2
1196,frozen,closed,55,0.01818181818181818,False,False,True,[M-H2O+H]+,2
1196,frozen,open,558,0.0017921146953405018,False,False,True,[M-H2O+H]+,2
1197,fine_tuned,closed,410,0.0024390243902439024,False,False,False,[M-H2O+H]+,4
1197,fine_tuned,open,4818,0.00020755500207555002,False,False,False,[M-H2O+H]+,4
1197,frozen,closed,116,0.008620689655172414,False,False,False,[M-H2O+H]+,4
1197,frozen,open,1983,0.0005042864346949068,False,False,False,[M-H2O+H]+,4
1200,fine_tuned,closed,25,0.04,False,False,True,[M+H]+,2
1200,fine_tuned,open,34,0.029411764705882353,False,False,True,[M+H]+,2
1200,frozen,closed,51,0.0196078431372549,False,False,True,[M+H]+,2
1200,frozen,open,177,0.005649717514124294,False,False,True,[M+H]+,2
1201,fine_tuned,closed,87,0.011494252873563218,False,False,True,[M+H]+,1
1201,fine_tuned,open,438,0.00228310502283105,False,False,True,[M+H]+,1
1201,frozen,closed,6,0.16666666666666666,False,False,True,[M+H]+,1
1201,frozen,open,12,0.08333333333333333,False,False,True,[M+H]+,1
1202,fine_tuned,closed,125,0.008,False,False,False,[M-NH3+H]+,4
1202,fine_tuned,open,1763,0.0005672149744753262,False,False,False,[M-NH3+H]+,4
1202,frozen,closed,125,0.008,False,False,False,[M-NH3+H]+,4
1202,frozen,open,2173,0.0004601932811780948,False,False,False,[M-NH3+H]+,4
1203,fine_tuned,closed,122,0.00819672131147541,False,False,False,[M-H2O+H]+,4
1203,fine_tuned,open,1739,0.0005750431282346176,False,False,False,[M-H2O+H]+,4
1203,frozen,closed,115,0.008695652173913044,False,False,False,[M-H2O+H]+,4
1203,frozen,open,2048,0.00048828125,False,False,False,[M-H2O+H]+,4
1204,fine_tuned,closed,68,0.014705882352941176,False,False,True,[M-2H2O+H]+,2
1204,fine_tuned,open,73,0.0136986301369863,False,False,True,[M-2H2O+H]+,2
1204,frozen,closed,112,0.008928571428571428,False,False,True,[M-2H2O+H]+,2
1204,frozen,open,2355,0.0004246284501061571,False,False,True,[M-2H2O+H]+,2
1205,fine_tuned,closed,12,0.08333333333333333,False,False,False,[M-NH3+H]+,4
1205,fine_tuned,open,29,0.034482758620689655,False,False,False,[M-NH3+H]+,4
1205,frozen,closed,131,0.007633587786259542,False,False,False,[M-NH3+H]+,4
1205,frozen,open,1435,0.0006968641114982578,False,False,False,[M-NH3+H]+,4
1206,fine_tuned,closed,20,0.05,False,False,False,[M-NH3+H]+,3
1206,fine_tuned,open,61,0.01639344262295082,False,False,False,[M-NH3+H]+,3
1206,frozen,closed,46,0.021739130434782608,False,False,False,[M-NH3+H]+,3
1206,frozen,open,86,0.011627906976744186,False,False,False,[M-NH3+H]+,3
1207,fine_tuned,closed,63,0.015873015873015872,False,False,True,[M+H]+,5
1207,fine_tuned,open,407,0.002457002457002457,False,False,True,[M+H]+,5
1207,frozen,closed,65,0.015384615384615385,False,False,True,[M+H]+,5
1207,frozen,open,391,0.0025575447570332483,False,False,True,[M+H]+,5
1208,fine_tuned,closed,163,0.006134969325153374,False,False,False,[M+H]+,2
1208,fine_tuned,open,1766,0.0005662514156285391,False,False,False,[M+H]+,2
1208,frozen,closed,25,0.04,False,False,False,[M+H]+,2
1208,frozen,open,82,0.012195121951219513,False,False,False,[M+H]+,2
1209,fine_tuned,closed,164,0.006097560975609756,False,False,False,[M+H]+,4
1209,fine_tuned,open,1720,0.0005813953488372093,False,False,False,[M+H]+,4
1209,frozen,closed,162,0.006172839506172839,False,False,False,[M+H]+,4
1209,frozen,open,2758,0.00036258158085569254,False,False,False,[M+H]+,4
1210,fine_tuned,closed,99,0.010101010101010102,False,False,False,[M+H]+,1
1210,fine_tuned,open,1133,0.00088261253309797,False,False,False,[M+H]+,1
1210,frozen,closed,22,0.045454545454545456,False,False,False,[M+H]+,1
1210,frozen,open,44,0.022727272727272728,False,False,False,[M+H]+,1
1211,fine_tuned,closed,129,0.007751937984496124,False,False,True,[M+Na]+,2
1211,fine_tuned,open,180,0.005555555555555556,False,False,True,[M+Na]+,2
1211,frozen,closed,63,0.015873015873015872,False,False,True,[M+Na]+,2
1211,frozen,open,589,0.001697792869269949,False,False,True,[M+Na]+,2
1212,fine_tuned,closed,87,0.011494252873563218,False,False,True,[M+Na]+,2
1212,fine_tuned,open,231,0.004329004329004329,False,False,True,[M+Na]+,2
1212,frozen,closed,86,0.011627906976744186,False,False,True,[M+Na]+,2
1212,frozen,open,159,0.006289308176100629,False,False,True,[M+Na]+,2
1213,fine_tuned,closed,72,0.013888888888888888,False,False,False,[M+H]+,5
1213,fine_tuned,open,462,0.0021645021645021645,False,False,False,[M+H]+,5
1213,frozen,closed,74,0.013513513513513514,False,False,False,[M+H]+,5
1213,frozen,open,360,0.002777777777777778,False,False,False,[M+H]+,5
1214,fine_tuned,closed,61,0.01639344262295082,False,False,False,[M+H]+,6
1214,fine_tuned,open,1481,0.0006752194463200541,False,False,False,[M+H]+,6
1214,frozen,closed,13,0.07692307692307693,False,False,False,[M+H]+,6
1214,frozen,open,47,0.02127659574468085,False,False,False,[M+H]+,6
1215,fine_tuned,closed,175,0.005714285714285714,False,False,False,[M+H]+,1
1215,fine_tuned,open,2992,0.00033422459893048126,False,False,False,[M+H]+,1
1215,frozen,closed,28,0.03571428571428571,False,False,False,[M+H]+,1
1215,frozen,open,50,0.02,False,False,False,[M+H]+,1
1216,fine_tuned,closed,122,0.00819672131147541,False,False,True,[M-H2O+H]+,4
1216,fine_tuned,open,2549,0.00039231071008238524,False,False,True,[M-H2O+H]+,4
1216,frozen,closed,76,0.013157894736842105,False,False,True,[M-H2O+H]+,4
1216,frozen,open,1199,0.0008340283569641367,False,False,True,[M-H2O+H]+,4
1217,fine_tuned,closed,320,0.003125,False,False,True,[M-H2O+H]+,4
1217,fine_tuned,open,1347,0.0007423904974016332,False,False,True,[M-H2O+H]+,4
1217,frozen,closed,262,0.003816793893129771,False,False,True,[M-H2O+H]+,4
1217,frozen,open,2741,0.00036483035388544326,False,False,True,[M-H2O+H]+,4
1218,fine_tuned,closed,138,0.007246376811594203,False,False,False,[M-H2O+H]+,3
1218,fine_tuned,open,2226,0.0004492362982929021,False,False,False,[M-H2O+H]+,3
1218,frozen,closed,25,0.04,False,False,False,[M-H2O+H]+,3
1218,frozen,open,1136,0.0008802816901408451,False,False,False,[M-H2O+H]+,3
1219,fine_tuned,closed,262,0.003816793893129771,False,False,False,[M+NH4]+,3
1219,fine_tuned,open,2799,0.0003572704537334762,False,False,False,[M+NH4]+,3
1219,frozen,closed,106,0.009433962264150943,False,False,False,[M+NH4]+,3
1219,frozen,open,239,0.0041841004184100415,False,False,False,[M+NH4]+,3
1220,fine_tuned,closed,62,0.016129032258064516,False,False,True,[M+H]+,2
1220,fine_tuned,open,1462,0.0006839945280437756,False,False,True,[M+H]+,2
1220,frozen,closed,8,0.125,False,False,True,[M+H]+,2
1220,frozen,open,121,0.008264462809917356,False,False,True,[M+H]+,2
1222,fine_tuned,closed,123,0.008130081300813009,False,False,False,[M+Na]+,1
1222,fine_tuned,open,1164,0.000859106529209622,False,False,False,[M+Na]+,1
1222,frozen,closed,171,0.005847953216374269,False,False,False,[M+Na]+,1
1222,frozen,open,529,0.001890359168241966,False,False,False,[M+Na]+,1
1223,fine_tuned,closed,7,0.14285714285714285,False,False,True,[M+H]+,14
1223,fine_tuned,open,208,0.004807692307692308,False,False,True,[M+H]+,14
1223,frozen,closed,105,0.009523809523809525,False,False,True,[M+H]+,14
1223,frozen,open,802,0.0012468827930174563,False,False,True,[M+H]+,14
1224,fine_tuned,closed,104,0.009615384615384616,False,False,False,[M+H]+,2
1224,fine_tuned,open,2263,0.0004418912947414936,False,False,False,[M+H]+,2
1224,frozen,closed,4,0.25,False,True,False,[M+H]+,2
1224,frozen,open,24,0.041666666666666664,False,False,False,[M+H]+,2
1225,fine_tuned,closed,149,0.006711409395973154,False,False,False,[M-H2O+H]+,2
1225,fine_tuned,open,674,0.001483679525222552,False,False,False,[M-H2O+H]+,2
1225,frozen,closed,284,0.0035211267605633804,False,False,False,[M-H2O+H]+,2
1225,frozen,open,844,0.001184834123222749,False,False,False,[M-H2O+H]+,2
1226,fine_tuned,closed,97,0.010309278350515464,False,False,True,[M+Na]+,3
1226,fine_tuned,open,1980,0.000505050505050505,False,False,True,[M+Na]+,3
1226,frozen,closed,225,0.0044444444444444444,False,False,True,[M+Na]+,3
1226,frozen,open,2691,0.0003716090672612412,False,False,True,[M+Na]+,3
1227,fine_tuned,closed,82,0.012195121951219513,False,False,False,[M-NH3+H]+,3
1227,fine_tuned,open,1862,0.0005370569280343716,False,False,False,[M-NH3+H]+,3
1227,frozen,closed,165,0.006060606060606061,False,False,False,[M-NH3+H]+,3
1227,frozen,open,2318,0.0004314063848144953,False,False,False,[M-NH3+H]+,3
1228,fine_tuned,closed,30,0.03333333333333333,False,False,False,[M+Na]+,2
1228,fine_tuned,open,281,0.0035587188612099642,False,False,False,[M+Na]+,2
1228,frozen,closed,21,0.047619047619047616,False,False,False,[M+Na]+,2
1228,frozen,open,331,0.0030211480362537764,False,False,False,[M+Na]+,2
1229,fine_tuned,closed,50,0.02,False,False,False,[M+H]+,5
1229,fine_tuned,open,1437,0.0006958942240779402,False,False,False,[M+H]+,5
1229,frozen,closed,64,0.015625,False,False,False,[M+H]+,5
1229,frozen,open,1597,0.0006261740763932373,False,False,False,[M+H]+,5
1230,fine_tuned,closed,90,0.011111111111111112,False,False,False,[M+H]+,2
1230,fine_tuned,open,2079,0.000481000481000481,False,False,False,[M+H]+,2
1230,frozen,closed,27,0.037037037037037035,False,False,False,[M+H]+,2
1230,frozen,open,41,0.024390243902439025,False,False,False,[M+H]+,2
1232,fine_tuned,closed,54,0.018518518518518517,False,False,False,[M-H2O+H]+,3
1232,fine_tuned,open,54,0.018518518518518517,False,False,False,[M-H2O+H]+,3
1232,frozen,closed,406,0.0024630541871921183,False,False,False,[M-H2O+H]+,3
1232,frozen,open,3247,0.0003079765937788728,False,False,False,[M-H2O+H]+,3
1233,fine_tuned,closed,10,0.1,False,False,False,[M-H2O+H]+,2
1233,fine_tuned,open,10,0.1,False,False,False,[M-H2O+H]+,2
1233,frozen,closed,344,0.0029069767441860465,False,False,False,[M-H2O+H]+,2
1233,frozen,open,3183,0.00031416902293433867,False,False,False,[M-H2O+H]+,2
1234,fine_tuned,closed,190,0.005263157894736842,False,False,False,[M+H]+,2
1234,fine_tuned,open,267,0.003745318352059925,False,False,False,[M+H]+,2
1234,frozen,closed,282,0.0035460992907801418,False,False,False,[M+H]+,2
1234,frozen,open,1564,0.0006393861892583121,False,False,False,[M+H]+,2
1235,fine_tuned,closed,357,0.0028011204481792717,False,False,False,[M-H2O+H]+,1
1235,fine_tuned,open,3302,0.0003028467595396729,False,False,False,[M-H2O+H]+,1
1235,frozen,closed,540,0.001851851851851852,False,False,False,[M-H2O+H]+,1
1235,frozen,open,5732,0.00017445917655268666,False,False,False,[M-H2O+H]+,1
1236,fine_tuned,closed,24,0.041666666666666664,False,False,False,[M+H]+,4
1236,fine_tuned,open,25,0.04,False,False,False,[M+H]+,4
1236,frozen,closed,197,0.005076142131979695,False,False,False,[M+H]+,4
1236,frozen,open,651,0.0015360983102918587,False,False,False,[M+H]+,4
1237,fine_tuned,closed,113,0.008849557522123894,False,False,False,[M+Na]+,4
1237,fine_tuned,open,503,0.0019880715705765406,False,False,False,[M+Na]+,4
1237,frozen,closed,198,0.005050505050505051,False,False,False,[M+Na]+,4
1237,frozen,open,3204,0.00031210986267166043,False,False,False,[M+Na]+,4
1238,fine_tuned,closed,60,0.016666666666666666,False,False,False,[M-2H2O+H]+,4
1238,fine_tuned,open,275,0.0036363636363636364,False,False,False,[M-2H2O+H]+,4
1238,frozen,closed,348,0.0028735632183908046,False,False,False,[M-2H2O+H]+,4
1238,frozen,open,4046,0.00024715768660405336,False,False,False,[M-2H2O+H]+,4
1239,fine_tuned,closed,119,0.008403361344537815,False,False,False,[M-H2O+H]+,1
1239,fine_tuned,open,1823,0.0005485463521667581,False,False,False,[M-H2O+H]+,1
1239,frozen,closed,65,0.015384615384615385,False,False,False,[M-H2O+H]+,1
1239,frozen,open,1108,0.0009025270758122744,False,False,False,[M-H2O+H]+,1
1240,fine_tuned,closed,124,0.008064516129032258,False,False,True,[M-H2O+H]+,1
1240,fine_tuned,open,1363,0.0007336757153338225,False,False,True,[M-H2O+H]+,1
1240,frozen,closed,447,0.0022371364653243847,False,False,True,[M-H2O+H]+,1
1240,frozen,open,5730,0.00017452006980802793,False,False,True,[M-H2O+H]+,1
1241,fine_tuned,closed,52,0.019230769230769232,False,False,False,[M+H]+,4
1241,fine_tuned,open,211,0.004739336492890996,False,False,False,[M+H]+,4
1241,frozen,closed,291,0.003436426116838488,False,False,False,[M+H]+,4
1241,frozen,open,1884,0.0005307855626326964,False,False,False,[M+H]+,4
1242,fine_tuned,closed,207,0.004830917874396135,False,False,False,[M+NH4]+,3
1242,fine_tuned,open,2764,0.000361794500723589,False,False,False,[M+NH4]+,3
1242,frozen,closed,336,0.002976190476190476,False,False,False,[M+NH4]+,3
1242,frozen,open,4236,0.00023607176581680832,False,False,False,[M+NH4]+,3
1245,fine_tuned,closed,184,0.005434782608695652,False,False,False,[M-NH3+H]+,1
1245,fine_tuned,open,1658,0.0006031363088057901,False,False,False,[M-NH3+H]+,1
1245,frozen,closed,484,0.002066115702479339,False,False,False,[M-NH3+H]+,1
1245,frozen,open,5540,0.00018050541516245486,False,False,False,[M-NH3+H]+,1
1246,fine_tuned,closed,151,0.006622516556291391,False,False,False,[M-H2O+H]+,1
1246,fine_tuned,open,1365,0.0007326007326007326,False,False,False,[M-H2O+H]+,1
1246,frozen,closed,463,0.0021598272138228943,False,False,False,[M-H2O+H]+,1
1246,frozen,open,5482,0.00018241517694272163,False,False,False,[M-H2O+H]+,1
1247,fine_tuned,closed,78,0.01282051282051282,False,False,False,[M+H]+,3
1247,fine_tuned,open,617,0.0016207455429497568,False,False,False,[M+H]+,3
1247,frozen,closed,216,0.004629629629629629,False,False,False,[M+H]+,3
1247,frozen,open,237,0.004219409282700422,False,False,False,[M+H]+,3
1248,fine_tuned,closed,3,0.3333333333333333,False,True,True,[M+H]+,7
1248,fine_tuned,open,3,0.3333333333333333,False,True,True,[M+H]+,7
1248,frozen,closed,143,0.006993006993006993,False,False,True,[M+H]+,7
1248,frozen,open,219,0.0045662100456621,False,False,True,[M+H]+,7
1249,fine_tuned,closed,156,0.00641025641025641,False,False,False,[M-H2O+H]+,2
1249,fine_tuned,open,2222,0.00045004500450045,False,False,False,[M-H2O+H]+,2
1249,frozen,closed,513,0.001949317738791423,False,False,False,[M-H2O+H]+,2
1249,frozen,open,6119,0.00016342539630658605,False,False,False,[M-H2O+H]+,2
1250,fine_tuned,closed,318,0.0031446540880503146,False,False,False,[M-NH3+H]+,2
1250,fine_tuned,open,1440,0.0006944444444444445,False,False,False,[M-NH3+H]+,2
1250,frozen,closed,429,0.002331002331002331,False,False,False,[M-NH3+H]+,2
1250,frozen,open,3949,0.0002532286654849329,False,False,False,[M-NH3+H]+,2
1251,fine_tuned,closed,318,0.0031446540880503146,False,False,False,[M-H2O+H]+,2
1251,fine_tuned,open,1440,0.0006944444444444445,False,False,False,[M-H2O+H]+,2
1251,frozen,closed,429,0.002331002331002331,False,False,False,[M-H2O+H]+,2
1251,frozen,open,3949,0.0002532286654849329,False,False,False,[M-H2O+H]+,2
1252,fine_tuned,closed,363,0.0027548209366391185,False,False,False,[M-H2O+H]+,1
1252,fine_tuned,open,5081,0.000196811651249754,False,False,False,[M-H2O+H]+,1
1252,frozen,closed,304,0.003289473684210526,False,False,False,[M-H2O+H]+,1
1252,frozen,open,4737,0.00021110407430863416,False,False,False,[M-H2O+H]+,1
1253,fine_tuned,closed,529,0.001890359168241966,False,False,False,[M-H2O+H]+,3
1253,fine_tuned,open,5735,0.0001743679163034002,False,False,False,[M-H2O+H]+,3
1253,frozen,closed,368,0.002717391304347826,False,False,False,[M-H2O+H]+,3
1253,frozen,open,5508,0.00018155410312273057,False,False,False,[M-H2O+H]+,3
1254,fine_tuned,closed,4,0.25,False,True,True,[M+H]+,8
1254,fine_tuned,open,4,0.25,False,True,True,[M+H]+,8
1254,frozen,closed,186,0.005376344086021506,False,False,True,[M+H]+,8
1254,frozen,open,1398,0.000715307582260372,False,False,True,[M+H]+,8
1255,fine_tuned,closed,12,0.08333333333333333,False,False,False,[M+H]+,8
1255,fine_tuned,open,12,0.08333333333333333,False,False,False,[M+H]+,8
1255,frozen,closed,52,0.019230769230769232,False,False,False,[M+H]+,8
1255,frozen,open,134,0.007462686567164179,False,False,False,[M+H]+,8
1256,fine_tuned,closed,19,0.05263157894736842,False,False,False,[M+H]+,5
1256,fine_tuned,open,24,0.041666666666666664,False,False,False,[M+H]+,5
1256,frozen,closed,106,0.009433962264150943,False,False,False,[M+H]+,5
1256,frozen,open,128,0.0078125,False,False,False,[M+H]+,5
1257,fine_tuned,closed,351,0.002849002849002849,False,False,True,[M-H2O+H]+,3
1257,fine_tuned,open,4417,0.00022639800769753225,False,False,True,[M-H2O+H]+,3
1257,frozen,closed,376,0.0026595744680851063,False,False,True,[M-H2O+H]+,3
1257,frozen,open,5411,0.00018480872297172427,False,False,True,[M-H2O+H]+,3
1260,fine_tuned,closed,86,0.011627906976744186,False,False,False,[M+H]+,6
1260,fine_tuned,open,188,0.005319148936170213,False,False,False,[M+H]+,6
1260,frozen,closed,11,0.09090909090909091,False,False,False,[M+H]+,6
1260,frozen,open,11,0.09090909090909091,False,False,False,[M+H]+,6
1261,fine_tuned,closed,24,0.041666666666666664,False,False,False,[M+H]+,14
1261,fine_tuned,open,24,0.041666666666666664,False,False,False,[M+H]+,14
1261,frozen,closed,93,0.010752688172043012,False,False,False,[M+H]+,14
1261,frozen,open,270,0.003703703703703704,False,False,False,[M+H]+,14
1263,fine_tuned,closed,140,0.007142857142857143,False,False,False,[M+H]+,17
1263,fine_tuned,open,745,0.0013422818791946308,False,False,False,[M+H]+,17
1263,frozen,closed,109,0.009174311926605505,False,False,False,[M+H]+,17
1263,frozen,open,1102,0.0009074410163339383,False,False,False,[M+H]+,17
1264,fine_tuned,closed,284,0.0035211267605633804,False,False,False,[M+NH4]+,1
1264,fine_tuned,open,1759,0.0005685048322910744,False,False,False,[M+NH4]+,1
1264,frozen,closed,456,0.0021929824561403508,False,False,False,[M+NH4]+,1
1264,frozen,open,4906,0.00020383204239706482,False,False,False,[M+NH4]+,1
1265,fine_tuned,closed,70,0.014285714285714285,False,False,True,[M+Na]+,3
1265,fine_tuned,open,462,0.0021645021645021645,False,False,True,[M+Na]+,3
1265,frozen,closed,141,0.0070921985815602835,False,False,True,[M+Na]+,3
1265,frozen,open,1980,0.000505050505050505,False,False,True,[M+Na]+,3
1266,fine_tuned,closed,300,0.0033333333333333335,False,False,False,[M+Na]+,1
1266,fine_tuned,open,2489,0.0004017677782241864,False,False,False,[M+Na]+,1
1266,frozen,closed,567,0.001763668430335097,False,False,False,[M+Na]+,1
1266,frozen,open,5910,0.00016920473773265651,False,False,False,[M+Na]+,1
1267,fine_tuned,closed,195,0.005128205128205128,False,False,False,[M+Na]+,1
1267,fine_tuned,open,1715,0.0005830903790087463,False,False,False,[M+Na]+,1
1267,frozen,closed,283,0.0035335689045936395,False,False,False,[M+Na]+,1
1267,frozen,open,1031,0.0009699321047526673,False,False,False,[M+Na]+,1
1268,fine_tuned,closed,40,0.025,False,False,True,[M+H]+,3
1268,fine_tuned,open,677,0.0014771048744460858,False,False,True,[M+H]+,3
1268,frozen,closed,42,0.023809523809523808,False,False,True,[M+H]+,3
1268,frozen,open,151,0.006622516556291391,False,False,True,[M+H]+,3
1269,fine_tuned,closed,51,0.0196078431372549,False,False,False,[M-H2O+H]+,1
1269,fine_tuned,open,1045,0.0009569377990430622,False,False,False,[M-H2O+H]+,1
1269,frozen,closed,219,0.0045662100456621,False,False,False,[M-H2O+H]+,1
1269,frozen,open,4254,0.00023507287259050304,False,False,False,[M-H2O+H]+,1
1271,fine_tuned,closed,23,0.043478260869565216,False,False,True,[M+H]+,8
1271,fine_tuned,open,132,0.007575757575757576,False,False,True,[M+H]+,8
1271,frozen,closed,124,0.008064516129032258,False,False,True,[M+H]+,8
1271,frozen,open,516,0.001937984496124031,False,False,True,[M+H]+,8
1272,fine_tuned,closed,474,0.002109704641350211,False,False,False,[M+NH4]+,4
1272,fine_tuned,open,4923,0.00020312817387771684,False,False,False,[M+NH4]+,4
1272,frozen,closed,227,0.004405286343612335,False,False,False,[M+NH4]+,4
1272,frozen,open,2419,0.00041339396444811904,False,False,False,[M+NH4]+,4
1273,fine_tuned,closed,448,0.002232142857142857,False,False,False,[M+Na]+,1
1273,fine_tuned,open,4476,0.00022341376228775692,False,False,False,[M+Na]+,1
1273,frozen,closed,338,0.0029585798816568047,False,False,False,[M+Na]+,1
1273,frozen,open,5533,0.0001807337791433219,False,False,False,[M+Na]+,1
1275,fine_tuned,closed,174,0.005747126436781609,False,False,True,[M+Na]+,1
1275,fine_tuned,open,3692,0.00027085590465872155,False,False,True,[M+Na]+,1
1275,frozen,closed,190,0.005263157894736842,False,False,True,[M+Na]+,1
1275,frozen,open,4133,0.00024195499637067505,False,False,True,[M+Na]+,1
1276,fine_tuned,closed,199,0.005025125628140704,False,False,True,[M+Na]+,3
1276,fine_tuned,open,2030,0.0004926108374384236,False,False,True,[M+Na]+,3
1276,frozen,closed,45,0.022222222222222223,False,False,True,[M+Na]+,3
1276,frozen,open,464,0.0021551724137931034,False,False,True,[M+Na]+,3
1277,fine_tuned,closed,1,1.0,True,True,False,[M+H]+,13
1277,fine_tuned,open,5,0.2,False,True,False,[M+H]+,13
1277,frozen,closed,7,0.14285714285714285,False,False,False,[M+H]+,13
1277,frozen,open,10,0.1,False,False,False,[M+H]+,13
1278,fine_tuned,closed,117,0.008547008547008548,False,False,True,[M+NH4]+,7
1278,fine_tuned,open,1282,0.00078003120124805,False,False,True,[M+NH4]+,7
1278,frozen,closed,100,0.01,False,False,True,[M+NH4]+,7
1278,frozen,open,1707,0.0005858230814294083,False,False,True,[M+NH4]+,7
1279,fine_tuned,closed,43,0.023255813953488372,False,False,False,[M+Na]+,3
1279,fine_tuned,open,476,0.0021008403361344537,False,False,False,[M+Na]+,3
1279,frozen,closed,81,0.012345679012345678,False,False,False,[M+Na]+,3
1279,frozen,open,964,0.001037344398340249,False,False,False,[M+Na]+,3
1282,fine_tuned,closed,54,0.018518518518518517,False,False,False,[M+H]+,3
1282,fine_tuned,open,54,0.018518518518518517,False,False,False,[M+H]+,3
1282,frozen,closed,161,0.006211180124223602,False,False,False,[M+H]+,3
1282,frozen,open,164,0.006097560975609756,False,False,False,[M+H]+,3
1283,fine_tuned,closed,125,0.008,False,False,False,[M-H2O+H]+,2
1283,fine_tuned,open,129,0.007751937984496124,False,False,False,[M-H2O+H]+,2
1283,frozen,closed,220,0.004545454545454545,False,False,False,[M-H2O+H]+,2
1283,frozen,open,767,0.001303780964797914,False,False,False,[M-H2O+H]+,2
1284,fine_tuned,closed,233,0.004291845493562232,False,False,False,[M+H]+,5
1284,fine_tuned,open,241,0.004149377593360996,False,False,False,[M+H]+,5
1284,frozen,closed,374,0.00267379679144385,False,False,False,[M+H]+,5
1284,frozen,open,2038,0.0004906771344455348,False,False,False,[M+H]+,5
1285,fine_tuned,closed,112,0.008928571428571428,False,False,False,[M+NH4]+,3
1285,fine_tuned,open,831,0.0012033694344163659,False,False,False,[M+NH4]+,3
1285,frozen,closed,296,0.0033783783783783786,False,False,False,[M+NH4]+,3
1285,frozen,open,4767,0.00020977554017201594,False,False,False,[M+NH4]+,3
1286,fine_tuned,closed,210,0.004761904761904762,False,False,True,[M-2H2O+H]+,1
1286,fine_tuned,open,3018,0.0003313452617627568,False,False,True,[M-2H2O+H]+,1
1286,frozen,closed,306,0.0032679738562091504,False,False,True,[M-2H2O+H]+,1
1286,frozen,open,4399,0.00022732439190725165,False,False,True,[M-2H2O+H]+,1
1287,fine_tuned,closed,83,0.012048192771084338,False,False,True,[M-H2O+H]+,1
1287,fine_tuned,open,375,0.0026666666666666666,False,False,True,[M-H2O+H]+,1
1287,frozen,closed,44,0.022727272727272728,False,False,True,[M-H2O+H]+,1
1287,frozen,open,706,0.00141643059490085,False,False,True,[M-H2O+H]+,1
1288,fine_tuned,closed,42,0.023809523809523808,False,False,False,[M+H]+,2
1288,fine_tuned,open,42,0.023809523809523808,False,False,False,[M+H]+,2
1288,frozen,closed,154,0.006493506493506494,False,False,False,[M+H]+,2
1288,frozen,open,158,0.006329113924050633,False,False,False,[M+H]+,2
1289,fine_tuned,closed,204,0.004901960784313725,False,False,False,[M+Na]+,1
1289,fine_tuned,open,2306,0.0004336513443191674,False,False,False,[M+Na]+,1
1289,frozen,closed,456,0.0021929824561403508,False,False,False,[M+Na]+,1
1289,frozen,open,4201,0.00023803856224708403,False,False,False,[M+Na]+,1
1290,fine_tuned,closed,358,0.002793296089385475,False,False,False,[M-2H2O+H]+,1
1290,fine_tuned,open,3275,0.0003053435114503817,False,False,False,[M-2H2O+H]+,1
1290,frozen,closed,186,0.005376344086021506,False,False,False,[M-2H2O+H]+,1
1290,frozen,open,1851,0.0005402485143165856,False,False,False,[M-2H2O+H]+,1
1292,fine_tuned,closed,189,0.005291005291005291,False,False,True,[M-H2O+H]+,2
1292,fine_tuned,open,347,0.002881844380403458,False,False,True,[M-H2O+H]+,2
1292,frozen,closed,107,0.009345794392523364,False,False,True,[M-H2O+H]+,2
1292,frozen,open,107,0.009345794392523364,False,False,True,[M-H2O+H]+,2
1294,fine_tuned,closed,363,0.0027548209366391185,False,False,False,[M+NH4]+,8
1294,fine_tuned,open,3781,0.0002644802962179318,False,False,False,[M+NH4]+,8
1294,frozen,closed,267,0.003745318352059925,False,False,False,[M+NH4]+,8
1294,frozen,open,3567,0.0002803476310625175,False,False,False,[M+NH4]+,8
1295,fine_tuned,closed,271,0.0036900369003690036,False,False,False,[M-H2O+H]+,2
1295,fine_tuned,open,1337,0.0007479431563201197,False,False,False,[M-H2O+H]+,2
1295,frozen,closed,388,0.002577319587628866,False,False,False,[M-H2O+H]+,2
1295,frozen,open,4054,0.000246669955599408,False,False,False,[M-H2O+H]+,2
1296,fine_tuned,closed,121,0.008264462809917356,False,False,False,[M-NH3+H]+,2
1296,fine_tuned,open,826,0.0012106537530266344,False,False,False,[M-NH3+H]+,2
1296,frozen,closed,183,0.00546448087431694,False,False,False,[M-NH3+H]+,2
1296,frozen,open,2579,0.00038774718883288094,False,False,False,[M-NH3+H]+,2
1297,fine_tuned,closed,121,0.008264462809917356,False,False,False,[M-H2O+H]+,2
1297,fine_tuned,open,826,0.0012106537530266344,False,False,False,[M-H2O+H]+,2
1297,frozen,closed,183,0.00546448087431694,False,False,False,[M-H2O+H]+,2
1297,frozen,open,2579,0.00038774718883288094,False,False,False,[M-H2O+H]+,2
1298,fine_tuned,closed,148,0.006756756756756757,False,False,True,[M+H]+,9
1298,fine_tuned,open,149,0.006711409395973154,False,False,True,[M+H]+,9
1298,frozen,closed,207,0.004830917874396135,False,False,True,[M+H]+,9
1298,frozen,open,274,0.0036496350364963502,False,False,True,[M+H]+,9
1299,fine_tuned,closed,152,0.006578947368421052,False,False,False,[M+H]+,7
1299,fine_tuned,open,153,0.006535947712418301,False,False,False,[M+H]+,7
1299,frozen,closed,31,0.03225806451612903,False,False,False,[M+H]+,7
1299,frozen,open,31,0.03225806451612903,False,False,False,[M+H]+,7
1300,fine_tuned,closed,61,0.01639344262295082,False,False,False,[M-2H2O+H]+,2
1300,fine_tuned,open,776,0.001288659793814433,False,False,False,[M-2H2O+H]+,2
1300,frozen,closed,62,0.016129032258064516,False,False,False,[M-2H2O+H]+,2
1300,frozen,open,666,0.0015015015015015015,False,False,False,[M-2H2O+H]+,2
1301,fine_tuned,closed,35,0.02857142857142857,False,False,False,[M-2H2O+H]+,6
1301,fine_tuned,open,122,0.00819672131147541,False,False,False,[M-2H2O+H]+,6
1301,frozen,closed,462,0.0021645021645021645,False,False,False,[M-2H2O+H]+,6
1301,frozen,open,4908,0.00020374898125509371,False,False,False,[M-2H2O+H]+,6
1302,fine_tuned,closed,140,0.007142857142857143,False,False,False,[M+H]+,12
1302,fine_tuned,open,605,0.001652892561983471,False,False,False,[M+H]+,12
1302,frozen,closed,238,0.004201680672268907,False,False,False,[M+H]+,12
1302,frozen,open,1498,0.0006675567423230974,False,False,False,[M+H]+,12
1303,fine_tuned,closed,165,0.006060606060606061,False,False,False,[M+H]+,7
1303,fine_tuned,open,1146,0.0008726003490401396,False,False,False,[M+H]+,7
1303,frozen,closed,6,0.16666666666666666,False,False,False,[M+H]+,7
1303,frozen,open,6,0.16666666666666666,False,False,False,[M+H]+,7
1305,fine_tuned,closed,74,0.013513513513513514,False,False,True,[M-H2O+H]+,3
1305,fine_tuned,open,540,0.001851851851851852,False,False,True,[M-H2O+H]+,3
1305,frozen,closed,331,0.0030211480362537764,False,False,True,[M-H2O+H]+,3
1305,frozen,open,4923,0.00020312817387771684,False,False,True,[M-H2O+H]+,3
1306,fine_tuned,closed,80,0.0125,False,False,True,[M+H]+,10
1306,fine_tuned,open,126,0.007936507936507936,False,False,True,[M+H]+,10
1306,frozen,closed,31,0.03225806451612903,False,False,True,[M+H]+,10
1306,frozen,open,162,0.006172839506172839,False,False,True,[M+H]+,10
1307,fine_tuned,closed,116,0.008620689655172414,False,False,True,[M+Na]+,2
1307,fine_tuned,open,961,0.001040582726326743,False,False,True,[M+Na]+,2
1307,frozen,closed,110,0.00909090909090909,False,False,True,[M+Na]+,2
1307,frozen,open,2663,0.0003755163349605708,False,False,True,[M+Na]+,2
1308,fine_tuned,closed,56,0.017857142857142856,False,False,True,[M+H]+,5
1308,fine_tuned,open,62,0.016129032258064516,False,False,True,[M+H]+,5
1308,frozen,closed,34,0.029411764705882353,False,False,True,[M+H]+,5
1308,frozen,open,34,0.029411764705882353,False,False,True,[M+H]+,5
1309,fine_tuned,closed,137,0.0072992700729927005,False,False,True,[M+NH4]+,7
1309,fine_tuned,open,1824,0.0005482456140350877,False,False,True,[M+NH4]+,7
1309,frozen,closed,1,1.0,True,True,True,[M+NH4]+,7
1309,frozen,open,1,1.0,True,True,True,[M+NH4]+,7
1311,fine_tuned,closed,93,0.010752688172043012,False,False,False,[M+H]+,14
1311,fine_tuned,open,247,0.004048582995951417,False,False,False,[M+H]+,14
1311,frozen,closed,194,0.005154639175257732,False,False,False,[M+H]+,14
1311,frozen,open,2241,0.0004462293618920125,False,False,False,[M+H]+,14
1313,fine_tuned,closed,333,0.003003003003003003,False,False,True,[M+Na]+,1
1313,fine_tuned,open,4793,0.00020863759649488838,False,False,True,[M+Na]+,1
1313,frozen,closed,436,0.0022935779816513763,False,False,True,[M+Na]+,1
1313,frozen,open,4852,0.00020610057708161583,False,False,True,[M+Na]+,1
1314,fine_tuned,closed,337,0.002967359050445104,False,False,True,[M+Na]+,3
1314,fine_tuned,open,4005,0.00024968789013732833,False,False,True,[M+Na]+,3
1314,frozen,closed,291,0.003436426116838488,False,False,True,[M+Na]+,3
1314,frozen,open,4581,0.00021829294913774285,False,False,True,[M+Na]+,3
1316,fine_tuned,closed,338,0.0029585798816568047,False,False,False,[M+Na]+,3
1316,fine_tuned,open,5022,0.00019912385503783353,False,False,False,[M+Na]+,3
1316,frozen,closed,394,0.0025380710659898475,False,False,False,[M+Na]+,3
1316,frozen,open,5003,0.0001998800719568259,False,False,False,[M+Na]+,3
1317,fine_tuned,closed,39,0.02564102564102564,False,False,False,[M-NH3+H]+,25
1317,fine_tuned,open,244,0.004098360655737705,False,False,False,[M-NH3+H]+,25
1317,frozen,closed,59,0.01694915254237288,False,False,False,[M-NH3+H]+,25
1317,frozen,open,1972,0.0005070993914807302,False,False,False,[M-NH3+H]+,25
1318,fine_tuned,closed,117,0.008547008547008548,False,False,False,[M-NH3+H]+,1
1318,fine_tuned,open,2002,0.0004995004995004995,False,False,False,[M-NH3+H]+,1
1318,frozen,closed,226,0.004424778761061947,False,False,False,[M-NH3+H]+,1
1318,frozen,open,545,0.001834862385321101,False,False,False,[M-NH3+H]+,1
1319,fine_tuned,closed,333,0.003003003003003003,False,False,False,[M-H2O+H]+,5
1319,fine_tuned,open,1463,0.000683526999316473,False,False,False,[M-H2O+H]+,5
1319,frozen,closed,62,0.016129032258064516,False,False,False,[M-H2O+H]+,5
1319,frozen,open,65,0.015384615384615385,False,False,False,[M-H2O+H]+,5
1320,fine_tuned,closed,141,0.0070921985815602835,False,False,False,[M-NH3+H]+,5
1320,fine_tuned,open,2195,0.00045558086560364467,False,False,False,[M-NH3+H]+,5
1320,frozen,closed,192,0.005208333333333333,False,False,False,[M-NH3+H]+,5
1320,frozen,open,3368,0.0002969121140142518,False,False,False,[M-NH3+H]+,5
1321,fine_tuned,closed,183,0.00546448087431694,False,False,False,[M+H]+,13
1321,fine_tuned,open,1767,0.0005659309564233164,False,False,False,[M+H]+,13
1321,frozen,closed,61,0.01639344262295082,False,False,False,[M+H]+,13
1321,frozen,open,998,0.001002004008016032,False,False,False,[M+H]+,13
1323,fine_tuned,closed,116,0.008620689655172414,False,False,False,[M-H2O+H]+,2
1323,fine_tuned,open,2412,0.00041459369817578774,False,False,False,[M-H2O+H]+,2
1323,frozen,closed,143,0.006993006993006993,False,False,False,[M-H2O+H]+,2
1323,frozen,open,3252,0.0003075030750307503,False,False,False,[M-H2O+H]+,2
1324,fine_tuned,closed,160,0.00625,False,False,False,[M-H2O+H]+,2
1324,fine_tuned,open,2754,0.00036310820624546115,False,False,False,[M-H2O+H]+,2
1324,frozen,closed,179,0.00558659217877095,False,False,False,[M-H2O+H]+,2
1324,frozen,open,1960,0.0005102040816326531,False,False,False,[M-H2O+H]+,2
1325,fine_tuned,closed,172,0.005813953488372093,False,False,False,[M-NH3+H]+,1
1325,fine_tuned,open,3095,0.00032310177705977385,False,False,False,[M-NH3+H]+,1
1325,frozen,closed,110,0.00909090909090909,False,False,False,[M-NH3+H]+,1
1325,frozen,open,1699,0.0005885815185403178,False,False,False,[M-NH3+H]+,1
1326,fine_tuned,closed,348,0.0028735632183908046,False,False,False,[M-NH3+H]+,4
1326,fine_tuned,open,5053,0.00019790223629527012,False,False,False,[M-NH3+H]+,4
1326,frozen,closed,45,0.022222222222222223,False,False,False,[M-NH3+H]+,4
1326,frozen,open,1149,0.0008703220191470844,False,False,False,[M-NH3+H]+,4
1327,fine_tuned,closed,75,0.013333333333333334,False,False,False,[M+H]+,13
1327,fine_tuned,open,389,0.002570694087403599,False,False,False,[M+H]+,13
1327,frozen,closed,84,0.011904761904761904,False,False,False,[M+H]+,13
1327,frozen,open,1560,0.000641025641025641,False,False,False,[M+H]+,13
1328,fine_tuned,closed,273,0.003663003663003663,False,False,False,[M+NH4]+,1
1328,fine_tuned,open,3358,0.0002977963073257892,False,False,False,[M+NH4]+,1
1328,frozen,closed,97,0.010309278350515464,False,False,False,[M+NH4]+,1
1328,frozen,open,2486,0.00040225261464199515,False,False,False,[M+NH4]+,1
1329,fine_tuned,closed,136,0.007352941176470588,False,False,False,[M-H2O+H]+,2
1329,fine_tuned,open,3143,0.0003181673560292714,False,False,False,[M-H2O+H]+,2
1329,frozen,closed,90,0.011111111111111112,False,False,False,[M-H2O+H]+,2
1329,frozen,open,1137,0.0008795074758135445,False,False,False,[M-H2O+H]+,2
1330,fine_tuned,closed,95,0.010526315789473684,False,False,False,[M-NH3+H]+,4
1330,fine_tuned,open,2237,0.0004470272686633885,False,False,False,[M-NH3+H]+,4
1330,frozen,closed,73,0.0136986301369863,False,False,False,[M-NH3+H]+,4
1330,frozen,open,1756,0.0005694760820045558,False,False,False,[M-NH3+H]+,4
1331,fine_tuned,closed,61,0.01639344262295082,False,False,False,[M+H]+,11
1331,fine_tuned,open,380,0.002631578947368421,False,False,False,[M+H]+,11
1331,frozen,closed,64,0.015625,False,False,False,[M+H]+,11
1331,frozen,open,1170,0.0008547008547008547,False,False,False,[M+H]+,11
1332,fine_tuned,closed,108,0.009259259259259259,False,False,False,[M-H2O+H]+,1
1332,fine_tuned,open,2326,0.0004299226139294927,False,False,False,[M-H2O+H]+,1
1332,frozen,closed,67,0.014925373134328358,False,False,False,[M-H2O+H]+,1
1332,frozen,open,1321,0.000757002271006813,False,False,False,[M-H2O+H]+,1
1333,fine_tuned,closed,152,0.006578947368421052,False,False,False,[M-H2O+H]+,9
1333,fine_tuned,open,3336,0.00029976019184652276,False,False,False,[M-H2O+H]+,9
1333,frozen,closed,125,0.008,False,False,False,[M-H2O+H]+,9
1333,frozen,open,1467,0.0006816632583503749,False,False,False,[M-H2O+H]+,9
1334,fine_tuned,closed,76,0.013157894736842105,False,False,False,[M-NH3+H]+,1
1334,fine_tuned,open,1043,0.0009587727708533077,False,False,False,[M-NH3+H]+,1
1334,frozen,closed,75,0.013333333333333334,False,False,False,[M-NH3+H]+,1
1334,frozen,open,2024,0.0004940711462450593,False,False,False,[M-NH3+H]+,1
1335,fine_tuned,closed,117,0.008547008547008548,False,False,False,[M-H2O+H]+,3
1335,fine_tuned,open,2312,0.00043252595155709344,False,False,False,[M-H2O+H]+,3
1335,frozen,closed,180,0.005555555555555556,False,False,False,[M-H2O+H]+,3
1335,frozen,open,267,0.003745318352059925,False,False,False,[M-H2O+H]+,3
1336,fine_tuned,closed,146,0.00684931506849315,False,False,False,[M-NH3+H]+,1
1336,fine_tuned,open,3589,0.00027862914460852607,False,False,False,[M-NH3+H]+,1
1336,frozen,closed,91,0.01098901098901099,False,False,False,[M-NH3+H]+,1
1336,frozen,open,3024,0.00033068783068783067,False,False,False,[M-NH3+H]+,1
1337,fine_tuned,closed,76,0.013157894736842105,False,False,False,[M+H]+,14
1337,fine_tuned,open,646,0.0015479876160990713,False,False,False,[M+H]+,14
1337,frozen,closed,80,0.0125,False,False,False,[M+H]+,14
1337,frozen,open,1604,0.0006234413965087282,False,False,False,[M+H]+,14
1338,fine_tuned,closed,141,0.0070921985815602835,False,False,False,[M+H]+,1
1338,fine_tuned,open,2978,0.000335795836131632,False,False,False,[M+H]+,1
1338,frozen,closed,257,0.0038910505836575876,False,False,False,[M+H]+,1
1338,frozen,open,1029,0.0009718172983479105,False,False,False,[M+H]+,1
1339,fine_tuned,closed,132,0.007575757575757576,False,False,False,[M+Na]+,2
1339,fine_tuned,open,2679,0.0003732736095558044,False,False,False,[M+Na]+,2
1339,frozen,closed,135,0.007407407407407408,False,False,False,[M+Na]+,2
1339,frozen,open,2990,0.00033444816053511704,False,False,False,[M+Na]+,2
1340,fine_tuned,closed,124,0.008064516129032258,False,False,False,[M-H2O+H]+,5
1340,fine_tuned,open,1954,0.0005117707267144319,False,False,False,[M-H2O+H]+,5
1340,frozen,closed,71,0.014084507042253521,False,False,False,[M-H2O+H]+,5
1340,frozen,open,2393,0.0004178854993731718,False,False,False,[M-H2O+H]+,5
1341,fine_tuned,closed,128,0.0078125,False,False,False,[M-H2O+H]+,3
1341,fine_tuned,open,3493,0.000286286859433152,False,False,False,[M-H2O+H]+,3
1341,frozen,closed,56,0.017857142857142856,False,False,False,[M-H2O+H]+,3
1341,frozen,open,1545,0.0006472491909385113,False,False,False,[M-H2O+H]+,3
1342,fine_tuned,closed,121,0.008264462809917356,False,False,False,[M-NH3+H]+,5
1342,fine_tuned,open,2307,0.00043346337234503684,False,False,False,[M-NH3+H]+,5
1342,frozen,closed,315,0.0031746031746031746,False,False,False,[M-NH3+H]+,5
1342,frozen,open,1390,0.0007194244604316547,False,False,False,[M-NH3+H]+,5
1344,fine_tuned,closed,111,0.009009009009009009,False,False,False,[M-NH3+H]+,5
1344,fine_tuned,open,1768,0.0005656108597285068,False,False,False,[M-NH3+H]+,5
1344,frozen,closed,163,0.006134969325153374,False,False,False,[M-NH3+H]+,5
1344,frozen,open,3177,0.0003147623544224111,False,False,False,[M-NH3+H]+,5
1345,fine_tuned,closed,43,0.023255813953488372,False,False,False,[M+H]+,9
1345,fine_tuned,open,299,0.0033444816053511705,False,False,False,[M+H]+,9
1345,frozen,closed,55,0.01818181818181818,False,False,False,[M+H]+,9
1345,frozen,open,575,0.0017391304347826088,False,False,False,[M+H]+,9
1346,fine_tuned,closed,161,0.006211180124223602,False,False,False,[M+H]+,10
1346,fine_tuned,open,2852,0.0003506311360448808,False,False,False,[M+H]+,10
1346,frozen,closed,45,0.022222222222222223,False,False,False,[M+H]+,10
1346,frozen,open,726,0.0013774104683195593,False,False,False,[M+H]+,10
1347,fine_tuned,closed,52,0.019230769230769232,False,False,False,[M+NH4]+,2
1347,fine_tuned,open,826,0.0012106537530266344,False,False,False,[M+NH4]+,2
1347,frozen,closed,275,0.0036363636363636364,False,False,False,[M+NH4]+,2
1347,frozen,open,417,0.002398081534772182,False,False,False,[M+NH4]+,2
1348,fine_tuned,closed,390,0.002564102564102564,False,False,False,[M+NH4]+,2
1348,fine_tuned,open,4166,0.00024003840614498319,False,False,False,[M+NH4]+,2
1348,frozen,closed,191,0.005235602094240838,False,False,False,[M+NH4]+,2
1348,frozen,open,2399,0.00041684035014589413,False,False,False,[M+NH4]+,2
1349,fine_tuned,closed,205,0.004878048780487805,False,False,False,[M-2H2O+H]+,1
1349,fine_tuned,open,3926,0.00025471217524197657,False,False,False,[M-2H2O+H]+,1
1349,frozen,closed,98,0.01020408163265306,False,False,False,[M-2H2O+H]+,1
1349,frozen,open,1475,0.0006779661016949153,False,False,False,[M-2H2O+H]+,1
1350,fine_tuned,closed,168,0.005952380952380952,False,False,False,[M-2H2O+H]+,1
1350,fine_tuned,open,3428,0.00029171528588098014,False,False,False,[M-2H2O+H]+,1
1350,frozen,closed,157,0.006369426751592357,False,False,False,[M-2H2O+H]+,1
1350,frozen,open,2787,0.0003588087549336204,False,False,False,[M-2H2O+H]+,1
1352,fine_tuned,closed,48,0.020833333333333332,False,False,False,[M+H]+,4
1352,fine_tuned,open,1552,0.0006443298969072165,False,False,False,[M+H]+,4
1352,frozen,closed,18,0.05555555555555555,False,False,False,[M+H]+,4
1352,frozen,open,340,0.0029411764705882353,False,False,False,[M+H]+,4
1353,fine_tuned,closed,215,0.004651162790697674,False,False,False,[M+H]+,2
1353,fine_tuned,open,3785,0.0002642007926023778,False,False,False,[M+H]+,2
1353,frozen,closed,159,0.006289308176100629,False,False,False,[M+H]+,2
1353,frozen,open,3536,0.0002828054298642534,False,False,False,[M+H]+,2
1354,fine_tuned,closed,84,0.011904761904761904,False,False,False,[M+H]+,11
1354,fine_tuned,open,1214,0.0008237232289950577,False,False,False,[M+H]+,11
1354,frozen,closed,8,0.125,False,False,False,[M+H]+,11
1354,frozen,open,97,0.010309278350515464,False,False,False,[M+H]+,11
1355,fine_tuned,closed,150,0.006666666666666667,False,False,False,[M+H]+,1
1355,fine_tuned,open,3024,0.00033068783068783067,False,False,False,[M+H]+,1
1355,frozen,closed,121,0.008264462809917356,False,False,False,[M+H]+,1
1355,frozen,open,3145,0.0003179650238473768,False,False,False,[M+H]+,1
1356,fine_tuned,closed,140,0.007142857142857143,False,False,False,[M-H2O+H]+,18
1356,fine_tuned,open,2224,0.0004496402877697842,False,False,False,[M-H2O+H]+,18
1356,frozen,closed,272,0.003676470588235294,False,False,False,[M-H2O+H]+,18
1356,frozen,open,1517,0.0006591957811470006,False,False,False,[M-H2O+H]+,18
1357,fine_tuned,closed,66,0.015151515151515152,False,False,False,[M-NH3+H]+,18
1357,fine_tuned,open,1228,0.0008143322475570033,False,False,False,[M-NH3+H]+,18
1357,frozen,closed,71,0.014084507042253521,False,False,False,[M-NH3+H]+,18
1357,frozen,open,1631,0.0006131207847946045,False,False,False,[M-NH3+H]+,18
1359,fine_tuned,closed,72,0.013888888888888888,False,False,False,[M+NH4]+,4
1359,fine_tuned,open,1975,0.0005063291139240507,False,False,False,[M+NH4]+,4
1359,frozen,closed,129,0.007751937984496124,False,False,False,[M+NH4]+,4
1359,frozen,open,2416,0.0004139072847682119,False,False,False,[M+NH4]+,4
1360,fine_tuned,closed,167,0.005988023952095809,False,False,False,[M+NH4]+,2
1360,fine_tuned,open,4052,0.00024679170779861795,False,False,False,[M+NH4]+,2
1360,frozen,closed,452,0.0022123893805309734,False,False,False,[M+NH4]+,2
1360,frozen,open,3542,0.000282326369282891,False,False,False,[M+NH4]+,2
1361,fine_tuned,closed,189,0.005291005291005291,False,False,False,[M+NH4]+,2
1361,fine_tuned,open,4272,0.00023408239700374532,False,False,False,[M+NH4]+,2
1361,frozen,closed,434,0.002304147465437788,False,False,False,[M+NH4]+,2
1361,frozen,open,3973,0.0002516989680342311,False,False,False,[M+NH4]+,2
1363,fine_tuned,closed,89,0.011235955056179775,False,False,False,[M+Na]+,4
1363,fine_tuned,open,1833,0.0005455537370430987,False,False,False,[M+Na]+,4
1363,frozen,closed,111,0.009009009009009009,False,False,False,[M+Na]+,4
1363,frozen,open,1863,0.0005367686527106817,False,False,False,[M+Na]+,4
1364,fine_tuned,closed,190,0.005263157894736842,False,False,False,[M-H2O+H]+,20
1364,fine_tuned,open,1002,0.000998003992015968,False,False,False,[M-H2O+H]+,20
1364,frozen,closed,200,0.005,False,False,False,[M-H2O+H]+,20
1364,frozen,open,4071,0.00024563989191844754,False,False,False,[M-H2O+H]+,20
1365,fine_tuned,closed,62,0.016129032258064516,False,False,False,[M-H2O+H]+,1
1365,fine_tuned,open,1685,0.0005934718100890207,False,False,False,[M-H2O+H]+,1
1365,frozen,closed,79,0.012658227848101266,False,False,False,[M-H2O+H]+,1
1365,frozen,open,1326,0.0007541478129713424,False,False,False,[M-H2O+H]+,1
1366,fine_tuned,closed,61,0.01639344262295082,False,False,False,[M-NH3+H]+,1
1366,fine_tuned,open,1907,0.0005243838489774515,False,False,False,[M-NH3+H]+,1
1366,frozen,closed,54,0.018518518518518517,False,False,False,[M-NH3+H]+,1
1366,frozen,open,1284,0.000778816199376947,False,False,False,[M-NH3+H]+,1
1367,fine_tuned,closed,43,0.023255813953488372,False,False,False,[M+H]+,12
1367,fine_tuned,open,677,0.0014771048744460858,False,False,False,[M+H]+,12
1367,frozen,closed,71,0.014084507042253521,False,False,False,[M+H]+,12
1367,frozen,open,1716,0.0005827505827505828,False,False,False,[M+H]+,12
1368,fine_tuned,closed,158,0.006329113924050633,False,False,False,[M+Na]+,5
1368,fine_tuned,open,3472,0.0002880184331797235,False,False,False,[M+Na]+,5
1368,frozen,closed,38,0.02631578947368421,False,False,False,[M+Na]+,5
1368,frozen,open,1421,0.0007037297677691766,False,False,False,[M+Na]+,5
1369,fine_tuned,closed,99,0.010101010101010102,False,False,False,[M+Na]+,3
1369,fine_tuned,open,2801,0.0003570153516601214,False,False,False,[M+Na]+,3
1369,frozen,closed,333,0.003003003003003003,False,False,False,[M+Na]+,3
1369,frozen,open,2089,0.0004786979415988511,False,False,False,[M+Na]+,3
1370,fine_tuned,closed,259,0.003861003861003861,False,False,False,[M+H]+,5
1370,fine_tuned,open,4100,0.00024390243902439024,False,False,False,[M+H]+,5
1370,frozen,closed,372,0.002688172043010753,False,False,False,[M+H]+,5
1370,frozen,open,3430,0.0002915451895043732,False,False,False,[M+H]+,5
1371,fine_tuned,closed,73,0.0136986301369863,False,False,False,[M+H]+,22
1371,fine_tuned,open,1839,0.000543773790103317,False,False,False,[M+H]+,22
1371,frozen,closed,131,0.007633587786259542,False,False,False,[M+H]+,22
1371,frozen,open,1968,0.0005081300813008131,False,False,False,[M+H]+,22
1372,fine_tuned,closed,74,0.013513513513513514,False,False,False,[M+H]+,9
1372,fine_tuned,open,1593,0.0006277463904582549,False,False,False,[M+H]+,9
1372,frozen,closed,12,0.08333333333333333,False,False,False,[M+H]+,9
1372,frozen,open,77,0.012987012987012988,False,False,False,[M+H]+,9
1373,fine_tuned,closed,52,0.019230769230769232,False,False,True,[M-H2O+H]+,1
1373,fine_tuned,open,1457,0.0006863417982155113,False,False,True,[M-H2O+H]+,1
1373,frozen,closed,101,0.009900990099009901,False,False,True,[M-H2O+H]+,1
1373,frozen,open,2316,0.0004317789291882556,False,False,True,[M-H2O+H]+,1
1374,fine_tuned,closed,115,0.008695652173913044,False,False,False,[M+Na]+,1
1374,fine_tuned,open,3043,0.00032862306933946765,False,False,False,[M+Na]+,1
1374,frozen,closed,222,0.0045045045045045045,False,False,False,[M+Na]+,1
1374,frozen,open,4830,0.00020703933747412008,False,False,False,[M+Na]+,1
1375,fine_tuned,closed,96,0.010416666666666666,False,False,True,[M-NH3+H]+,1
1375,fine_tuned,open,2737,0.00036536353671903543,False,False,True,[M-NH3+H]+,1
1375,frozen,closed,198,0.005050505050505051,False,False,True,[M-NH3+H]+,1
1375,frozen,open,4651,0.00021500752526338422,False,False,True,[M-NH3+H]+,1
1376,fine_tuned,closed,92,0.010869565217391304,False,False,False,[M+Na]+,2
1376,fine_tuned,open,2868,0.0003486750348675035,False,False,False,[M+Na]+,2
1376,frozen,closed,44,0.022727272727272728,False,False,False,[M+Na]+,2
1376,frozen,open,2252,0.0004440497335701599,False,False,False,[M+Na]+,2
1377,fine_tuned,closed,43,0.023255813953488372,False,False,True,[M+H]+,15
1377,fine_tuned,open,806,0.0012406947890818859,False,False,True,[M+H]+,15
1377,frozen,closed,31,0.03225806451612903,False,False,True,[M+H]+,15
1377,frozen,open,384,0.0026041666666666665,False,False,True,[M+H]+,15
1378,fine_tuned,closed,51,0.0196078431372549,False,False,True,[M+Na]+,4
1378,fine_tuned,open,1566,0.0006385696040868455,False,False,True,[M+Na]+,4
1378,frozen,closed,43,0.023255813953488372,False,False,True,[M+Na]+,4
1378,frozen,open,1174,0.0008517887563884157,False,False,True,[M+Na]+,4
1381,fine_tuned,closed,56,0.017857142857142856,False,False,True,[M+H]+,5
1381,fine_tuned,open,60,0.016666666666666666,False,False,True,[M+H]+,5
1381,frozen,closed,206,0.0048543689320388345,False,False,True,[M+H]+,5
1381,frozen,open,331,0.0030211480362537764,False,False,True,[M+H]+,5
1382,fine_tuned,closed,81,0.012345679012345678,False,False,True,[M-NH3+H]+,4
1382,fine_tuned,open,1651,0.0006056935190793458,False,False,True,[M-NH3+H]+,4
1382,frozen,closed,18,0.05555555555555555,False,False,True,[M-NH3+H]+,4
1382,frozen,open,95,0.010526315789473684,False,False,True,[M-NH3+H]+,4
1383,fine_tuned,closed,14,0.07142857142857142,False,False,False,[M+H]+,4
1383,fine_tuned,open,186,0.005376344086021506,False,False,False,[M+H]+,4
1383,frozen,closed,14,0.07142857142857142,False,False,False,[M+H]+,4
1383,frozen,open,164,0.006097560975609756,False,False,False,[M+H]+,4
1384,fine_tuned,closed,150,0.006666666666666667,False,False,True,[M-2H2O+H]+,2
1384,fine_tuned,open,642,0.001557632398753894,False,False,True,[M-2H2O+H]+,2
1384,frozen,closed,346,0.002890173410404624,False,False,True,[M-2H2O+H]+,2
1384,frozen,open,3082,0.0003244646333549643,False,False,True,[M-2H2O+H]+,2
1385,fine_tuned,closed,45,0.022222222222222223,False,False,True,[M+H]+,5
1385,fine_tuned,open,439,0.002277904328018223,False,False,True,[M+H]+,5
1385,frozen,closed,7,0.14285714285714285,False,False,True,[M+H]+,5
1385,frozen,open,8,0.125,False,False,True,[M+H]+,5
1386,fine_tuned,closed,492,0.0020325203252032522,False,False,True,[M+Na]+,1
1386,fine_tuned,open,5442,0.00018375597206909226,False,False,True,[M+Na]+,1
1386,frozen,closed,420,0.002380952380952381,False,False,True,[M+Na]+,1
1386,frozen,open,5203,0.00019219680953296174,False,False,True,[M+Na]+,1
1389,fine_tuned,closed,186,0.005376344086021506,False,False,True,[M+Na]+,29
1389,fine_tuned,open,3019,0.0003312355084465055,False,False,True,[M+Na]+,29
1389,frozen,closed,162,0.006172839506172839,False,False,True,[M+Na]+,29
1389,frozen,open,4015,0.00024906600249066,False,False,True,[M+Na]+,29
1390,fine_tuned,closed,186,0.005376344086021506,False,False,False,[M-2H2O+H]+,29
1390,fine_tuned,open,2244,0.000445632798573975,False,False,False,[M-2H2O+H]+,29
1390,frozen,closed,145,0.006896551724137931,False,False,False,[M-2H2O+H]+,29
1390,frozen,open,3834,0.0002608242044861763,False,False,False,[M-2H2O+H]+,29
1391,fine_tuned,closed,96,0.010416666666666666,False,False,True,[M-H2O+H]+,2
1391,fine_tuned,open,1445,0.0006920415224913495,False,False,True,[M-H2O+H]+,2
1391,frozen,closed,237,0.004219409282700422,False,False,True,[M-H2O+H]+,2
1391,frozen,open,2983,0.00033523298692591353,False,False,True,[M-H2O+H]+,2
1392,fine_tuned,closed,123,0.008130081300813009,False,False,True,[M-NH3+H]+,1
1392,fine_tuned,open,2192,0.0004562043795620438,False,False,True,[M-NH3+H]+,1
1392,frozen,closed,150,0.006666666666666667,False,False,True,[M-NH3+H]+,1
1392,frozen,open,1350,0.0007407407407407407,False,False,True,[M-NH3+H]+,1
1393,fine_tuned,closed,91,0.01098901098901099,False,False,True,[M+H]+,5
1393,fine_tuned,open,1356,0.0007374631268436578,False,False,True,[M+H]+,5
1393,frozen,closed,40,0.025,False,False,True,[M+H]+,5
1393,frozen,open,50,0.02,False,False,True,[M+H]+,5
1394,fine_tuned,closed,140,0.007142857142857143,False,False,False,[M-H2O+H]+,2
1394,fine_tuned,open,2987,0.00033478406427854036,False,False,False,[M-H2O+H]+,2
1394,frozen,closed,161,0.006211180124223602,False,False,False,[M-H2O+H]+,2
1394,frozen,open,2974,0.0003362474781439139,False,False,False,[M-H2O+H]+,2
1395,fine_tuned,closed,243,0.00411522633744856,False,False,True,[M-2H2O+H]+,4
1395,fine_tuned,open,3460,0.00028901734104046245,False,False,True,[M-2H2O+H]+,4
1395,frozen,closed,368,0.002717391304347826,False,False,True,[M-2H2O+H]+,4
1395,frozen,open,3442,0.0002905287623474724,False,False,True,[M-2H2O+H]+,4
1396,fine_tuned,closed,157,0.006369426751592357,False,False,False,[M-NH3+H]+,3
1396,fine_tuned,open,3097,0.00032289312237649337,False,False,False,[M-NH3+H]+,3
1396,frozen,closed,34,0.029411764705882353,False,False,False,[M-NH3+H]+,3
1396,frozen,open,492,0.0020325203252032522,False,False,False,[M-NH3+H]+,3
1398,fine_tuned,closed,123,0.008130081300813009,False,False,True,[M+H]+,4
1398,fine_tuned,open,2306,0.0004336513443191674,False,False,True,[M+H]+,4
1398,frozen,closed,20,0.05,False,False,True,[M+H]+,4
1398,frozen,open,147,0.006802721088435374,False,False,True,[M+H]+,4
1401,fine_tuned,closed,74,0.013513513513513514,False,False,False,[M-NH3+H]+,2
1401,fine_tuned,open,1946,0.0005138746145940391,False,False,False,[M-NH3+H]+,2
1401,frozen,closed,124,0.008064516129032258,False,False,False,[M-NH3+H]+,2
1401,frozen,open,3882,0.00025759917568263783,False,False,False,[M-NH3+H]+,2
1403,fine_tuned,closed,98,0.01020408163265306,False,False,False,[M+H]+,11
1403,fine_tuned,open,2086,0.00047938638542665386,False,False,False,[M+H]+,11
1403,frozen,closed,54,0.018518518518518517,False,False,False,[M+H]+,11
1403,frozen,open,378,0.0026455026455026454,False,False,False,[M+H]+,11
1404,fine_tuned,closed,158,0.006329113924050633,False,False,False,[M+H]+,4
1404,fine_tuned,open,3778,0.00026469031233456857,False,False,False,[M+H]+,4
1404,frozen,closed,113,0.008849557522123894,False,False,False,[M+H]+,4
1404,frozen,open,1567,0.0006381620931716656,False,False,False,[M+H]+,4
1405,fine_tuned,closed,69,0.014492753623188406,False,False,False,[M+H]+,6
1405,fine_tuned,open,1660,0.0006024096385542169,False,False,False,[M+H]+,6
1405,frozen,closed,28,0.03571428571428571,False,False,False,[M+H]+,6
1405,frozen,open,187,0.0053475935828877,False,False,False,[M+H]+,6
1406,fine_tuned,closed,75,0.013333333333333334,False,False,False,[M+H]+,6
1406,fine_tuned,open,2520,0.0003968253968253968,False,False,False,[M+H]+,6
1406,frozen,closed,172,0.005813953488372093,False,False,False,[M+H]+,6
1406,frozen,open,559,0.0017889087656529517,False,False,False,[M+H]+,6
1407,fine_tuned,closed,179,0.00558659217877095,False,False,False,[M+H]+,14
1407,fine_tuned,open,3627,0.00027570995312930797,False,False,False,[M+H]+,14
1407,frozen,closed,66,0.015151515151515152,False,False,False,[M+H]+,14
1407,frozen,open,1996,0.000501002004008016,False,False,False,[M+H]+,14
1408,fine_tuned,closed,73,0.0136986301369863,False,False,False,[M+H]+,8
1408,fine_tuned,open,1681,0.000594883997620464,False,False,False,[M+H]+,8
1408,frozen,closed,73,0.0136986301369863,False,False,False,[M+H]+,8
1408,frozen,open,1724,0.000580046403712297,False,False,False,[M+H]+,8
1409,fine_tuned,closed,266,0.0037593984962406013,False,False,True,[M-H2O+H]+,17
1409,fine_tuned,open,1687,0.0005927682276229994,False,False,True,[M-H2O+H]+,17
1409,frozen,closed,74,0.013513513513513514,False,False,True,[M-H2O+H]+,17
1409,frozen,open,1139,0.000877963125548727,False,False,True,[M-H2O+H]+,17
1410,fine_tuned,closed,174,0.005747126436781609,False,False,True,[M-H2O+H]+,1
1410,fine_tuned,open,2041,0.0004899559039686428,False,False,True,[M-H2O+H]+,1
1410,frozen,closed,184,0.005434782608695652,False,False,True,[M-H2O+H]+,1
1410,frozen,open,3195,0.00031298904538341156,False,False,True,[M-H2O+H]+,1
1411,fine_tuned,closed,223,0.004484304932735426,False,False,True,[M-NH3+H]+,3
1411,fine_tuned,open,3703,0.00027005130974885227,False,False,True,[M-NH3+H]+,3
1411,frozen,closed,13,0.07692307692307693,False,False,True,[M-NH3+H]+,3
1411,frozen,open,13,0.07692307692307693,False,False,True,[M-NH3+H]+,3
1413,fine_tuned,closed,146,0.00684931506849315,False,False,True,[M+NH4]+,1
1413,fine_tuned,open,2893,0.0003456619426201175,False,False,True,[M+NH4]+,1
1413,frozen,closed,173,0.005780346820809248,False,False,True,[M+NH4]+,1
1413,frozen,open,456,0.0021929824561403508,False,False,True,[M+NH4]+,1
1414,fine_tuned,closed,157,0.006369426751592357,False,False,True,[M+NH4]+,2
1414,fine_tuned,open,2572,0.00038880248833592535,False,False,True,[M+NH4]+,2
1414,frozen,closed,219,0.0045662100456621,False,False,True,[M+NH4]+,2
1414,frozen,open,653,0.0015313935681470138,False,False,True,[M+NH4]+,2
1416,fine_tuned,closed,64,0.015625,False,False,False,[M+H]+,8
1416,fine_tuned,open,2076,0.0004816955684007707,False,False,False,[M+H]+,8
1416,frozen,closed,62,0.016129032258064516,False,False,False,[M+H]+,8
1416,frozen,open,1957,0.000510986203372509,False,False,False,[M+H]+,8
1417,fine_tuned,closed,122,0.00819672131147541,False,False,False,[M+H]+,2
1417,fine_tuned,open,2935,0.00034071550255536625,False,False,False,[M+H]+,2
1417,frozen,closed,59,0.01694915254237288,False,False,False,[M+H]+,2
1417,frozen,open,2489,0.0004017677782241864,False,False,False,[M+H]+,2
1418,fine_tuned,closed,261,0.0038314176245210726,False,False,False,[M+NH4]+,8
1418,fine_tuned,open,2801,0.0003570153516601214,False,False,False,[M+NH4]+,8
1418,frozen,closed,90,0.011111111111111112,False,False,False,[M+NH4]+,8
1418,frozen,open,928,0.0010775862068965517,False,False,False,[M+NH4]+,8
1419,fine_tuned,closed,14,0.07142857142857142,False,False,True,[M-NH3+H]+,2
1419,fine_tuned,open,129,0.007751937984496124,False,False,True,[M-NH3+H]+,2
1419,frozen,closed,367,0.0027247956403269754,False,False,True,[M-NH3+H]+,2
1419,frozen,open,2883,0.000346860908775581,False,False,True,[M-NH3+H]+,2
1420,fine_tuned,closed,52,0.019230769230769232,False,False,True,[M+H]+,4
1420,fine_tuned,open,546,0.0018315018315018315,False,False,True,[M+H]+,4
1420,frozen,closed,32,0.03125,False,False,True,[M+H]+,4
1420,frozen,open,475,0.002105263157894737,False,False,True,[M+H]+,4
1421,fine_tuned,closed,87,0.011494252873563218,False,False,False,[M+Na]+,1
1421,fine_tuned,open,2121,0.0004714757190004715,False,False,False,[M+Na]+,1
1421,frozen,closed,101,0.009900990099009901,False,False,False,[M+Na]+,1
1421,frozen,open,1449,0.0006901311249137336,False,False,False,[M+Na]+,1
1422,fine_tuned,closed,148,0.006756756756756757,False,False,True,[M+H]+,6
1422,fine_tuned,open,3111,0.0003214400514304082,False,False,True,[M+H]+,6
1422,frozen,closed,6,0.16666666666666666,False,False,True,[M+H]+,6
1422,frozen,open,6,0.16666666666666666,False,False,True,[M+H]+,6
1423,fine_tuned,closed,200,0.005,False,False,True,[M+Na]+,2
1423,fine_tuned,open,3560,0.0002808988764044944,False,False,True,[M+Na]+,2
1423,frozen,closed,160,0.00625,False,False,True,[M+Na]+,2
1423,frozen,open,2921,0.00034234851078397807,False,False,True,[M+Na]+,2
1424,fine_tuned,closed,45,0.022222222222222223,False,False,False,[M+Na]+,2
1424,fine_tuned,open,1663,0.0006013229104028864,False,False,False,[M+Na]+,2
1424,frozen,closed,132,0.007575757575757576,False,False,False,[M+Na]+,2
1424,frozen,open,3131,0.00031938677738741617,False,False,False,[M+Na]+,2
1425,fine_tuned,closed,5,0.2,False,True,False,[M+H]+,2
1425,fine_tuned,open,5,0.2,False,True,False,[M+H]+,2
1425,frozen,closed,74,0.013513513513513514,False,False,False,[M+H]+,2
1425,frozen,open,76,0.013157894736842105,False,False,False,[M+H]+,2
1426,fine_tuned,closed,139,0.007194244604316547,False,False,False,[M-H2O+H]+,2
1426,fine_tuned,open,2338,0.000427715996578272,False,False,False,[M-H2O+H]+,2
1426,frozen,closed,284,0.0035211267605633804,False,False,False,[M-H2O+H]+,2
1426,frozen,open,4775,0.0002094240837696335,False,False,False,[M-H2O+H]+,2
1427,fine_tuned,closed,125,0.008,False,False,True,[M+H]+,2
1427,fine_tuned,open,125,0.008,False,False,True,[M+H]+,2
1427,frozen,closed,281,0.0035587188612099642,False,False,True,[M+H]+,2
1427,frozen,open,800,0.00125,False,False,True,[M+H]+,2
1430,fine_tuned,closed,242,0.004132231404958678,False,False,False,[M+Na]+,2
1430,fine_tuned,open,2530,0.0003952569169960474,False,False,False,[M+Na]+,2
1430,frozen,closed,85,0.011764705882352941,False,False,False,[M+Na]+,2
1430,frozen,open,122,0.00819672131147541,False,False,False,[M+Na]+,2
1432,fine_tuned,closed,311,0.003215434083601286,False,False,False,[M-2H2O+H]+,2
1432,fine_tuned,open,3088,0.0003238341968911917,False,False,False,[M-2H2O+H]+,2
1432,frozen,closed,144,0.006944444444444444,False,False,False,[M-2H2O+H]+,2
1432,frozen,open,300,0.0033333333333333335,False,False,False,[M-2H2O+H]+,2
1433,fine_tuned,closed,70,0.014285714285714285,False,False,True,[M-H2O+H]+,5
1433,fine_tuned,open,147,0.006802721088435374,False,False,True,[M-H2O+H]+,5
1433,frozen,closed,94,0.010638297872340425,False,False,True,[M-H2O+H]+,5
1433,frozen,open,2024,0.0004940711462450593,False,False,True,[M-H2O+H]+,5
1435,fine_tuned,closed,20,0.05,False,False,False,[M+H]+,2
1435,fine_tuned,open,20,0.05,False,False,False,[M+H]+,2
1435,frozen,closed,103,0.009708737864077669,False,False,False,[M+H]+,2
1435,frozen,open,128,0.0078125,False,False,False,[M+H]+,2
1437,fine_tuned,closed,81,0.012345679012345678,False,False,False,[M-NH3+H]+,1
1437,fine_tuned,open,623,0.0016051364365971107,False,False,False,[M-NH3+H]+,1
1437,frozen,closed,185,0.005405405405405406,False,False,False,[M-NH3+H]+,1
1437,frozen,open,350,0.002857142857142857,False,False,False,[M-NH3+H]+,1
1438,fine_tuned,closed,66,0.015151515151515152,False,False,False,[M-NH3+H]+,10
1438,fine_tuned,open,198,0.005050505050505051,False,False,False,[M-NH3+H]+,10
1438,frozen,closed,292,0.003424657534246575,False,False,False,[M-NH3+H]+,10
1438,frozen,open,1931,0.0005178663904712584,False,False,False,[M-NH3+H]+,10
1439,fine_tuned,closed,94,0.010638297872340425,False,False,False,[M-H2O+H]+,1
1439,fine_tuned,open,719,0.0013908205841446453,False,False,False,[M-H2O+H]+,1
1439,frozen,closed,166,0.006024096385542169,False,False,False,[M-H2O+H]+,1
1439,frozen,open,286,0.0034965034965034965,False,False,False,[M-H2O+H]+,1
1440,fine_tuned,closed,57,0.017543859649122806,False,False,False,[M-H2O+H]+,10
1440,fine_tuned,open,168,0.005952380952380952,False,False,False,[M-H2O+H]+,10
1440,frozen,closed,254,0.003937007874015748,False,False,False,[M-H2O+H]+,10
1440,frozen,open,1724,0.000580046403712297,False,False,False,[M-H2O+H]+,10
1441,fine_tuned,closed,35,0.02857142857142857,False,False,True,[M+H]+,4
1441,fine_tuned,open,49,0.02040816326530612,False,False,True,[M+H]+,4
1441,frozen,closed,275,0.0036363636363636364,False,False,True,[M+H]+,4
1441,frozen,open,345,0.002898550724637681,False,False,True,[M+H]+,4
1442,fine_tuned,closed,372,0.002688172043010753,False,False,False,[M-2H2O+H]+,2
1442,fine_tuned,open,3697,0.0002704895861509332,False,False,False,[M-2H2O+H]+,2
1442,frozen,closed,308,0.003246753246753247,False,False,False,[M-2H2O+H]+,2
1442,frozen,open,5086,0.00019661816751867872,False,False,False,[M-2H2O+H]+,2
1443,fine_tuned,closed,66,0.015151515151515152,False,False,False,[M-H2O+H]+,1
1443,fine_tuned,open,673,0.0014858841010401188,False,False,False,[M-H2O+H]+,1
1443,frozen,closed,390,0.002564102564102564,False,False,False,[M-H2O+H]+,1
1443,frozen,open,5037,0.0001985308715505261,False,False,False,[M-H2O+H]+,1
1444,fine_tuned,closed,199,0.005025125628140704,False,False,False,[M-NH3+H]+,1
1444,fine_tuned,open,2699,0.0003705075954057058,False,False,False,[M-NH3+H]+,1
1444,frozen,closed,42,0.023809523809523808,False,False,False,[M-NH3+H]+,1
1444,frozen,open,42,0.023809523809523808,False,False,False,[M-NH3+H]+,1
1445,fine_tuned,closed,199,0.005025125628140704,False,False,False,[M-H2O+H]+,1
1445,fine_tuned,open,2699,0.0003705075954057058,False,False,False,[M-H2O+H]+,1
1445,frozen,closed,42,0.023809523809523808,False,False,False,[M-H2O+H]+,1
1445,frozen,open,42,0.023809523809523808,False,False,False,[M-H2O+H]+,1
1447,fine_tuned,closed,30,0.03333333333333333,False,False,False,[M+H]+,3
1447,fine_tuned,open,32,0.03125,False,False,False,[M+H]+,3
1447,frozen,closed,120,0.008333333333333333,False,False,False,[M+H]+,3
1447,frozen,open,132,0.007575757575757576,False,False,False,[M+H]+,3
1448,fine_tuned,closed,59,0.01694915254237288,False,False,False,[M+H]+,2
1448,fine_tuned,open,125,0.008,False,False,False,[M+H]+,2
1448,frozen,closed,195,0.005128205128205128,False,False,False,[M+H]+,2
1448,frozen,open,1655,0.0006042296072507553,False,False,False,[M+H]+,2
1449,fine_tuned,closed,58,0.017241379310344827,False,False,False,[M+H]+,6
1449,fine_tuned,open,62,0.016129032258064516,False,False,False,[M+H]+,6
1449,frozen,closed,449,0.0022271714922048997,False,False,False,[M+H]+,6
1449,frozen,open,4090,0.00024449877750611245,False,False,False,[M+H]+,6
1450,fine_tuned,closed,99,0.010101010101010102,False,False,False,[M+H]+,5
1450,fine_tuned,open,134,0.007462686567164179,False,False,False,[M+H]+,5
1450,frozen,closed,149,0.006711409395973154,False,False,False,[M+H]+,5
1450,frozen,open,294,0.003401360544217687,False,False,False,[M+H]+,5
1451,fine_tuned,closed,257,0.0038910505836575876,False,False,False,[M+H]+,3
1451,fine_tuned,open,2807,0.0003562522265764161,False,False,False,[M+H]+,3
1451,frozen,closed,219,0.0045662100456621,False,False,False,[M+H]+,3
1451,frozen,open,371,0.0026954177897574125,False,False,False,[M+H]+,3
1452,fine_tuned,closed,250,0.004,False,False,False,[M+H]+,16
1452,fine_tuned,open,2120,0.0004716981132075472,False,False,False,[M+H]+,16
1452,frozen,closed,325,0.003076923076923077,False,False,False,[M+H]+,16
1452,frozen,open,3627,0.00027570995312930797,False,False,False,[M+H]+,16
1453,fine_tuned,closed,367,0.0027247956403269754,False,False,True,[M+Na]+,28
1453,fine_tuned,open,2210,0.00045248868778280545,False,False,True,[M+Na]+,28
1453,frozen,closed,131,0.007633587786259542,False,False,True,[M+Na]+,28
1453,frozen,open,3699,0.0002703433360367667,False,False,True,[M+Na]+,28
1455,fine_tuned,closed,373,0.002680965147453083,False,False,False,[M-H2O+H]+,4
1455,fine_tuned,open,3431,0.0002914602156805596,False,False,False,[M-H2O+H]+,4
1455,frozen,closed,102,0.00980392156862745,False,False,False,[M-H2O+H]+,4
1455,frozen,open,1014,0.0009861932938856016,False,False,False,[M-H2O+H]+,4
1456,fine_tuned,closed,300,0.0033333333333333335,False,False,True,[M-2H2O+H]+,1
1456,fine_tuned,open,3570,0.00028011204481792715,False,False,True,[M-2H2O+H]+,1
1456,frozen,closed,84,0.011904761904761904,False,False,True,[M-2H2O+H]+,1
1456,frozen,open,267,0.003745318352059925,False,False,True,[M-2H2O+H]+,1
1457,fine_tuned,closed,200,0.005,False,False,True,[M-2H2O+H]+,1
1457,fine_tuned,open,2888,0.00034626038781163435,False,False,True,[M-2H2O+H]+,1
1457,frozen,closed,55,0.01818181818181818,False,False,True,[M-2H2O+H]+,1
1457,frozen,open,118,0.00847457627118644,False,False,True,[M-2H2O+H]+,1
1458,fine_tuned,closed,13,0.07692307692307693,False,False,False,[M+H]+,6
1458,fine_tuned,open,13,0.07692307692307693,False,False,False,[M+H]+,6
1458,frozen,closed,90,0.011111111111111112,False,False,False,[M+H]+,6
1458,frozen,open,94,0.010638297872340425,False,False,False,[M+H]+,6
1459,fine_tuned,closed,22,0.045454545454545456,False,False,False,[M+H]+,6
1459,fine_tuned,open,70,0.014285714285714285,False,False,False,[M+H]+,6
1459,frozen,closed,11,0.09090909090909091,False,False,False,[M+H]+,6
1459,frozen,open,11,0.09090909090909091,False,False,False,[M+H]+,6
1460,fine_tuned,closed,37,0.02702702702702703,False,False,False,[M+H]+,8
1460,fine_tuned,open,37,0.02702702702702703,False,False,False,[M+H]+,8
1460,frozen,closed,2,0.5,False,True,False,[M+H]+,8
1460,frozen,open,2,0.5,False,True,False,[M+H]+,8
1462,fine_tuned,closed,34,0.029411764705882353,False,False,True,[M+H]+,5
1462,fine_tuned,open,889,0.0011248593925759281,False,False,True,[M+H]+,5
1462,frozen,closed,10,0.1,False,False,True,[M+H]+,5
1462,frozen,open,18,0.05555555555555555,False,False,True,[M+H]+,5
1463,fine_tuned,closed,106,0.009433962264150943,False,False,True,[M+H]+,2
1463,fine_tuned,open,1941,0.0005151983513652757,False,False,True,[M+H]+,2
1463,frozen,closed,232,0.004310344827586207,False,False,True,[M+H]+,2
1463,frozen,open,2092,0.0004780114722753346,False,False,True,[M+H]+,2
1465,fine_tuned,closed,278,0.0035971223021582736,False,False,False,[M+Na]+,2
1465,fine_tuned,open,2752,0.0003633720930232558,False,False,False,[M+Na]+,2
1465,frozen,closed,341,0.002932551319648094,False,False,False,[M+Na]+,2
1465,frozen,open,3431,0.0002914602156805596,False,False,False,[M+Na]+,2
1466,fine_tuned,closed,341,0.002932551319648094,False,False,False,[M+Na]+,2
1466,fine_tuned,open,3451,0.0002897710808461316,False,False,False,[M+Na]+,2
1466,frozen,closed,244,0.004098360655737705,False,False,False,[M+Na]+,2
1466,frozen,open,1677,0.0005963029218843172,False,False,False,[M+Na]+,2
1467,fine_tuned,closed,60,0.016666666666666666,False,False,False,[M+H]+,8
1467,fine_tuned,open,870,0.0011494252873563218,False,False,False,[M+H]+,8
1467,frozen,closed,27,0.037037037037037035,False,False,False,[M+H]+,8
1467,frozen,open,296,0.0033783783783783786,False,False,False,[M+H]+,8
1468,fine_tuned,closed,365,0.0027397260273972603,False,False,True,[M-H2O+H]+,1
1468,fine_tuned,open,4816,0.00020764119601328904,False,False,True,[M-H2O+H]+,1
1468,frozen,closed,312,0.003205128205128205,False,False,True,[M-H2O+H]+,1
1468,frozen,open,4378,0.00022841480127912289,False,False,True,[M-H2O+H]+,1
1469,fine_tuned,closed,254,0.003937007874015748,False,False,True,[M-H2O+H]+,16
1469,fine_tuned,open,3140,0.0003184713375796178,False,False,True,[M-H2O+H]+,16
1469,frozen,closed,142,0.007042253521126761,False,False,True,[M-H2O+H]+,16
1469,frozen,open,762,0.0013123359580052493,False,False,True,[M-H2O+H]+,16
1470,fine_tuned,closed,307,0.003257328990228013,False,False,True,[M-NH3+H]+,1
1470,fine_tuned,open,3785,0.0002642007926023778,False,False,True,[M-NH3+H]+,1
1470,frozen,closed,122,0.00819672131147541,False,False,True,[M-NH3+H]+,1
1470,frozen,open,288,0.003472222222222222,False,False,True,[M-NH3+H]+,1
1471,fine_tuned,closed,289,0.0034602076124567475,False,False,True,[M-NH3+H]+,5
1471,fine_tuned,open,3814,0.00026219192448872575,False,False,True,[M-NH3+H]+,5
1471,frozen,closed,441,0.0022675736961451248,False,False,True,[M-NH3+H]+,5
1471,frozen,open,6039,0.00016559032952475575,False,False,True,[M-NH3+H]+,5
1472,fine_tuned,closed,49,0.02040816326530612,False,False,True,[M-H2O+H]+,2
1472,fine_tuned,open,1369,0.0007304601899196494,False,False,True,[M-H2O+H]+,2
1472,frozen,closed,72,0.013888888888888888,False,False,True,[M-H2O+H]+,2
1472,frozen,open,1674,0.0005973715651135006,False,False,True,[M-H2O+H]+,2
1474,fine_tuned,closed,82,0.012195121951219513,False,False,True,[M-H2O+H]+,1
1474,fine_tuned,open,1173,0.0008525149190110827,False,False,True,[M-H2O+H]+,1
1474,frozen,closed,265,0.0037735849056603774,False,False,True,[M-H2O+H]+,1
1474,frozen,open,1061,0.000942507068803016,False,False,True,[M-H2O+H]+,1
1475,fine_tuned,closed,1,1.0,True,True,True,[M+H]+,4
1475,fine_tuned,open,1,1.0,True,True,True,[M+H]+,4
1475,frozen,closed,9,0.1111111111111111,False,False,True,[M+H]+,4
1475,frozen,open,20,0.05,False,False,True,[M+H]+,4
1476,fine_tuned,closed,69,0.014492753623188406,False,False,True,[M+NH4]+,2
1476,fine_tuned,open,1813,0.0005515719801434088,False,False,True,[M+NH4]+,2
1476,frozen,closed,11,0.09090909090909091,False,False,True,[M+NH4]+,2
1476,frozen,open,11,0.09090909090909091,False,False,True,[M+NH4]+,2
1477,fine_tuned,closed,427,0.00234192037470726,False,False,False,[M+NH4]+,1
1477,fine_tuned,open,4657,0.00021473051320592657,False,False,False,[M+NH4]+,1
1477,frozen,closed,316,0.0031645569620253164,False,False,False,[M+NH4]+,1
1477,frozen,open,4930,0.00020283975659229209,False,False,False,[M+NH4]+,1
1478,fine_tuned,closed,73,0.0136986301369863,False,False,False,[M+Na]+,2
1478,fine_tuned,open,1014,0.0009861932938856016,False,False,False,[M+Na]+,2
1478,frozen,closed,213,0.004694835680751174,False,False,False,[M+Na]+,2
1478,frozen,open,4086,0.0002447381302006853,False,False,False,[M+Na]+,2
1480,fine_tuned,closed,233,0.004291845493562232,False,False,True,[M+H]+,7
1480,fine_tuned,open,3288,0.00030413625304136254,False,False,True,[M+H]+,7
1480,frozen,closed,140,0.007142857142857143,False,False,True,[M+H]+,7
1480,frozen,open,266,0.0037593984962406013,False,False,True,[M+H]+,7
1482,fine_tuned,closed,277,0.0036101083032490976,False,False,True,[M+NH4]+,2
1482,fine_tuned,open,2803,0.00035676061362825543,False,False,True,[M+NH4]+,2
1482,frozen,closed,405,0.0024691358024691358,False,False,True,[M+NH4]+,2
1482,frozen,open,4944,0.0002022653721682848,False,False,True,[M+NH4]+,2
1484,fine_tuned,closed,19,0.05263157894736842,False,False,True,[M+H]+,4
1484,fine_tuned,open,1018,0.0009823182711198428,False,False,True,[M+H]+,4
1484,frozen,closed,25,0.04,False,False,True,[M+H]+,4
1484,frozen,open,105,0.009523809523809525,False,False,True,[M+H]+,4
1485,fine_tuned,closed,33,0.030303030303030304,False,False,True,[M+H]+,2
1485,fine_tuned,open,784,0.0012755102040816326,False,False,True,[M+H]+,2
1485,frozen,closed,59,0.01694915254237288,False,False,True,[M+H]+,2
1485,frozen,open,918,0.0010893246187363835,False,False,True,[M+H]+,2
1486,fine_tuned,closed,234,0.004273504273504274,False,False,True,[M+Na]+,6
1486,fine_tuned,open,3072,0.0003255208333333333,False,False,True,[M+Na]+,6
1486,frozen,closed,336,0.002976190476190476,False,False,True,[M+Na]+,6
1486,frozen,open,1180,0.000847457627118644,False,False,True,[M+Na]+,6
1487,fine_tuned,closed,141,0.0070921985815602835,False,False,True,[M+NH4]+,2
1487,fine_tuned,open,2790,0.00035842293906810036,False,False,True,[M+NH4]+,2
1487,frozen,closed,243,0.00411522633744856,False,False,True,[M+NH4]+,2
1487,frozen,open,3888,0.000257201646090535,False,False,True,[M+NH4]+,2
1488,fine_tuned,closed,249,0.004016064257028112,False,False,True,[M+NH4]+,1
1488,fine_tuned,open,3859,0.0002591344908007256,False,False,True,[M+NH4]+,1
1488,frozen,closed,224,0.004464285714285714,False,False,True,[M+NH4]+,1
1488,frozen,open,826,0.0012106537530266344,False,False,True,[M+NH4]+,1
1489,fine_tuned,closed,27,0.037037037037037035,False,False,True,[M+Na]+,5
1489,fine_tuned,open,487,0.002053388090349076,False,False,True,[M+Na]+,5
1489,frozen,closed,146,0.00684931506849315,False,False,True,[M+Na]+,5
1489,frozen,open,3257,0.00030703101013202335,False,False,True,[M+Na]+,5
1490,fine_tuned,closed,65,0.015384615384615385,False,False,True,[M+NH4]+,2
1490,fine_tuned,open,2322,0.0004306632213608958,False,False,True,[M+NH4]+,2
1490,frozen,closed,246,0.0040650406504065045,False,False,True,[M+NH4]+,2
1490,frozen,open,1086,0.0009208103130755065,False,False,True,[M+NH4]+,2
1492,fine_tuned,closed,617,0.0016207455429497568,False,False,False,[M-2H2O+H]+,13
1492,fine_tuned,open,5897,0.00016957775139901646,False,False,False,[M-2H2O+H]+,13
1492,frozen,closed,622,0.001607717041800643,False,False,False,[M-2H2O+H]+,13
1492,frozen,open,6128,0.00016318537859007833,False,False,False,[M-2H2O+H]+,13
1493,fine_tuned,closed,611,0.0016366612111292963,False,False,True,[M-2H2O+H]+,2
1493,fine_tuned,open,5736,0.00017433751743375174,False,False,True,[M-2H2O+H]+,2
1493,frozen,closed,67,0.014925373134328358,False,False,True,[M-2H2O+H]+,2
1493,frozen,open,2779,0.0003598416696653472,False,False,True,[M-2H2O+H]+,2
1494,fine_tuned,closed,25,0.04,False,False,False,[M+H]+,4
1494,fine_tuned,open,100,0.01,False,False,False,[M+H]+,4
1494,frozen,closed,25,0.04,False,False,False,[M+H]+,4
1494,frozen,open,1167,0.000856898029134533,False,False,False,[M+H]+,4
1495,fine_tuned,closed,1,1.0,True,True,True,[M+H]+,8
1495,fine_tuned,open,1,1.0,True,True,True,[M+H]+,8
1495,frozen,closed,38,0.02631578947368421,False,False,True,[M+H]+,8
1495,frozen,open,1449,0.0006901311249137336,False,False,True,[M+H]+,8
1496,fine_tuned,closed,1,1.0,True,True,True,[M+H]+,2
1496,fine_tuned,open,1,1.0,True,True,True,[M+H]+,2
1496,frozen,closed,566,0.0017667844522968198,False,False,True,[M+H]+,2
1496,frozen,open,5884,0.0001699524133242692,False,False,True,[M+H]+,2
1497,fine_tuned,closed,155,0.0064516129032258064,False,False,False,[M+H]+,7
1497,fine_tuned,open,1216,0.0008223684210526315,False,False,False,[M+H]+,7
1497,frozen,closed,309,0.003236245954692557,False,False,False,[M+H]+,7
1497,frozen,open,3338,0.0002995805871779509,False,False,False,[M+H]+,7
1498,fine_tuned,closed,528,0.001893939393939394,False,False,True,[M-2H2O+H]+,2
1498,fine_tuned,open,4609,0.00021696680407897592,False,False,True,[M-2H2O+H]+,2
1498,frozen,closed,21,0.047619047619047616,False,False,True,[M-2H2O+H]+,2
1498,frozen,open,1031,0.0009699321047526673,False,False,True,[M-2H2O+H]+,2
1499,fine_tuned,closed,146,0.00684931506849315,False,False,True,[M-H2O+H]+,2
1499,fine_tuned,open,1549,0.0006455777921239509,False,False,True,[M-H2O+H]+,2
1499,frozen,closed,6,0.16666666666666666,False,False,True,[M-H2O+H]+,2
1499,frozen,open,815,0.001226993865030675,False,False,True,[M-H2O+H]+,2
1500,fine_tuned,closed,17,0.058823529411764705,False,False,True,[M+H]+,3
1500,fine_tuned,open,830,0.0012048192771084338,False,False,True,[M+H]+,3
1500,frozen,closed,118,0.00847457627118644,False,False,True,[M+H]+,3
1500,frozen,open,2518,0.0003971405877680699,False,False,True,[M+H]+,3
1501,fine_tuned,closed,492,0.0020325203252032522,False,False,True,[M+Na]+,1
1501,fine_tuned,open,4140,0.00024154589371980676,False,False,True,[M+Na]+,1
1501,frozen,closed,480,0.0020833333333333333,False,False,True,[M+Na]+,1
1501,frozen,open,3862,0.0002589331952356292,False,False,True,[M+Na]+,1
1502,fine_tuned,closed,1,1.0,True,True,True,[M+H]+,11
1502,fine_tuned,open,1,1.0,True,True,True,[M+H]+,11
1502,frozen,closed,413,0.002421307506053269,False,False,True,[M+H]+,11
1502,frozen,open,4312,0.00023191094619666049,False,False,True,[M+H]+,11
1503,fine_tuned,closed,2,0.5,False,True,False,[M+H]+,1
1503,fine_tuned,open,2,0.5,False,True,False,[M+H]+,1
1503,frozen,closed,578,0.0017301038062283738,False,False,False,[M+H]+,1
1503,frozen,open,5319,0.00018800526414739614,False,False,False,[M+H]+,1
1504,fine_tuned,closed,1,1.0,True,True,True,[M+H]+,6
1504,fine_tuned,open,1,1.0,True,True,True,[M+H]+,6
1504,frozen,closed,158,0.006329113924050633,False,False,True,[M+H]+,6
1504,frozen,open,1154,0.0008665511265164644,False,False,True,[M+H]+,6
1505,fine_tuned,closed,1,1.0,True,True,True,[M+H]+,3
1505,fine_tuned,open,1,1.0,True,True,True,[M+H]+,3
1505,frozen,closed,2,0.5,False,True,True,[M+H]+,3
1505,frozen,open,2,0.5,False,True,True,[M+H]+,3
1506,fine_tuned,closed,564,0.0017730496453900709,False,False,True,[M+H]+,2
1506,fine_tuned,open,4658,0.00021468441391155003,False,False,True,[M+H]+,2
1506,frozen,closed,614,0.0016286644951140066,False,False,True,[M+H]+,2
1506,frozen,open,6079,0.00016450074025333114,False,False,True,[M+H]+,2
1507,fine_tuned,closed,25,0.04,False,False,True,[M+H]+,3
1507,fine_tuned,open,1113,0.0008984725965858042,False,False,True,[M+H]+,3
1507,frozen,closed,35,0.02857142857142857,False,False,True,[M+H]+,3
1507,frozen,open,1136,0.0008802816901408451,False,False,True,[M+H]+,3
1508,fine_tuned,closed,1,1.0,True,True,True,[M+H]+,7
1508,fine_tuned,open,1,1.0,True,True,True,[M+H]+,7
1508,frozen,closed,81,0.012345679012345678,False,False,True,[M+H]+,7
1508,frozen,open,3404,0.0002937720329024677,False,False,True,[M+H]+,7
1509,fine_tuned,closed,1,1.0,True,True,True,[M+NH4]+,3
1509,fine_tuned,open,10,0.1,False,False,True,[M+NH4]+,3
1509,frozen,closed,1,1.0,True,True,True,[M+NH4]+,3
1509,frozen,open,67,0.014925373134328358,False,False,True,[M+NH4]+,3
1511,fine_tuned,closed,22,0.045454545454545456,False,False,False,[M+NH4]+,3
1511,fine_tuned,open,1144,0.0008741258741258741,False,False,False,[M+NH4]+,3
1511,frozen,closed,36,0.027777777777777776,False,False,False,[M+NH4]+,3
1511,frozen,open,1379,0.0007251631617113851,False,False,False,[M+NH4]+,3
1512,fine_tuned,closed,12,0.08333333333333333,False,False,True,[M+H]+,1
1512,fine_tuned,open,321,0.003115264797507788,False,False,True,[M+H]+,1
1512,frozen,closed,555,0.0018018018018018018,False,False,True,[M+H]+,1
1512,frozen,open,5726,0.00017464198393293747,False,False,True,[M+H]+,1
1514,fine_tuned,closed,235,0.00425531914893617,False,False,False,[M+H]+,7
1514,fine_tuned,open,2988,0.00033467202141900936,False,False,False,[M+H]+,7
1514,frozen,closed,128,0.0078125,False,False,False,[M+H]+,7
1514,frozen,open,3029,0.0003301419610432486,False,False,False,[M+H]+,7
1515,fine_tuned,closed,1,1.0,True,True,True,[M+H]+,2
1515,fine_tuned,open,1,1.0,True,True,True,[M+H]+,2
1515,frozen,closed,51,0.0196078431372549,False,False,True,[M+H]+,2
1515,frozen,open,2005,0.0004987531172069825,False,False,True,[M+H]+,2
1516,fine_tuned,closed,390,0.002564102564102564,False,False,False,[M+Na]+,2
1516,fine_tuned,open,2784,0.00035919540229885057,False,False,False,[M+Na]+,2
1516,frozen,closed,429,0.002331002331002331,False,False,False,[M+Na]+,2
1516,frozen,open,4564,0.00021910604732690623,False,False,False,[M+Na]+,2
1517,fine_tuned,closed,2,0.5,False,True,True,[M+H]+,2
1517,fine_tuned,open,2,0.5,False,True,True,[M+H]+,2
1517,frozen,closed,130,0.007692307692307693,False,False,True,[M+H]+,2
1517,frozen,open,2266,0.000441306266548985,False,False,True,[M+H]+,2
1518,fine_tuned,closed,1,1.0,True,True,True,[M+H]+,2
1518,fine_tuned,open,1,1.0,True,True,True,[M+H]+,2
1518,frozen,closed,11,0.09090909090909091,False,False,True,[M+H]+,2
1518,frozen,open,21,0.047619047619047616,False,False,True,[M+H]+,2
1519,fine_tuned,closed,7,0.14285714285714285,False,False,True,[M+H]+,1
1519,fine_tuned,open,9,0.1111111111111111,False,False,True,[M+H]+,1
1519,frozen,closed,10,0.1,False,False,True,[M+H]+,1
1519,frozen,open,39,0.02564102564102564,False,False,True,[M+H]+,1
1520,fine_tuned,closed,2,0.5,False,True,True,[M+H]+,1
1520,fine_tuned,open,2,0.5,False,True,True,[M+H]+,1
1520,frozen,closed,69,0.014492753623188406,False,False,True,[M+H]+,1
1520,frozen,open,2482,0.00040290088638195,False,False,True,[M+H]+,1
1521,fine_tuned,closed,3,0.3333333333333333,False,True,True,[M+H]+,5
1521,fine_tuned,open,3,0.3333333333333333,False,True,True,[M+H]+,5
1521,frozen,closed,549,0.0018214936247723133,False,False,True,[M+H]+,5
1521,frozen,open,5641,0.0001772735330615139,False,False,True,[M+H]+,5
1522,fine_tuned,closed,31,0.03225806451612903,False,False,True,[M+NH4]+,1
1522,fine_tuned,open,585,0.0017094017094017094,False,False,True,[M+NH4]+,1
1522,frozen,closed,12,0.08333333333333333,False,False,True,[M+NH4]+,1
1522,frozen,open,130,0.007692307692307693,False,False,True,[M+NH4]+,1
1523,fine_tuned,closed,29,0.034482758620689655,False,False,True,[M+Na]+,2
1523,fine_tuned,open,554,0.0018050541516245488,False,False,True,[M+Na]+,2
1523,frozen,closed,594,0.0016835016835016834,False,False,True,[M+Na]+,2
1523,frozen,open,5888,0.00016983695652173913,False,False,True,[M+Na]+,2
1524,fine_tuned,closed,3,0.3333333333333333,False,True,True,[M+NH4]+,2
1524,fine_tuned,open,5,0.2,False,True,True,[M+NH4]+,2
1524,frozen,closed,227,0.004405286343612335,False,False,True,[M+NH4]+,2
1524,frozen,open,661,0.0015128593040847202,False,False,True,[M+NH4]+,2
1525,fine_tuned,closed,90,0.011111111111111112,False,False,True,[M+Na]+,2
1525,fine_tuned,open,1725,0.0005797101449275362,False,False,True,[M+Na]+,2
1525,frozen,closed,534,0.0018726591760299626,False,False,True,[M+Na]+,2
1525,frozen,open,4626,0.00021616947686986597,False,False,True,[M+Na]+,2
1527,fine_tuned,closed,258,0.003875968992248062,False,False,True,[M+NH4]+,2
1527,fine_tuned,open,652,0.0015337423312883436,False,False,True,[M+NH4]+,2
1527,frozen,closed,189,0.005291005291005291,False,False,True,[M+NH4]+,2
1527,frozen,open,3123,0.0003202049311559398,False,False,True,[M+NH4]+,2
1528,fine_tuned,closed,1,1.0,True,True,True,[M+H]+,2
1528,fine_tuned,open,1,1.0,True,True,True,[M+H]+,2
1528,frozen,closed,479,0.0020876826722338203,False,False,True,[M+H]+,2
1528,frozen,open,5923,0.00016883336147222692,False,False,True,[M+H]+,2
1529,fine_tuned,closed,223,0.004484304932735426,False,False,True,[M+Na]+,4
1529,fine_tuned,open,1492,0.0006702412868632708,False,False,True,[M+Na]+,4
1529,frozen,closed,241,0.004149377593360996,False,False,True,[M+Na]+,4
1529,frozen,open,4264,0.00023452157598499062,False,False,True,[M+Na]+,4
1530,fine_tuned,closed,3,0.3333333333333333,False,True,True,[M-NH3+H]+,2
1530,fine_tuned,open,56,0.017857142857142856,False,False,True,[M-NH3+H]+,2
1530,frozen,closed,73,0.0136986301369863,False,False,True,[M-NH3+H]+,2
1530,frozen,open,2627,0.00038066235249333843,False,False,True,[M-NH3+H]+,2
1531,fine_tuned,closed,6,0.16666666666666666,False,False,True,[M+H]+,2
1531,fine_tuned,open,20,0.05,False,False,True,[M+H]+,2
1531,frozen,closed,426,0.002347417840375587,False,False,True,[M+H]+,2
1531,frozen,open,4276,0.00023386342376052386,False,False,True,[M+H]+,2
1532,fine_tuned,closed,477,0.0020964360587002098,False,False,True,[M+Na]+,1
1532,fine_tuned,open,5320,0.00018796992481203009,False,False,True,[M+Na]+,1
1532,frozen,closed,379,0.002638522427440633,False,False,True,[M+Na]+,1
1532,frozen,open,5696,0.00017556179775280898,False,False,True,[M+Na]+,1
1533,fine_tuned,closed,1,1.0,True,True,True,[M+Na]+,17
1533,fine_tuned,open,85,0.011764705882352941,False,False,True,[M+Na]+,17
1533,frozen,closed,182,0.005494505494505495,False,False,True,[M+Na]+,17
1533,frozen,open,4001,0.00024993751562109475,False,False,True,[M+Na]+,17
1535,fine_tuned,closed,445,0.0022471910112359553,False,False,True,[M+Na]+,1
1535,fine_tuned,open,2646,0.0003779289493575208,False,False,True,[M+Na]+,1
1535,frozen,closed,552,0.0018115942028985507,False,False,True,[M+Na]+,1
1535,frozen,open,5808,0.0001721763085399449,False,False,True,[M+Na]+,1
1536,fine_tuned,closed,594,0.0016835016835016834,False,False,True,[M-H2O+H]+,1
1536,fine_tuned,open,6206,0.00016113438607798906,False,False,True,[M-H2O+H]+,1
1536,frozen,closed,613,0.0016313213703099511,False,False,True,[M-H2O+H]+,1
1536,frozen,open,6245,0.0001601281024819856,False,False,True,[M-H2O+H]+,1
1537,fine_tuned,closed,446,0.002242152466367713,False,False,True,[M+H]+,3
1537,fine_tuned,open,5400,0.00018518518518518518,False,False,True,[M+H]+,3
1537,frozen,closed,516,0.001937984496124031,False,False,True,[M+H]+,3
1537,frozen,open,5099,0.00019611688566385565,False,False,True,[M+H]+,3
1538,fine_tuned,closed,485,0.002061855670103093,False,False,True,[M+NH4]+,5
1538,fine_tuned,open,4160,0.0002403846153846154,False,False,True,[M+NH4]+,5
1538,frozen,closed,492,0.0020325203252032522,False,False,True,[M+NH4]+,5
1538,frozen,open,4302,0.00023245002324500232,False,False,True,[M+NH4]+,5
1539,fine_tuned,closed,123,0.008130081300813009,False,False,True,[M+Na]+,1
1539,fine_tuned,open,2040,0.0004901960784313725,False,False,True,[M+Na]+,1
1539,frozen,closed,275,0.0036363636363636364,False,False,True,[M+Na]+,1
1539,frozen,open,3317,0.00030147723846849563,False,False,True,[M+Na]+,1
1540,fine_tuned,closed,116,0.008620689655172414,False,False,True,[M+Na]+,2
1540,fine_tuned,open,1443,0.000693000693000693,False,False,True,[M+Na]+,2
1540,frozen,closed,496,0.0020161290322580645,False,False,True,[M+Na]+,2
1540,frozen,open,4041,0.00024746349913387774,False,False,True,[M+Na]+,2
1541,fine_tuned,closed,63,0.015873015873015872,False,False,True,[M+H]+,1
1541,fine_tuned,open,1295,0.0007722007722007722,False,False,True,[M+H]+,1
1541,frozen,closed,475,0.002105263157894737,False,False,True,[M+H]+,1
1541,frozen,open,3954,0.00025290844714213456,False,False,True,[M+H]+,1
1542,fine_tuned,closed,429,0.002331002331002331,False,False,False,[M+H]+,9
1542,fine_tuned,open,4067,0.00024588148512417015,False,False,False,[M+H]+,9
1542,frozen,closed,157,0.006369426751592357,False,False,False,[M+H]+,9
1542,frozen,open,2636,0.00037936267071320183,False,False,False,[M+H]+,9
1544,fine_tuned,closed,13,0.07692307692307693,False,False,True,[M+H]+,1
1544,fine_tuned,open,35,0.02857142857142857,False,False,True,[M+H]+,1
1544,frozen,closed,81,0.012345679012345678,False,False,True,[M+H]+,1
1544,frozen,open,2427,0.00041203131437989287,False,False,True,[M+H]+,1
1545,fine_tuned,closed,7,0.14285714285714285,False,False,True,[M+H]+,3
1545,fine_tuned,open,8,0.125,False,False,True,[M+H]+,3
1545,frozen,closed,232,0.004310344827586207,False,False,True,[M+H]+,3
1545,frozen,open,3370,0.0002967359050445104,False,False,True,[M+H]+,3
1546,fine_tuned,closed,7,0.14285714285714285,False,False,True,[M+H]+,4
1546,fine_tuned,open,18,0.05555555555555555,False,False,True,[M+H]+,4
1546,frozen,closed,41,0.024390243902439025,False,False,True,[M+H]+,4
1546,frozen,open,1987,0.0005032712632108706,False,False,True,[M+H]+,4
1547,fine_tuned,closed,18,0.05555555555555555,False,False,True,[M+H]+,3
1547,fine_tuned,open,74,0.013513513513513514,False,False,True,[M+H]+,3
1547,frozen,closed,48,0.020833333333333332,False,False,True,[M+H]+,3
1547,frozen,open,1353,0.0007390983000739098,False,False,True,[M+H]+,3
1548,fine_tuned,closed,301,0.0033222591362126247,False,False,True,[M+NH4]+,3
1548,fine_tuned,open,2305,0.0004338394793926247,False,False,True,[M+NH4]+,3
1548,frozen,closed,541,0.0018484288354898336,False,False,True,[M+NH4]+,3
1548,frozen,open,4823,0.00020733982998133942,False,False,True,[M+NH4]+,3
1549,fine_tuned,closed,27,0.037037037037037035,False,False,True,[M+Na]+,1
1549,fine_tuned,open,170,0.0058823529411764705,False,False,True,[M+Na]+,1
1549,frozen,closed,330,0.0030303030303030303,False,False,True,[M+Na]+,1
1549,frozen,open,4295,0.00023282887077997672,False,False,True,[M+Na]+,1
1550,fine_tuned,closed,80,0.0125,False,False,True,[M+Na]+,2
1550,fine_tuned,open,1520,0.0006578947368421052,False,False,True,[M+Na]+,2
1550,frozen,closed,564,0.0017730496453900709,False,False,True,[M+Na]+,2
1550,frozen,open,5120,0.0001953125,False,False,True,[M+Na]+,2
1551,fine_tuned,closed,410,0.0024390243902439024,False,False,True,[M+Na]+,3
1551,fine_tuned,open,3685,0.000271370420624152,False,False,True,[M+Na]+,3
1551,frozen,closed,609,0.0016420361247947454,False,False,True,[M+Na]+,3
1551,frozen,open,6196,0.00016139444803098772,False,False,True,[M+Na]+,3
1552,fine_tuned,closed,11,0.09090909090909091,False,False,False,[M-H2O+H]+,1
1552,fine_tuned,open,1280,0.00078125,False,False,False,[M-H2O+H]+,1
1552,frozen,closed,382,0.002617801047120419,False,False,False,[M-H2O+H]+,1
1552,frozen,open,2552,0.00039184952978056425,False,False,False,[M-H2O+H]+,1
1553,fine_tuned,closed,53,0.018867924528301886,False,False,True,[M+Na]+,7
1553,fine_tuned,open,1649,0.0006064281382656155,False,False,True,[M+Na]+,7
1553,frozen,closed,158,0.006329113924050633,False,False,True,[M+Na]+,7
1553,frozen,open,2499,0.00040016006402561027,False,False,True,[M+Na]+,7
1554,fine_tuned,closed,342,0.0029239766081871343,False,False,True,[M-H2O+H]+,1
1554,fine_tuned,open,4030,0.00024813895781637717,False,False,True,[M-H2O+H]+,1
1554,frozen,closed,457,0.002188183807439825,False,False,True,[M-H2O+H]+,1
1554,frozen,open,5810,0.00017211703958691912,False,False,True,[M-H2O+H]+,1
1555,fine_tuned,closed,84,0.011904761904761904,False,False,True,[M-NH3+H]+,4
1555,fine_tuned,open,1408,0.0007102272727272727,False,False,True,[M-NH3+H]+,4
1555,frozen,closed,451,0.0022172949002217295,False,False,True,[M-NH3+H]+,4
1555,frozen,open,5030,0.00019880715705765408,False,False,True,[M-NH3+H]+,4
1556,fine_tuned,closed,1,1.0,True,True,True,[M+H]+,5
1556,fine_tuned,open,1,1.0,True,True,True,[M+H]+,5
1556,frozen,closed,4,0.25,False,True,True,[M+H]+,5
1556,frozen,open,37,0.02702702702702703,False,False,True,[M+H]+,5
1557,fine_tuned,closed,556,0.0017985611510791368,False,False,True,[M-2H2O+H]+,3
1557,fine_tuned,open,5225,0.00019138755980861245,False,False,True,[M-2H2O+H]+,3
1557,frozen,closed,556,0.0017985611510791368,False,False,True,[M-2H2O+H]+,3
1557,frozen,open,5695,0.0001755926251097454,False,False,True,[M-2H2O+H]+,3
1558,fine_tuned,closed,3,0.3333333333333333,False,True,True,[M+H]+,1
1558,fine_tuned,open,3,0.3333333333333333,False,True,True,[M+H]+,1
1558,frozen,closed,235,0.00425531914893617,False,False,True,[M+H]+,1
1558,frozen,open,4197,0.0002382654276864427,False,False,True,[M+H]+,1
1559,fine_tuned,closed,223,0.004484304932735426,False,False,True,[M+NH4]+,2
1559,fine_tuned,open,1920,0.0005208333333333333,False,False,True,[M+NH4]+,2
1559,frozen,closed,528,0.001893939393939394,False,False,True,[M+NH4]+,2
1559,frozen,open,5839,0.00017126220243192326,False,False,True,[M+NH4]+,2
1561,fine_tuned,closed,2,0.5,False,True,True,[M+H]+,5
1561,fine_tuned,open,2,0.5,False,True,True,[M+H]+,5
1561,frozen,closed,63,0.015873015873015872,False,False,True,[M+H]+,5
1561,frozen,open,1009,0.0009910802775024777,False,False,True,[M+H]+,5
1562,fine_tuned,closed,2,0.5,False,True,True,[M+H]+,2
1562,fine_tuned,open,6,0.16666666666666666,False,False,True,[M+H]+,2
1562,frozen,closed,320,0.003125,False,False,True,[M+H]+,2
1562,frozen,open,5588,0.00017895490336435218,False,False,True,[M+H]+,2
1563,fine_tuned,closed,447,0.0022371364653243847,False,False,True,[M+NH4]+,1
1563,fine_tuned,open,3334,0.00029994001199760045,False,False,True,[M+NH4]+,1
1563,frozen,closed,288,0.003472222222222222,False,False,True,[M+NH4]+,1
1563,frozen,open,4843,0.00020648358455502787,False,False,True,[M+NH4]+,1
1564,fine_tuned,closed,37,0.02702702702702703,False,False,True,[M+H]+,8
1564,fine_tuned,open,849,0.001177856301531213,False,False,True,[M+H]+,8
1564,frozen,closed,76,0.013157894736842105,False,False,True,[M+H]+,8
1564,frozen,open,1095,0.0009132420091324201,False,False,True,[M+H]+,8
1565,fine_tuned,closed,243,0.00411522633744856,False,False,False,[M+H]+,7
1565,fine_tuned,open,771,0.0012970168612191958,False,False,False,[M+H]+,7
1565,frozen,closed,4,0.25,False,True,False,[M+H]+,7
1565,frozen,open,179,0.00558659217877095,False,False,False,[M+H]+,7
1566,fine_tuned,closed,3,0.3333333333333333,False,True,True,[M+H]+,4
1566,fine_tuned,open,3,0.3333333333333333,False,True,True,[M+H]+,4
1566,frozen,closed,23,0.043478260869565216,False,False,True,[M+H]+,4
1566,frozen,open,661,0.0015128593040847202,False,False,True,[M+H]+,4
1567,fine_tuned,closed,7,0.14285714285714285,False,False,True,[M+H]+,3
1567,fine_tuned,open,50,0.02,False,False,True,[M+H]+,3
1567,frozen,closed,142,0.007042253521126761,False,False,True,[M+H]+,3
1567,frozen,open,3485,0.00028694404591104734,False,False,True,[M+H]+,3
1568,fine_tuned,closed,5,0.2,False,True,True,[M+H]+,2
1568,fine_tuned,open,28,0.03571428571428571,False,False,True,[M+H]+,2
1568,frozen,closed,285,0.0035087719298245615,False,False,True,[M+H]+,2
1568,frozen,open,4599,0.00021743857360295715,False,False,True,[M+H]+,2
1569,fine_tuned,closed,26,0.038461538461538464,False,False,False,[M+H]+,4
1569,fine_tuned,open,342,0.0029239766081871343,False,False,False,[M+H]+,4
1569,frozen,closed,453,0.002207505518763797,False,False,False,[M+H]+,4
1569,frozen,open,3792,0.00026371308016877635,False,False,False,[M+H]+,4
1570,fine_tuned,closed,390,0.002564102564102564,False,False,True,[M+NH4]+,4
1570,fine_tuned,open,3939,0.0002538715410002539,False,False,True,[M+NH4]+,4
1570,frozen,closed,49,0.02040816326530612,False,False,True,[M+NH4]+,4
1570,frozen,open,1307,0.0007651109410864575,False,False,True,[M+NH4]+,4
1571,fine_tuned,closed,2,0.5,False,True,True,[M+H]+,6
1571,fine_tuned,open,2,0.5,False,True,True,[M+H]+,6
1571,frozen,closed,2,0.5,False,True,True,[M+H]+,6
1571,frozen,open,193,0.0051813471502590676,False,False,True,[M+H]+,6
1572,fine_tuned,closed,38,0.02631578947368421,False,False,False,[M+H]+,7
1572,fine_tuned,open,512,0.001953125,False,False,False,[M+H]+,7
1572,frozen,closed,208,0.004807692307692308,False,False,False,[M+H]+,7
1572,frozen,open,3634,0.000275178866263071,False,False,False,[M+H]+,7
1573,fine_tuned,closed,25,0.04,False,False,True,[M+Na]+,2
1573,fine_tuned,open,32,0.03125,False,False,True,[M+Na]+,2
1573,frozen,closed,241,0.004149377593360996,False,False,True,[M+Na]+,2
1573,frozen,open,3640,0.0002747252747252747,False,False,True,[M+Na]+,2
1574,fine_tuned,closed,19,0.05263157894736842,False,False,False,[M-H2O+H]+,4
1574,fine_tuned,open,302,0.0033112582781456954,False,False,False,[M-H2O+H]+,4
1574,frozen,closed,7,0.14285714285714285,False,False,False,[M-H2O+H]+,4
1574,frozen,open,219,0.0045662100456621,False,False,False,[M-H2O+H]+,4
1575,fine_tuned,closed,478,0.0020920502092050207,False,False,True,[M-H2O+H]+,1
1575,fine_tuned,open,4370,0.0002288329519450801,False,False,True,[M-H2O+H]+,1
1575,frozen,closed,497,0.002012072434607646,False,False,True,[M-H2O+H]+,1
1575,frozen,open,4129,0.0002421893921046258,False,False,True,[M-H2O+H]+,1
1576,fine_tuned,closed,471,0.0021231422505307855,False,False,True,[M+Na]+,2
1576,fine_tuned,open,4719,0.00021190930281839374,False,False,True,[M+Na]+,2
1576,frozen,closed,327,0.0030581039755351682,False,False,True,[M+Na]+,2
1576,frozen,open,5222,0.00019149751053236308,False,False,True,[M+Na]+,2
1577,fine_tuned,closed,189,0.005291005291005291,False,False,False,[M+H]+,5
1577,fine_tuned,open,1954,0.0005117707267144319,False,False,False,[M+H]+,5
1577,frozen,closed,222,0.0045045045045045045,False,False,False,[M+H]+,5
1577,frozen,open,2120,0.0004716981132075472,False,False,False,[M+H]+,5
1578,fine_tuned,closed,480,0.0020833333333333333,False,False,False,[M+H]+,3
1578,fine_tuned,open,3196,0.00031289111389236547,False,False,False,[M+H]+,3
1578,frozen,closed,69,0.014492753623188406,False,False,False,[M+H]+,3
1578,frozen,open,2087,0.0004791566842357451,False,False,False,[M+H]+,3
1579,fine_tuned,closed,440,0.0022727272727272726,False,False,False,[M+H]+,5
1579,fine_tuned,open,2807,0.0003562522265764161,False,False,False,[M+H]+,5
1579,frozen,closed,25,0.04,False,False,False,[M+H]+,5
1579,frozen,open,1304,0.0007668711656441718,False,False,False,[M+H]+,5
1580,fine_tuned,closed,189,0.005291005291005291,False,False,True,[M+NH4]+,2
1580,fine_tuned,open,2855,0.0003502626970227671,False,False,True,[M+NH4]+,2
1580,frozen,closed,446,0.002242152466367713,False,False,True,[M+NH4]+,2
1580,frozen,open,5181,0.00019301293186643504,False,False,True,[M+NH4]+,2
1581,fine_tuned,closed,417,0.002398081534772182,False,False,True,[M+NH4]+,3
1581,fine_tuned,open,3567,0.0002803476310625175,False,False,True,[M+NH4]+,3
1581,frozen,closed,175,0.005714285714285714,False,False,True,[M+NH4]+,3
1581,frozen,open,3975,0.00025157232704402514,False,False,True,[M+NH4]+,3
1583,fine_tuned,closed,34,0.029411764705882353,False,False,True,[M+Na]+,1
1583,fine_tuned,open,513,0.001949317738791423,False,False,True,[M+Na]+,1
1583,frozen,closed,340,0.0029411764705882353,False,False,True,[M+Na]+,1
1583,frozen,open,4293,0.00023293733985557886,False,False,True,[M+Na]+,1
1584,fine_tuned,closed,33,0.030303030303030304,False,False,True,[M+Na]+,3
1584,fine_tuned,open,272,0.003676470588235294,False,False,True,[M+Na]+,3
1584,frozen,closed,314,0.0031847133757961785,False,False,True,[M+Na]+,3
1584,frozen,open,2666,0.00037509377344336085,False,False,True,[M+Na]+,3
1586,fine_tuned,closed,1,1.0,True,True,True,[M+H]+,3
1586,fine_tuned,open,1,1.0,True,True,True,[M+H]+,3
1586,frozen,closed,3,0.3333333333333333,False,True,True,[M+H]+,3
1586,frozen,open,40,0.025,False,False,True,[M+H]+,3
1587,fine_tuned,closed,5,0.2,False,True,True,[M+H]+,4
1587,fine_tuned,open,5,0.2,False,True,True,[M+H]+,4
1587,frozen,closed,5,0.2,False,True,True,[M+H]+,4
1587,frozen,open,80,0.0125,False,False,True,[M+H]+,4
1588,fine_tuned,closed,52,0.019230769230769232,False,False,False,[M+H]+,7
1588,fine_tuned,open,546,0.0018315018315018315,False,False,False,[M+H]+,7
1588,frozen,closed,169,0.005917159763313609,False,False,False,[M+H]+,7
1588,frozen,open,2952,0.00033875338753387534,False,False,False,[M+H]+,7
1589,fine_tuned,closed,7,0.14285714285714285,False,False,True,[M+Na]+,19
1589,fine_tuned,open,22,0.045454545454545456,False,False,True,[M+Na]+,19
1589,frozen,closed,447,0.0022371364653243847,False,False,True,[M+Na]+,19
1589,frozen,open,5510,0.00018148820326678765,False,False,True,[M+Na]+,19
1590,fine_tuned,closed,44,0.022727272727272728,False,False,False,[M+H]+,5
1590,fine_tuned,open,329,0.00303951367781155,False,False,False,[M+H]+,5
1590,frozen,closed,6,0.16666666666666666,False,False,False,[M+H]+,5
1590,frozen,open,115,0.008695652173913044,False,False,False,[M+H]+,5
1591,fine_tuned,closed,323,0.0030959752321981426,False,False,False,[M+NH4]+,2
1591,fine_tuned,open,2185,0.0004576659038901602,False,False,False,[M+NH4]+,2
1591,frozen,closed,22,0.045454545454545456,False,False,False,[M+NH4]+,2
1591,frozen,open,1704,0.0005868544600938967,False,False,False,[M+NH4]+,2
1592,fine_tuned,closed,1,1.0,True,True,True,[M+H]+,4
1592,fine_tuned,open,1,1.0,True,True,True,[M+H]+,4
1592,frozen,closed,1,1.0,True,True,True,[M+H]+,4
1592,frozen,open,2,0.5,False,True,True,[M+H]+,4
1593,fine_tuned,closed,521,0.0019193857965451055,False,False,True,[M+H]+,3
1593,fine_tuned,open,4836,0.00020678246484698098,False,False,True,[M+H]+,3
1593,frozen,closed,517,0.0019342359767891683,False,False,True,[M+H]+,3
1593,frozen,open,5230,0.00019120458891013384,False,False,True,[M+H]+,3
1594,fine_tuned,closed,307,0.003257328990228013,False,False,True,[M+H]+,1
1594,fine_tuned,open,3519,0.0002841716396703609,False,False,True,[M+H]+,1
1594,frozen,closed,484,0.002066115702479339,False,False,True,[M+H]+,1
1594,frozen,open,3904,0.00025614754098360657,False,False,True,[M+H]+,1
1595,fine_tuned,closed,237,0.004219409282700422,False,False,False,[M+NH4]+,4
1595,fine_tuned,open,3200,0.0003125,False,False,False,[M+NH4]+,4
1595,frozen,closed,50,0.02,False,False,False,[M+NH4]+,4
1595,frozen,open,1561,0.0006406149903907751,False,False,False,[M+NH4]+,4
1596,fine_tuned,closed,83,0.012048192771084338,False,False,False,[M+Na]+,3
1596,fine_tuned,open,1115,0.0008968609865470852,False,False,False,[M+Na]+,3
1596,frozen,closed,401,0.0024937655860349127,False,False,False,[M+Na]+,3
1596,frozen,open,3654,0.0002736726874657909,False,False,False,[M+Na]+,3
1598,fine_tuned,closed,282,0.0035460992907801418,False,False,False,[M+Na]+,3
1598,fine_tuned,open,2501,0.00039984006397441024,False,False,False,[M+Na]+,3
1598,frozen,closed,12,0.08333333333333333,False,False,False,[M+Na]+,3
1598,frozen,open,158,0.006329113924050633,False,False,False,[M+Na]+,3
1599,fine_tuned,closed,1,1.0,True,True,True,[M+H]+,5
1599,fine_tuned,open,1,1.0,True,True,True,[M+H]+,5
1599,frozen,closed,59,0.01694915254237288,False,False,True,[M+H]+,5
1599,frozen,open,1712,0.0005841121495327102,False,False,True,[M+H]+,5
1600,fine_tuned,closed,1,1.0,True,True,True,[M+H]+,4
1600,fine_tuned,open,1,1.0,True,True,True,[M+H]+,4
1600,frozen,closed,54,0.018518518518518517,False,False,True,[M+H]+,4
1600,frozen,open,1525,0.0006557377049180328,False,False,True,[M+H]+,4
1601,fine_tuned,closed,47,0.02127659574468085,False,False,True,[M-2H2O+H]+,2
1601,fine_tuned,open,774,0.0012919896640826874,False,False,True,[M-2H2O+H]+,2
1601,frozen,closed,160,0.00625,False,False,True,[M-2H2O+H]+,2
1601,frozen,open,3756,0.00026624068157614486,False,False,True,[M-2H2O+H]+,2
1602,fine_tuned,closed,366,0.00273224043715847,False,False,True,[M+Na]+,2
1602,fine_tuned,open,4553,0.00021963540522732265,False,False,True,[M+Na]+,2
1602,frozen,closed,461,0.0021691973969631237,False,False,True,[M+Na]+,2
1602,frozen,open,5888,0.00016983695652173913,False,False,True,[M+Na]+,2
1603,fine_tuned,closed,20,0.05,False,False,False,[M+NH4]+,5
1603,fine_tuned,open,782,0.0012787723785166241,False,False,False,[M+NH4]+,5
1603,frozen,closed,32,0.03125,False,False,False,[M+NH4]+,5
1603,frozen,open,1182,0.0008460236886632825,False,False,False,[M+NH4]+,5
1604,fine_tuned,closed,126,0.007936507936507936,False,False,True,[M+NH4]+,5
1604,fine_tuned,open,2385,0.0004192872117400419,False,False,True,[M+NH4]+,5
1604,frozen,closed,518,0.0019305019305019305,False,False,True,[M+NH4]+,5
1604,frozen,open,5489,0.00018218254691200583,False,False,True,[M+NH4]+,5
1605,fine_tuned,closed,375,0.0026666666666666666,False,False,True,[M+NH4]+,1
1605,fine_tuned,open,3192,0.0003132832080200501,False,False,True,[M+NH4]+,1
1605,frozen,closed,406,0.0024630541871921183,False,False,True,[M+NH4]+,1
1605,frozen,open,4545,0.00022002200220022002,False,False,True,[M+NH4]+,1
1606,fine_tuned,closed,3,0.3333333333333333,False,True,True,[M+H]+,4
1606,fine_tuned,open,3,0.3333333333333333,False,True,True,[M+H]+,4
1606,frozen,closed,557,0.0017953321364452424,False,False,True,[M+H]+,4
1606,frozen,open,5300,0.00018867924528301886,False,False,True,[M+H]+,4
1608,fine_tuned,closed,107,0.009345794392523364,False,False,True,[M+Na]+,1
1608,fine_tuned,open,1095,0.0009132420091324201,False,False,True,[M+Na]+,1
1608,frozen,closed,187,0.0053475935828877,False,False,True,[M+Na]+,1
1608,frozen,open,4311,0.00023196474135931338,False,False,True,[M+Na]+,1
1609,fine_tuned,closed,542,0.0018450184501845018,False,False,True,[M+Na]+,15
1609,fine_tuned,open,4774,0.00020946795140343527,False,False,True,[M+Na]+,15
1609,frozen,closed,446,0.002242152466367713,False,False,True,[M+Na]+,15
1609,frozen,open,4827,0.00020716801325875285,False,False,True,[M+Na]+,15
1610,fine_tuned,closed,1,1.0,True,True,True,[M+H]+,12
1610,fine_tuned,open,9,0.1111111111111111,False,False,True,[M+H]+,12
1610,frozen,closed,26,0.038461538461538464,False,False,True,[M+H]+,12
1610,frozen,open,601,0.0016638935108153079,False,False,True,[M+H]+,12
1611,fine_tuned,closed,25,0.04,False,False,True,[M+NH4]+,1
1611,fine_tuned,open,1048,0.0009541984732824427,False,False,True,[M+NH4]+,1
1611,frozen,closed,352,0.002840909090909091,False,False,True,[M+NH4]+,1
1611,frozen,open,1549,0.0006455777921239509,False,False,True,[M+NH4]+,1
1612,fine_tuned,closed,38,0.02631578947368421,False,False,True,[M+NH4]+,16
1612,fine_tuned,open,919,0.001088139281828074,False,False,True,[M+NH4]+,16
1612,frozen,closed,43,0.023255813953488372,False,False,True,[M+NH4]+,16
1612,frozen,open,1791,0.0005583472920156337,False,False,True,[M+NH4]+,16
1613,fine_tuned,closed,249,0.004016064257028112,False,False,True,[M+Na]+,1
1613,fine_tuned,open,2408,0.0004152823920265781,False,False,True,[M+Na]+,1
1613,frozen,closed,118,0.00847457627118644,False,False,True,[M+Na]+,1
1613,frozen,open,3343,0.0002991325157044571,False,False,True,[M+Na]+,1
1614,fine_tuned,closed,9,0.1111111111111111,False,False,True,[M+H]+,4
1614,fine_tuned,open,9,0.1111111111111111,False,False,True,[M+H]+,4
1614,frozen,closed,36,0.027777777777777776,False,False,True,[M+H]+,4
1614,frozen,open,1362,0.0007342143906020558,False,False,True,[M+H]+,4
1615,fine_tuned,closed,277,0.0036101083032490976,False,False,True,[M+H]+,8
1615,fine_tuned,open,1498,0.0006675567423230974,False,False,True,[M+H]+,8
1615,frozen,closed,58,0.017241379310344827,False,False,True,[M+H]+,8
1615,frozen,open,1119,0.0008936550491510277,False,False,True,[M+H]+,8
1616,fine_tuned,closed,87,0.011494252873563218,False,False,False,[M+H]+,3
1616,fine_tuned,open,2114,0.0004730368968779565,False,False,False,[M+H]+,3
1616,frozen,closed,308,0.003246753246753247,False,False,False,[M+H]+,3
1616,frozen,open,1974,0.0005065856129685917,False,False,False,[M+H]+,3
1617,fine_tuned,closed,40,0.025,False,False,True,[M+H]+,3
1617,fine_tuned,open,684,0.0014619883040935672,False,False,True,[M+H]+,3
1617,frozen,closed,42,0.023809523809523808,False,False,True,[M+H]+,3
1617,frozen,open,915,0.001092896174863388,False,False,True,[M+H]+,3
1619,fine_tuned,closed,3,0.3333333333333333,False,True,True,[M+H]+,7
1619,fine_tuned,open,3,0.3333333333333333,False,True,True,[M+H]+,7
1619,frozen,closed,158,0.006329113924050633,False,False,True,[M+H]+,7
1619,frozen,open,1490,0.0006711409395973154,False,False,True,[M+H]+,7
1620,fine_tuned,closed,45,0.022222222222222223,False,False,True,[M+Na]+,1
1620,fine_tuned,open,2124,0.00047080979284369113,False,False,True,[M+Na]+,1
1620,frozen,closed,165,0.006060606060606061,False,False,True,[M+Na]+,1
1620,frozen,open,4206,0.00023775558725630053,False,False,True,[M+Na]+,1
1621,fine_tuned,closed,144,0.006944444444444444,False,False,False,[M+Na]+,3
1621,fine_tuned,open,2469,0.0004050222762251924,False,False,False,[M+Na]+,3
1621,frozen,closed,181,0.0055248618784530384,False,False,False,[M+Na]+,3
1621,frozen,open,1744,0.0005733944954128441,False,False,False,[M+Na]+,3
1622,fine_tuned,closed,334,0.0029940119760479044,False,False,True,[M+Na]+,4
1622,fine_tuned,open,3948,0.00025329280648429586,False,False,True,[M+Na]+,4
1622,frozen,closed,358,0.002793296089385475,False,False,True,[M+Na]+,4
1622,frozen,open,5707,0.00017522340984755565,False,False,True,[M+Na]+,4
1623,fine_tuned,closed,216,0.004629629629629629,False,False,True,[M+Na]+,1
1623,fine_tuned,open,3627,0.00027570995312930797,False,False,True,[M+Na]+,1
1623,frozen,closed,333,0.003003003003003003,False,False,True,[M+Na]+,1
1623,frozen,open,5158,0.00019387359441644047,False,False,True,[M+Na]+,1
1624,fine_tuned,closed,11,0.09090909090909091,False,False,True,[M+H]+,6
1624,fine_tuned,open,34,0.029411764705882353,False,False,True,[M+H]+,6
1624,frozen,closed,624,0.0016025641025641025,False,False,True,[M+H]+,6
1624,frozen,open,6087,0.0001642845408247084,False,False,True,[M+H]+,6
1625,fine_tuned,closed,1,1.0,True,True,True,[M+H]+,6
1625,fine_tuned,open,1,1.0,True,True,True,[M+H]+,6
1625,frozen,closed,36,0.027777777777777776,False,False,True,[M+H]+,6
1625,frozen,open,950,0.0010526315789473684,False,False,True,[M+H]+,6
1626,fine_tuned,closed,116,0.008620689655172414,False,False,True,[M-NH3+H]+,3
1626,fine_tuned,open,938,0.0010660980810234541,False,False,True,[M-NH3+H]+,3
1626,frozen,closed,501,0.001996007984031936,False,False,True,[M-NH3+H]+,3
1626,frozen,open,4326,0.0002311604253351826,False,False,True,[M-NH3+H]+,3
1628,fine_tuned,closed,626,0.001597444089456869,False,False,False,[M-NH3+H]+,5
1628,fine_tuned,open,6074,0.00016463615409944023,False,False,False,[M-NH3+H]+,5
1628,frozen,closed,627,0.001594896331738437,False,False,False,[M-NH3+H]+,5
1628,frozen,open,6163,0.00016225864027259452,False,False,False,[M-NH3+H]+,5
1630,fine_tuned,closed,307,0.003257328990228013,False,False,True,[M-NH3+H]+,1
1630,fine_tuned,open,2420,0.00041322314049586776,False,False,True,[M-NH3+H]+,1
1630,frozen,closed,530,0.0018867924528301887,False,False,True,[M-NH3+H]+,1
1630,frozen,open,4529,0.00022079929344226098,False,False,True,[M-NH3+H]+,1
1631,fine_tuned,closed,158,0.006329113924050633,False,False,True,[M+H]+,8
1631,fine_tuned,open,2633,0.00037979491074819596,False,False,True,[M+H]+,8
1631,frozen,closed,138,0.007246376811594203,False,False,True,[M+H]+,8
1631,frozen,open,3062,0.00032658393207054214,False,False,True,[M+H]+,8
1632,fine_tuned,closed,29,0.034482758620689655,False,False,True,[M+H]+,15
1632,fine_tuned,open,498,0.002008032128514056,False,False,True,[M+H]+,15
1632,frozen,closed,210,0.004761904761904762,False,False,True,[M+H]+,15
1632,frozen,open,3417,0.000292654375182909,False,False,True,[M+H]+,15
1633,fine_tuned,closed,2,0.5,False,True,True,[M+H]+,6
1633,fine_tuned,open,4,0.25,False,True,True,[M+H]+,6
1633,frozen,closed,73,0.0136986301369863,False,False,True,[M+H]+,6
1633,frozen,open,2158,0.0004633920296570899,False,False,True,[M+H]+,6
1634,fine_tuned,closed,547,0.0018281535648994515,False,False,True,[M+Na]+,1
1634,fine_tuned,open,5979,0.00016725204883759825,False,False,True,[M+Na]+,1
1634,frozen,closed,476,0.0021008403361344537,False,False,True,[M+Na]+,1
1634,frozen,open,4223,0.00023679848448969926,False,False,True,[M+Na]+,1
1635,fine_tuned,closed,5,0.2,False,True,False,[M+H]+,10
1635,fine_tuned,open,24,0.041666666666666664,False,False,False,[M+H]+,10
1635,frozen,closed,6,0.16666666666666666,False,False,False,[M+H]+,10
1635,frozen,open,304,0.003289473684210526,False,False,False,[M+H]+,10
1636,fine_tuned,closed,1,1.0,True,True,True,[M+H]+,9
1636,fine_tuned,open,1,1.0,True,True,True,[M+H]+,9
1636,frozen,closed,20,0.05,False,False,True,[M+H]+,9
1636,frozen,open,1157,0.000864304235090752,False,False,True,[M+H]+,9
1637,fine_tuned,closed,1,1.0,True,True,True,[M+H]+,12
1637,fine_tuned,open,1,1.0,True,True,True,[M+H]+,12
1637,frozen,closed,4,0.25,False,True,True,[M+H]+,12
1637,frozen,open,149,0.006711409395973154,False,False,True,[M+H]+,12
1638,fine_tuned,closed,8,0.125,False,False,True,[M+H]+,10
1638,fine_tuned,open,117,0.008547008547008548,False,False,True,[M+H]+,10
1638,frozen,closed,506,0.001976284584980237,False,False,True,[M+H]+,10
1638,frozen,open,5077,0.00019696671262556627,False,False,True,[M+H]+,10
1639,fine_tuned,closed,1,1.0,True,True,True,[M+H]+,4
1639,fine_tuned,open,1,1.0,True,True,True,[M+H]+,4
1639,frozen,closed,46,0.021739130434782608,False,False,True,[M+H]+,4
1639,frozen,open,293,0.0034129692832764505,False,False,True,[M+H]+,4
1640,fine_tuned,closed,276,0.0036231884057971015,False,False,False,[M-NH3+H]+,1
1640,fine_tuned,open,1966,0.000508646998982706,False,False,False,[M-NH3+H]+,1
1640,frozen,closed,454,0.0022026431718061676,False,False,False,[M-NH3+H]+,1
1640,frozen,open,3831,0.00026102845210127906,False,False,False,[M-NH3+H]+,1
1641,fine_tuned,closed,177,0.005649717514124294,False,False,True,[M+NH4]+,4
1641,fine_tuned,open,341,0.002932551319648094,False,False,True,[M+NH4]+,4
1641,frozen,closed,240,0.004166666666666667,False,False,True,[M+NH4]+,4
1641,frozen,open,2896,0.0003453038674033149,False,False,True,[M+NH4]+,4
1642,fine_tuned,closed,3,0.3333333333333333,False,True,True,[M+H]+,1
1642,fine_tuned,open,81,0.012345679012345678,False,False,True,[M+H]+,1
1642,frozen,closed,254,0.003937007874015748,False,False,True,[M+H]+,1
1642,frozen,open,4974,0.0002010454362685967,False,False,True,[M+H]+,1
1643,fine_tuned,closed,226,0.004424778761061947,False,False,True,[M+Na]+,3
1643,fine_tuned,open,3090,0.00032362459546925567,False,False,True,[M+Na]+,3
1643,frozen,closed,119,0.008403361344537815,False,False,True,[M+Na]+,3
1643,frozen,open,3436,0.0002910360884749709,False,False,True,[M+Na]+,3
1644,fine_tuned,closed,183,0.00546448087431694,False,False,True,[M-H2O+H]+,2
1644,fine_tuned,open,1563,0.0006397952655150352,False,False,True,[M-H2O+H]+,2
1644,frozen,closed,32,0.03125,False,False,True,[M-H2O+H]+,2
1644,frozen,open,1573,0.0006357279084551812,False,False,True,[M-H2O+H]+,2
1645,fine_tuned,closed,31,0.03225806451612903,False,False,False,[M+H]+,19
1645,fine_tuned,open,169,0.005917159763313609,False,False,False,[M+H]+,19
1645,frozen,closed,139,0.007194244604316547,False,False,False,[M+H]+,19
1645,frozen,open,1788,0.0005592841163310962,False,False,False,[M+H]+,19
1646,fine_tuned,closed,108,0.009259259259259259,False,False,False,[M+H]+,4
1646,fine_tuned,open,2456,0.00040716612377850165,False,False,False,[M+H]+,4
1646,frozen,closed,519,0.0019267822736030828,False,False,False,[M+H]+,4
1646,frozen,open,4689,0.00021326508850501172,False,False,False,[M+H]+,4
1648,fine_tuned,closed,579,0.0017271157167530224,False,False,True,[M-NH3+H]+,1
1648,fine_tuned,open,5744,0.00017409470752089137,False,False,True,[M-NH3+H]+,1
1648,frozen,closed,577,0.0017331022530329288,False,False,True,[M-NH3+H]+,1
1648,frozen,open,5864,0.00017053206002728513,False,False,True,[M-NH3+H]+,1
1649,fine_tuned,closed,1,1.0,True,True,True,[M+H]+,8
1649,fine_tuned,open,1,1.0,True,True,True,[M+H]+,8
1649,frozen,closed,2,0.5,False,True,True,[M+H]+,8
1649,frozen,open,290,0.0034482758620689655,False,False,True,[M+H]+,8
1650,fine_tuned,closed,1,1.0,True,True,True,[M+H]+,25
1650,fine_tuned,open,2,0.5,False,True,True,[M+H]+,25
1650,frozen,closed,307,0.003257328990228013,False,False,True,[M+H]+,25
1650,frozen,open,5112,0.00019561815336463224,False,False,True,[M+H]+,25
1652,fine_tuned,closed,69,0.014492753623188406,False,False,True,[M+H]+,3
1652,fine_tuned,open,1434,0.000697350069735007,False,False,True,[M+H]+,3
1652,frozen,closed,137,0.0072992700729927005,False,False,True,[M+H]+,3
1652,frozen,open,2569,0.00038925652004671076,False,False,True,[M+H]+,3
1653,fine_tuned,closed,360,0.002777777777777778,False,False,False,[M-H2O+H]+,27
1653,fine_tuned,open,3048,0.00032808398950131233,False,False,False,[M-H2O+H]+,27
1653,frozen,closed,288,0.003472222222222222,False,False,False,[M-H2O+H]+,27
1653,frozen,open,4393,0.00022763487366264513,False,False,False,[M-H2O+H]+,27
1654,fine_tuned,closed,200,0.005,False,False,False,[M-H2O+H]+,5
1654,fine_tuned,open,3480,0.00028735632183908046,False,False,False,[M-H2O+H]+,5
1654,frozen,closed,25,0.04,False,False,False,[M-H2O+H]+,5
1654,frozen,open,1687,0.0005927682276229994,False,False,False,[M-H2O+H]+,5
1655,fine_tuned,closed,1,1.0,True,True,True,[M+H]+,12
1655,fine_tuned,open,1,1.0,True,True,True,[M+H]+,12
1655,frozen,closed,123,0.008130081300813009,False,False,True,[M+H]+,12
1655,frozen,open,2885,0.0003466204506065858,False,False,True,[M+H]+,12
1656,fine_tuned,closed,485,0.002061855670103093,False,False,True,[M+H]+,1
1656,fine_tuned,open,4676,0.000213857998289136,False,False,True,[M+H]+,1
1656,frozen,closed,600,0.0016666666666666668,False,False,True,[M+H]+,1
1656,frozen,open,6071,0.00016471750947125678,False,False,True,[M+H]+,1
1657,fine_tuned,closed,7,0.14285714285714285,False,False,True,[M+H]+,9
1657,fine_tuned,open,27,0.037037037037037035,False,False,True,[M+H]+,9
1657,frozen,closed,66,0.015151515151515152,False,False,True,[M+H]+,9
1657,frozen,open,2703,0.0003699593044765076,False,False,True,[M+H]+,9
1658,fine_tuned,closed,22,0.045454545454545456,False,False,False,[M+H]+,4
1658,fine_tuned,open,803,0.0012453300124533001,False,False,False,[M+H]+,4
1658,frozen,closed,11,0.09090909090909091,False,False,False,[M+H]+,4
1658,frozen,open,140,0.007142857142857143,False,False,False,[M+H]+,4
1659,fine_tuned,closed,48,0.020833333333333332,False,False,True,[M+Na]+,3
1659,fine_tuned,open,1541,0.0006489292667099286,False,False,True,[M+Na]+,3
1659,frozen,closed,53,0.018867924528301886,False,False,True,[M+Na]+,3
1659,frozen,open,1659,0.0006027727546714888,False,False,True,[M+Na]+,3
1660,fine_tuned,closed,35,0.02857142857142857,False,False,True,[M+Na]+,4
1660,fine_tuned,open,1634,0.0006119951040391676,False,False,True,[M+Na]+,4
1660,frozen,closed,87,0.011494252873563218,False,False,True,[M+Na]+,4
1660,frozen,open,2652,0.0003770739064856712,False,False,True,[M+Na]+,4
1661,fine_tuned,closed,57,0.017543859649122806,False,False,True,[M+H]+,3
1661,fine_tuned,open,1705,0.0005865102639296188,False,False,True,[M+H]+,3
1661,frozen,closed,64,0.015625,False,False,True,[M+H]+,3
1661,frozen,open,1956,0.0005112474437627812,False,False,True,[M+H]+,3
1662,fine_tuned,closed,63,0.015873015873015872,False,False,True,[M+H]+,4
1662,fine_tuned,open,2068,0.00048355899419729207,False,False,True,[M+H]+,4
1662,frozen,closed,195,0.005128205128205128,False,False,True,[M+H]+,4
1662,frozen,open,3821,0.00026171159382360636,False,False,True,[M+H]+,4
1663,fine_tuned,closed,111,0.009009009009009009,False,False,True,[M+H]+,23
1663,fine_tuned,open,2421,0.0004130524576621231,False,False,True,[M+H]+,23
1663,frozen,closed,147,0.006802721088435374,False,False,True,[M+H]+,23
1663,frozen,open,3750,0.0002666666666666667,False,False,True,[M+H]+,23
1664,fine_tuned,closed,207,0.004830917874396135,False,False,True,[M+H]+,5
1664,fine_tuned,open,4269,0.00023424689622862497,False,False,True,[M+H]+,5
1664,frozen,closed,407,0.002457002457002457,False,False,True,[M+H]+,5
1664,frozen,open,5020,0.00019920318725099602,False,False,True,[M+H]+,5
1665,fine_tuned,closed,35,0.02857142857142857,False,False,True,[M+Na]+,23
1665,fine_tuned,open,1439,0.0006949270326615705,False,False,True,[M+Na]+,23
1665,frozen,closed,60,0.016666666666666666,False,False,True,[M+Na]+,23
1665,frozen,open,2337,0.0004278990158322636,False,False,True,[M+Na]+,23
1666,fine_tuned,closed,74,0.013513513513513514,False,False,True,[M+Na]+,5
1666,fine_tuned,open,2383,0.000419639110365086,False,False,True,[M+Na]+,5
1666,frozen,closed,275,0.0036363636363636364,False,False,True,[M+Na]+,5
1666,frozen,open,4380,0.00022831050228310502,False,False,True,[M+Na]+,5
1667,fine_tuned,closed,40,0.025,False,False,True,[M+H]+,4
1667,fine_tuned,open,1079,0.0009267840593141798,False,False,True,[M+H]+,4
1667,frozen,closed,111,0.009009009009009009,False,False,True,[M+H]+,4
1667,frozen,open,1726,0.0005793742757821553,False,False,True,[M+H]+,4
1668,fine_tuned,closed,84,0.011904761904761904,False,False,True,[M-2H2O+H]+,1
1668,fine_tuned,open,2725,0.0003669724770642202,False,False,True,[M-2H2O+H]+,1
1668,frozen,closed,145,0.006896551724137931,False,False,True,[M-2H2O+H]+,1
1668,frozen,open,3846,0.00026001040041601667,False,False,True,[M-2H2O+H]+,1
1669,fine_tuned,closed,114,0.008771929824561403,False,False,True,[M+NH4]+,1
1669,fine_tuned,open,2292,0.0004363001745200698,False,False,True,[M+NH4]+,1
1669,frozen,closed,212,0.0047169811320754715,False,False,True,[M+NH4]+,1
1669,frozen,open,2701,0.00037023324694557573,False,False,True,[M+NH4]+,1
1670,fine_tuned,closed,147,0.006802721088435374,False,False,True,[M+NH4]+,5
1670,fine_tuned,open,3512,0.0002847380410022779,False,False,True,[M+NH4]+,5
1670,frozen,closed,333,0.003003003003003003,False,False,True,[M+NH4]+,5
1670,frozen,open,3221,0.0003104625892579944,False,False,True,[M+NH4]+,5
1671,fine_tuned,closed,180,0.005555555555555556,False,False,True,[M+Na]+,8
1671,fine_tuned,open,3161,0.00031635558367605187,False,False,True,[M+Na]+,8
1671,frozen,closed,120,0.008333333333333333,False,False,True,[M+Na]+,8
1671,frozen,open,2575,0.0003883495145631068,False,False,True,[M+Na]+,8
1672,fine_tuned,closed,23,0.043478260869565216,False,False,True,[M+H]+,6
1672,fine_tuned,open,215,0.004651162790697674,False,False,True,[M+H]+,6
1672,frozen,closed,130,0.007692307692307693,False,False,True,[M+H]+,6
1672,frozen,open,2186,0.0004574565416285453,False,False,True,[M+H]+,6
1673,fine_tuned,closed,261,0.0038314176245210726,False,False,True,[M+H]+,3
1673,fine_tuned,open,3352,0.0002983293556085919,False,False,True,[M+H]+,3
1673,frozen,closed,247,0.004048582995951417,False,False,True,[M+H]+,3
1673,frozen,open,4096,0.000244140625,False,False,True,[M+H]+,3
1674,fine_tuned,closed,526,0.0019011406844106464,False,False,True,[M+NH4]+,6
1674,fine_tuned,open,5143,0.00019443904335990667,False,False,True,[M+NH4]+,6
1674,frozen,closed,284,0.0035211267605633804,False,False,True,[M+NH4]+,6
1674,frozen,open,5266,0.00018989745537409798,False,False,True,[M+NH4]+,6
1675,fine_tuned,closed,1,1.0,True,True,True,[M+H]+,13
1675,fine_tuned,open,6,0.16666666666666666,False,False,True,[M+H]+,13
1675,frozen,closed,1,1.0,True,True,True,[M+H]+,13
1675,frozen,open,7,0.14285714285714285,False,False,True,[M+H]+,13
1676,fine_tuned,closed,270,0.003703703703703704,False,False,True,[M+NH4]+,23
1676,fine_tuned,open,4225,0.00023668639053254438,False,False,True,[M+NH4]+,23
1676,frozen,closed,191,0.005235602094240838,False,False,True,[M+NH4]+,23
1676,frozen,open,4125,0.00024242424242424242,False,False,True,[M+NH4]+,23
1677,fine_tuned,closed,96,0.010416666666666666,False,False,True,[M+NH4]+,1
1677,fine_tuned,open,2684,0.00037257824143070045,False,False,True,[M+NH4]+,1
1677,frozen,closed,199,0.005025125628140704,False,False,True,[M+NH4]+,1
1677,frozen,open,3710,0.00026954177897574127,False,False,True,[M+NH4]+,1
1678,fine_tuned,closed,103,0.009708737864077669,False,False,True,[M+Na]+,1
1678,fine_tuned,open,2827,0.00035373187124159886,False,False,True,[M+Na]+,1
1678,frozen,closed,442,0.0022624434389140274,False,False,True,[M+Na]+,1
1678,frozen,open,3350,0.00029850746268656717,False,False,True,[M+Na]+,1
1679,fine_tuned,closed,1,1.0,True,True,True,[M+H]+,17
1679,fine_tuned,open,4,0.25,False,True,True,[M+H]+,17
1679,frozen,closed,5,0.2,False,True,True,[M+H]+,17
1679,frozen,open,633,0.001579778830963665,False,False,True,[M+H]+,17
1680,fine_tuned,closed,43,0.023255813953488372,False,False,False,[M+H]+,10
1680,fine_tuned,open,1337,0.0007479431563201197,False,False,False,[M+H]+,10
1680,frozen,closed,31,0.03225806451612903,False,False,False,[M+H]+,10
1680,frozen,open,1222,0.0008183306055646482,False,False,False,[M+H]+,10
1681,fine_tuned,closed,32,0.03125,False,False,True,[M+H]+,5
1681,fine_tuned,open,1432,0.0006983240223463687,False,False,True,[M+H]+,5
1681,frozen,closed,25,0.04,False,False,True,[M+H]+,5
1681,frozen,open,1101,0.0009082652134423251,False,False,True,[M+H]+,5
1682,fine_tuned,closed,45,0.022222222222222223,False,False,True,[M+H]+,15
1682,fine_tuned,open,1036,0.0009652509652509653,False,False,True,[M+H]+,15
1682,frozen,closed,40,0.025,False,False,True,[M+H]+,15
1682,frozen,open,1429,0.0006997900629811056,False,False,True,[M+H]+,15
1683,fine_tuned,closed,428,0.002336448598130841,False,False,False,[M+H]+,3
1683,fine_tuned,open,4222,0.00023685457129322596,False,False,False,[M+H]+,3
1683,frozen,closed,477,0.0020964360587002098,False,False,False,[M+H]+,3
1683,frozen,open,5973,0.00016742005692281934,False,False,False,[M+H]+,3
1684,fine_tuned,closed,544,0.001838235294117647,False,False,False,[M+H]+,3
1684,fine_tuned,open,5495,0.00018198362147406734,False,False,False,[M+H]+,3
1684,frozen,closed,629,0.001589825119236884,False,False,False,[M+H]+,3
1684,frozen,open,6246,0.0001601024655779699,False,False,False,[M+H]+,3
1685,fine_tuned,closed,160,0.00625,False,False,False,[M+H]+,2
1685,fine_tuned,open,1942,0.0005149330587023687,False,False,False,[M+H]+,2
1685,frozen,closed,449,0.0022271714922048997,False,False,False,[M+H]+,2
1685,frozen,open,5492,0.0001820830298616169,False,False,False,[M+H]+,2
1686,fine_tuned,closed,2,0.5,False,True,True,[M+H]+,3
1686,fine_tuned,open,2,0.5,False,True,True,[M+H]+,3
1686,frozen,closed,339,0.0029498525073746312,False,False,True,[M+H]+,3
1686,frozen,open,3607,0.0002772387025228722,False,False,True,[M+H]+,3
1687,fine_tuned,closed,61,0.01639344262295082,False,False,False,[M+H]+,12
1687,fine_tuned,open,474,0.002109704641350211,False,False,False,[M+H]+,12
1687,frozen,closed,196,0.00510204081632653,False,False,False,[M+H]+,12
1687,frozen,open,3340,0.0002994011976047904,False,False,False,[M+H]+,12
1688,fine_tuned,closed,313,0.003194888178913738,False,False,True,[M-NH3+H]+,3
1688,fine_tuned,open,4917,0.0002033760423022168,False,False,True,[M-NH3+H]+,3
1688,frozen,closed,344,0.0029069767441860465,False,False,True,[M-NH3+H]+,3
1688,frozen,open,3536,0.0002828054298642534,False,False,True,[M-NH3+H]+,3
1689,fine_tuned,closed,258,0.003875968992248062,False,False,False,[M+H]+,2
1689,fine_tuned,open,1684,0.0005938242280285036,False,False,False,[M+H]+,2
1689,frozen,closed,342,0.0029239766081871343,False,False,False,[M+H]+,2
1689,frozen,open,2981,0.0003354579000335458,False,False,False,[M+H]+,2
1690,fine_tuned,closed,606,0.0016501650165016502,False,False,False,[M-H2O+H]+,8
1690,fine_tuned,open,5979,0.00016725204883759825,False,False,False,[M-H2O+H]+,8
1690,frozen,closed,608,0.001644736842105263,False,False,False,[M-H2O+H]+,8
1690,frozen,open,6035,0.00016570008285004143,False,False,False,[M-H2O+H]+,8
1691,fine_tuned,closed,609,0.0016420361247947454,False,False,False,[M-H2O+H]+,7
1691,fine_tuned,open,6097,0.0001640150893882237,False,False,False,[M-H2O+H]+,7
1691,frozen,closed,615,0.0016260162601626016,False,False,False,[M-H2O+H]+,7
1691,frozen,open,6091,0.00016417665407978985,False,False,False,[M-H2O+H]+,7
1692,fine_tuned,closed,22,0.045454545454545456,False,False,True,[M+H]+,22
1692,fine_tuned,open,828,0.0012077294685990338,False,False,True,[M+H]+,22
1692,frozen,closed,132,0.007575757575757576,False,False,True,[M+H]+,22
1692,frozen,open,2613,0.0003827018752391887,False,False,True,[M+H]+,22
1693,fine_tuned,closed,4,0.25,False,True,False,[M+H]+,9
1693,fine_tuned,open,4,0.25,False,True,False,[M+H]+,9
1693,frozen,closed,323,0.0030959752321981426,False,False,False,[M+H]+,9
1693,frozen,open,3473,0.00028793550244745177,False,False,False,[M+H]+,9
1694,fine_tuned,closed,205,0.004878048780487805,False,False,True,[M+H]+,1
1694,fine_tuned,open,1980,0.000505050505050505,False,False,True,[M+H]+,1
1694,frozen,closed,617,0.0016207455429497568,False,False,True,[M+H]+,1
1694,frozen,open,6148,0.00016265452179570593,False,False,True,[M+H]+,1
1695,fine_tuned,closed,1,1.0,True,True,True,[M+H]+,2
1695,fine_tuned,open,1,1.0,True,True,True,[M+H]+,2
1695,frozen,closed,207,0.004830917874396135,False,False,True,[M+H]+,2
1695,frozen,open,3579,0.0002794076557697681,False,False,True,[M+H]+,2
1696,fine_tuned,closed,284,0.0035211267605633804,False,False,True,[M+H]+,7
1696,fine_tuned,open,1055,0.0009478672985781991,False,False,True,[M+H]+,7
1696,frozen,closed,70,0.014285714285714285,False,False,True,[M+H]+,7
1696,frozen,open,2008,0.00049800796812749,False,False,True,[M+H]+,7
1697,fine_tuned,closed,106,0.009433962264150943,False,False,True,[M+Na]+,3
1697,fine_tuned,open,1980,0.000505050505050505,False,False,True,[M+Na]+,3
1697,frozen,closed,60,0.016666666666666666,False,False,True,[M+Na]+,3
1697,frozen,open,1676,0.0005966587112171838,False,False,True,[M+Na]+,3
1699,fine_tuned,closed,33,0.030303030303030304,False,False,False,[M+H]+,4
1699,fine_tuned,open,1072,0.0009328358208955224,False,False,False,[M+H]+,4
1699,frozen,closed,120,0.008333333333333333,False,False,False,[M+H]+,4
1699,frozen,open,1252,0.0007987220447284345,False,False,False,[M+H]+,4
1700,fine_tuned,closed,85,0.011764705882352941,False,False,False,[M+H]+,17
1700,fine_tuned,open,2356,0.00042444821731748726,False,False,False,[M+H]+,17
1700,frozen,closed,35,0.02857142857142857,False,False,False,[M+H]+,17
1700,frozen,open,918,0.0010893246187363835,False,False,False,[M+H]+,17
1701,fine_tuned,closed,1,1.0,True,True,True,[M+H]+,9
1701,fine_tuned,open,14,0.07142857142857142,False,False,True,[M+H]+,9
1701,frozen,closed,143,0.006993006993006993,False,False,True,[M+H]+,9
1701,frozen,open,3935,0.00025412960609911054,False,False,True,[M+H]+,9
1702,fine_tuned,closed,146,0.00684931506849315,False,False,False,[M+Na]+,5
1702,fine_tuned,open,3161,0.00031635558367605187,False,False,False,[M+Na]+,5
1702,frozen,closed,63,0.015873015873015872,False,False,False,[M+Na]+,5
1702,frozen,open,2871,0.00034831069313827936,False,False,False,[M+Na]+,5
1703,fine_tuned,closed,126,0.007936507936507936,False,False,False,[M-NH3+H]+,2
1703,fine_tuned,open,2268,0.0004409171075837742,False,False,False,[M-NH3+H]+,2
1703,frozen,closed,147,0.006802721088435374,False,False,False,[M-NH3+H]+,2
1703,frozen,open,3211,0.0003114294612270321,False,False,False,[M-NH3+H]+,2
1704,fine_tuned,closed,541,0.0018484288354898336,False,False,False,[M-H2O+H]+,2
1704,fine_tuned,open,5116,0.00019546520719311962,False,False,False,[M-H2O+H]+,2
1704,frozen,closed,558,0.0017921146953405018,False,False,False,[M-H2O+H]+,2
1704,frozen,open,4993,0.0002002803925495694,False,False,False,[M-H2O+H]+,2
1705,fine_tuned,closed,1,1.0,True,True,True,[M+H]+,9
1705,fine_tuned,open,42,0.023809523809523808,False,False,True,[M+H]+,9
1705,frozen,closed,52,0.019230769230769232,False,False,True,[M+H]+,9
1705,frozen,open,763,0.001310615989515072,False,False,True,[M+H]+,9
1706,fine_tuned,closed,440,0.0022727272727272726,False,False,False,[M+H]+,4
1706,fine_tuned,open,4743,0.0002108370229812355,False,False,False,[M+H]+,4
1706,frozen,closed,531,0.0018832391713747645,False,False,False,[M+H]+,4
1706,frozen,open,5926,0.00016874789065136686,False,False,False,[M+H]+,4
1707,fine_tuned,closed,549,0.0018214936247723133,False,False,True,[M-NH3+H]+,1
1707,fine_tuned,open,4925,0.0002030456852791878,False,False,True,[M-NH3+H]+,1
1707,frozen,closed,282,0.0035460992907801418,False,False,True,[M-NH3+H]+,1
1707,frozen,open,1141,0.0008764241893076249,False,False,True,[M-NH3+H]+,1
1708,fine_tuned,closed,6,0.16666666666666666,False,False,True,[M+H]+,5
1708,fine_tuned,open,244,0.004098360655737705,False,False,True,[M+H]+,5
1708,frozen,closed,3,0.3333333333333333,False,True,True,[M+H]+,5
1708,frozen,open,351,0.002849002849002849,False,False,True,[M+H]+,5
1709,fine_tuned,closed,557,0.0017953321364452424,False,False,True,[M-NH3+H]+,3
1709,fine_tuned,open,5207,0.00019204916458613405,False,False,True,[M-NH3+H]+,3
1709,frozen,closed,569,0.0017574692442882249,False,False,True,[M-NH3+H]+,3
1709,frozen,open,5589,0.0001789228842368939,False,False,True,[M-NH3+H]+,3
1710,fine_tuned,closed,93,0.010752688172043012,False,False,False,[M-2H2O+H]+,2
1710,fine_tuned,open,2103,0.00047551117451260106,False,False,False,[M-2H2O+H]+,2
1710,frozen,closed,372,0.002688172043010753,False,False,False,[M-2H2O+H]+,2
1710,frozen,open,1742,0.000574052812858783,False,False,False,[M-2H2O+H]+,2
1711,fine_tuned,closed,2,0.5,False,True,True,[M-NH3+H]+,4
1711,fine_tuned,open,182,0.005494505494505495,False,False,True,[M-NH3+H]+,4
1711,frozen,closed,385,0.0025974025974025974,False,False,True,[M-NH3+H]+,4
1711,frozen,open,4700,0.0002127659574468085,False,False,True,[M-NH3+H]+,4
1712,fine_tuned,closed,279,0.0035842293906810036,False,False,False,[M-2H2O+H]+,4
1712,fine_tuned,open,4521,0.00022119000221190003,False,False,False,[M-2H2O+H]+,4
1712,frozen,closed,541,0.0018484288354898336,False,False,False,[M-2H2O+H]+,4
1712,frozen,open,5413,0.00018474043968224645,False,False,False,[M-2H2O+H]+,4
1713,fine_tuned,closed,2,0.5,False,True,True,[M+H]+,2
1713,fine_tuned,open,3,0.3333333333333333,False,True,True,[M+H]+,2
1713,frozen,closed,127,0.007874015748031496,False,False,True,[M+H]+,2
1713,frozen,open,3942,0.0002536783358701167,False,False,True,[M+H]+,2
1714,fine_tuned,closed,4,0.25,False,True,True,[M+H]+,4
1714,fine_tuned,open,6,0.16666666666666666,False,False,True,[M+H]+,4
1714,frozen,closed,20,0.05,False,False,True,[M+H]+,4
1714,frozen,open,880,0.0011363636363636363,False,False,True,[M+H]+,4
1715,fine_tuned,closed,1,1.0,True,True,True,[M+H]+,8
1715,fine_tuned,open,1,1.0,True,True,True,[M+H]+,8
1715,frozen,closed,14,0.07142857142857142,False,False,True,[M+H]+,8
1715,frozen,open,505,0.0019801980198019802,False,False,True,[M+H]+,8
1716,fine_tuned,closed,6,0.16666666666666666,False,False,True,[M+H]+,1
1716,fine_tuned,open,132,0.007575757575757576,False,False,True,[M+H]+,1
1716,frozen,closed,30,0.03333333333333333,False,False,True,[M+H]+,1
1716,frozen,open,1426,0.0007012622720897616,False,False,True,[M+H]+,1
1717,fine_tuned,closed,15,0.06666666666666667,False,False,False,[M+H]+,6
1717,fine_tuned,open,425,0.002352941176470588,False,False,False,[M+H]+,6
1717,frozen,closed,46,0.021739130434782608,False,False,False,[M+H]+,6
1717,frozen,open,1532,0.0006527415143603133,False,False,False,[M+H]+,6
1718,fine_tuned,closed,4,0.25,False,True,True,[M+H]+,3
1718,fine_tuned,open,5,0.2,False,True,True,[M+H]+,3
1718,frozen,closed,23,0.043478260869565216,False,False,True,[M+H]+,3
1718,frozen,open,919,0.001088139281828074,False,False,True,[M+H]+,3
1719,fine_tuned,closed,184,0.005434782608695652,False,False,True,[M+NH4]+,1
1719,fine_tuned,open,3056,0.0003272251308900524,False,False,True,[M+NH4]+,1
1719,frozen,closed,528,0.001893939393939394,False,False,True,[M+NH4]+,1
1719,frozen,open,4523,0.00022109219544550078,False,False,True,[M+NH4]+,1
1720,fine_tuned,closed,469,0.0021321961620469083,False,False,True,[M+NH4]+,3
1720,fine_tuned,open,4803,0.00020820320632937748,False,False,True,[M+NH4]+,3
1720,frozen,closed,495,0.00202020202020202,False,False,True,[M+NH4]+,3
1720,frozen,open,4439,0.00022527596305474206,False,False,True,[M+NH4]+,3
1721,fine_tuned,closed,29,0.034482758620689655,False,False,False,[M+H]+,1
1721,fine_tuned,open,820,0.0012195121951219512,False,False,False,[M+H]+,1
1721,frozen,closed,13,0.07692307692307693,False,False,False,[M+H]+,1
1721,frozen,open,574,0.0017421602787456446,False,False,False,[M+H]+,1
1722,fine_tuned,closed,540,0.001851851851851852,False,False,False,[M+H]+,18
1722,fine_tuned,open,5377,0.0001859773107680863,False,False,False,[M+H]+,18
1722,frozen,closed,466,0.002145922746781116,False,False,False,[M+H]+,18
1722,frozen,open,5243,0.00019073049780659929,False,False,False,[M+H]+,18
1723,fine_tuned,closed,264,0.003787878787878788,False,False,False,[M+H]+,9
1723,fine_tuned,open,4474,0.00022351363433169424,False,False,False,[M+H]+,9
1723,frozen,closed,608,0.001644736842105263,False,False,False,[M+H]+,9
1723,frozen,open,6165,0.00016220600162206002,False,False,False,[M+H]+,9
1724,fine_tuned,closed,11,0.09090909090909091,False,False,False,[M+H]+,3
1724,fine_tuned,open,187,0.0053475935828877,False,False,False,[M+H]+,3
1724,frozen,closed,15,0.06666666666666667,False,False,False,[M+H]+,3
1724,frozen,open,563,0.0017761989342806395,False,False,False,[M+H]+,3
1725,fine_tuned,closed,480,0.0020833333333333333,False,False,False,[M+NH4]+,3
1725,fine_tuned,open,5089,0.00019650225977598743,False,False,False,[M+NH4]+,3
1725,frozen,closed,506,0.001976284584980237,False,False,False,[M+NH4]+,3
1725,frozen,open,4144,0.00024131274131274132,False,False,False,[M+NH4]+,3
1726,fine_tuned,closed,1,1.0,True,True,False,[M+H]+,7
1726,fine_tuned,open,1,1.0,True,True,False,[M+H]+,7
1726,frozen,closed,10,0.1,False,False,False,[M+H]+,7
1726,frozen,open,560,0.0017857142857142857,False,False,False,[M+H]+,7
1727,fine_tuned,closed,34,0.029411764705882353,False,False,False,[M-NH3+H]+,2
1727,fine_tuned,open,954,0.0010482180293501049,False,False,False,[M-NH3+H]+,2
1727,frozen,closed,102,0.00980392156862745,False,False,False,[M-NH3+H]+,2
1727,frozen,open,3486,0.00028686173264486515,False,False,False,[M-NH3+H]+,2
1728,fine_tuned,closed,5,0.2,False,True,False,[M+H]+,6
1728,fine_tuned,open,40,0.025,False,False,False,[M+H]+,6
1728,frozen,closed,24,0.041666666666666664,False,False,False,[M+H]+,6
1728,frozen,open,791,0.0012642225031605564,False,False,False,[M+H]+,6
1729,fine_tuned,closed,2,0.5,False,True,True,[M+H]+,5
1729,fine_tuned,open,2,0.5,False,True,True,[M+H]+,5
1729,frozen,closed,78,0.01282051282051282,False,False,True,[M+H]+,5
1729,frozen,open,3146,0.0003178639542275906,False,False,True,[M+H]+,5
1730,fine_tuned,closed,5,0.2,False,True,False,[M+H]+,13
1730,fine_tuned,open,63,0.015873015873015872,False,False,False,[M+H]+,13
1730,frozen,closed,78,0.01282051282051282,False,False,False,[M+H]+,13
1730,frozen,open,2642,0.0003785011355034065,False,False,False,[M+H]+,13
1731,fine_tuned,closed,129,0.007751937984496124,False,False,False,[M+H]+,10
1731,fine_tuned,open,3361,0.0002975304968759298,False,False,False,[M+H]+,10
1731,frozen,closed,569,0.0017574692442882249,False,False,False,[M+H]+,10
1731,frozen,open,5821,0.00017179178835251675,False,False,False,[M+H]+,10
1732,fine_tuned,closed,20,0.05,False,False,False,[M+H]+,10
1732,fine_tuned,open,79,0.012658227848101266,False,False,False,[M+H]+,10
1732,frozen,closed,141,0.0070921985815602835,False,False,False,[M+H]+,10
1732,frozen,open,3702,0.0002701242571582928,False,False,False,[M+H]+,10
1733,fine_tuned,closed,29,0.034482758620689655,False,False,False,[M+H]+,7
1733,fine_tuned,open,479,0.0020876826722338203,False,False,False,[M+H]+,7
1733,frozen,closed,86,0.011627906976744186,False,False,False,[M+H]+,7
1733,frozen,open,1657,0.0006035003017501509,False,False,False,[M+H]+,7
1734,fine_tuned,closed,212,0.0047169811320754715,False,False,False,[M-H2O+H]+,4
1734,fine_tuned,open,2644,0.00037821482602118004,False,False,False,[M-H2O+H]+,4
1734,frozen,closed,462,0.0021645021645021645,False,False,False,[M-H2O+H]+,4
1734,frozen,open,3487,0.00028677946659019213,False,False,False,[M-H2O+H]+,4
1736,fine_tuned,closed,231,0.004329004329004329,False,False,False,[M+H]+,1
1736,fine_tuned,open,2806,0.0003563791874554526,False,False,False,[M+H]+,1
1736,frozen,closed,469,0.0021321961620469083,False,False,False,[M+H]+,1
1736,frozen,open,3747,0.0002668801708033093,False,False,False,[M+H]+,1
1737,fine_tuned,closed,1,1.0,True,True,True,[M+H]+,9
1737,fine_tuned,open,1,1.0,True,True,True,[M+H]+,9
1737,frozen,closed,66,0.015151515151515152,False,False,True,[M+H]+,9
1737,frozen,open,2126,0.00047036688617121356,False,False,True,[M+H]+,9
1738,fine_tuned,closed,140,0.007142857142857143,False,False,False,[M+NH4]+,4
1738,fine_tuned,open,3515,0.0002844950213371266,False,False,False,[M+NH4]+,4
1738,frozen,closed,100,0.01,False,False,False,[M+NH4]+,4
1738,frozen,open,3198,0.00031269543464665416,False,False,False,[M+NH4]+,4
1739,fine_tuned,closed,1,1.0,True,True,True,[M+H]+,4
1739,fine_tuned,open,1,1.0,True,True,True,[M+H]+,4
1739,frozen,closed,116,0.008620689655172414,False,False,True,[M+H]+,4
1739,frozen,open,1974,0.0005065856129685917,False,False,True,[M+H]+,4
1740,fine_tuned,closed,82,0.012195121951219513,False,False,True,[M+Na]+,1
1740,fine_tuned,open,1678,0.0005959475566150178,False,False,True,[M+Na]+,1
1740,frozen,closed,398,0.002512562814070352,False,False,True,[M+Na]+,1
1740,frozen,open,2676,0.0003736920777279522,False,False,True,[M+Na]+,1
1741,fine_tuned,closed,7,0.14285714285714285,False,False,False,[M+H]+,1
1741,fine_tuned,open,589,0.001697792869269949,False,False,False,[M+H]+,1
1741,frozen,closed,32,0.03125,False,False,False,[M+H]+,1
1741,frozen,open,1242,0.0008051529790660225,False,False,False,[M+H]+,1
1742,fine_tuned,closed,76,0.013157894736842105,False,False,False,[M+H]+,12
1742,fine_tuned,open,2363,0.00042319085907744394,False,False,False,[M+H]+,12
1742,frozen,closed,30,0.03333333333333333,False,False,False,[M+H]+,12
1742,frozen,open,870,0.0011494252873563218,False,False,False,[M+H]+,12
1743,fine_tuned,closed,356,0.0028089887640449437,False,False,False,[M+NH4]+,9
1743,fine_tuned,open,4483,0.00022306491188935982,False,False,False,[M+NH4]+,9
1743,frozen,closed,176,0.005681818181818182,False,False,False,[M+NH4]+,9
1743,frozen,open,3471,0.0002881014116969173,False,False,False,[M+NH4]+,9
1744,fine_tuned,closed,29,0.034482758620689655,False,False,False,[M+NH4]+,5
1744,fine_tuned,open,1825,0.000547945205479452,False,False,False,[M+NH4]+,5
1744,frozen,closed,220,0.004545454545454545,False,False,False,[M+NH4]+,5
1744,frozen,open,1894,0.0005279831045406547,False,False,False,[M+NH4]+,5
1745,fine_tuned,closed,10,0.1,False,False,False,[M+Na]+,6
1745,fine_tuned,open,360,0.002777777777777778,False,False,False,[M+Na]+,6
1745,frozen,closed,13,0.07692307692307693,False,False,False,[M+Na]+,6
1745,frozen,open,834,0.001199040767386091,False,False,False,[M+Na]+,6
1746,fine_tuned,closed,479,0.0020876826722338203,False,False,False,[M+H]+,2
1746,fine_tuned,open,5704,0.0001753155680224404,False,False,False,[M+H]+,2
1746,frozen,closed,499,0.002004008016032064,False,False,False,[M+H]+,2
1746,frozen,open,5970,0.00016750418760469013,False,False,False,[M+H]+,2
1747,fine_tuned,closed,12,0.08333333333333333,False,False,True,[M-H2O+H]+,12
1747,fine_tuned,open,48,0.020833333333333332,False,False,True,[M-H2O+H]+,12
1747,frozen,closed,27,0.037037037037037035,False,False,True,[M-H2O+H]+,12
1747,frozen,open,258,0.003875968992248062,False,False,True,[M-H2O+H]+,12
1748,fine_tuned,closed,532,0.0018796992481203006,False,False,True,[M-2H2O+H]+,7
1748,fine_tuned,open,5044,0.00019825535289452815,False,False,True,[M-2H2O+H]+,7
1748,frozen,closed,439,0.002277904328018223,False,False,True,[M-2H2O+H]+,7
1748,frozen,open,3430,0.0002915451895043732,False,False,True,[M-2H2O+H]+,7
1749,fine_tuned,closed,1,1.0,True,True,True,[M+H]+,2
1749,fine_tuned,open,1,1.0,True,True,True,[M+H]+,2
1749,frozen,closed,286,0.0034965034965034965,False,False,True,[M+H]+,2
1749,frozen,open,468,0.002136752136752137,False,False,True,[M+H]+,2
1750,fine_tuned,closed,1,1.0,True,True,True,[M+H]+,4
1750,fine_tuned,open,1,1.0,True,True,True,[M+H]+,4
1750,frozen,closed,1,1.0,True,True,True,[M+H]+,4
1750,frozen,open,2,0.5,False,True,True,[M+H]+,4
1751,fine_tuned,closed,3,0.3333333333333333,False,True,True,[M+H]+,1
1751,fine_tuned,open,3,0.3333333333333333,False,True,True,[M+H]+,1
1751,frozen,closed,155,0.0064516129032258064,False,False,True,[M+H]+,1
1751,frozen,open,3269,0.0003059039461609055,False,False,True,[M+H]+,1
1752,fine_tuned,closed,257,0.0038910505836575876,False,False,True,[M+H]+,4
1752,fine_tuned,open,3063,0.000326477309826967,False,False,True,[M+H]+,4
1752,frozen,closed,70,0.014285714285714285,False,False,True,[M+H]+,4
1752,frozen,open,2107,0.00047460844803037496,False,False,True,[M+H]+,4
1753,fine_tuned,closed,504,0.001984126984126984,False,False,True,[M+NH4]+,5
1753,fine_tuned,open,4765,0.0002098635886673662,False,False,True,[M+NH4]+,5
1753,frozen,closed,508,0.001968503937007874,False,False,True,[M+NH4]+,5
1753,frozen,open,5005,0.0001998001998001998,False,False,True,[M+NH4]+,5
1754,fine_tuned,closed,218,0.0045871559633027525,False,False,False,[M-2H2O+H]+,1
1754,fine_tuned,open,3395,0.0002945508100147275,False,False,False,[M-2H2O+H]+,1
1754,frozen,closed,127,0.007874015748031496,False,False,False,[M-2H2O+H]+,1
1754,frozen,open,2992,0.00033422459893048126,False,False,False,[M-2H2O+H]+,1
1755,fine_tuned,closed,58,0.017241379310344827,False,False,True,[M+H]+,2
1755,fine_tuned,open,140,0.007142857142857143,False,False,True,[M+H]+,2
1755,frozen,closed,106,0.009433962264150943,False,False,True,[M+H]+,2
1755,frozen,open,2373,0.00042140750105351877,False,False,True,[M+H]+,2
1756,fine_tuned,closed,66,0.015151515151515152,False,False,True,[M+NH4]+,4
1756,fine_tuned,open,1882,0.0005313496280552603,False,False,True,[M+NH4]+,4
1756,frozen,closed,36,0.027777777777777776,False,False,True,[M+NH4]+,4
1756,frozen,open,709,0.0014104372355430183,False,False,True,[M+NH4]+,4
1757,fine_tuned,closed,50,0.02,False,False,True,[M+Na]+,4
1757,fine_tuned,open,1986,0.0005035246727089627,False,False,True,[M+Na]+,4
1757,frozen,closed,51,0.0196078431372549,False,False,True,[M+Na]+,4
1757,frozen,open,2036,0.0004911591355599214,False,False,True,[M+Na]+,4
1758,fine_tuned,closed,15,0.06666666666666667,False,False,False,[M+NH4]+,2
1758,fine_tuned,open,1064,0.0009398496240601503,False,False,False,[M+NH4]+,2
1758,frozen,closed,494,0.0020242914979757085,False,False,False,[M+NH4]+,2
1758,frozen,open,5162,0.00019372336303758234,False,False,False,[M+NH4]+,2
1759,fine_tuned,closed,134,0.007462686567164179,False,False,False,[M+H]+,2
1759,fine_tuned,open,1765,0.0005665722379603399,False,False,False,[M+H]+,2
1759,frozen,closed,43,0.023255813953488372,False,False,False,[M+H]+,2
1759,frozen,open,593,0.0016863406408094434,False,False,False,[M+H]+,2
1760,fine_tuned,closed,522,0.0019157088122605363,False,False,False,[M+NH4]+,8
1760,fine_tuned,open,4660,0.00021459227467811158,False,False,False,[M+NH4]+,8
1760,frozen,closed,526,0.0019011406844106464,False,False,False,[M+NH4]+,8
1760,frozen,open,4973,0.00020108586366378444,False,False,False,[M+NH4]+,8
1761,fine_tuned,closed,35,0.02857142857142857,False,False,True,[M-H2O+H]+,7
1761,fine_tuned,open,582,0.001718213058419244,False,False,True,[M-H2O+H]+,7
1761,frozen,closed,214,0.004672897196261682,False,False,True,[M-H2O+H]+,7
1761,frozen,open,1866,0.0005359056806002144,False,False,True,[M-H2O+H]+,7
1762,fine_tuned,closed,436,0.0022935779816513763,False,False,True,[M+Na]+,2
1762,fine_tuned,open,4400,0.00022727272727272727,False,False,True,[M+Na]+,2
1762,frozen,closed,428,0.002336448598130841,False,False,True,[M+Na]+,2
1762,frozen,open,3136,0.00031887755102040814,False,False,True,[M+Na]+,2
1764,fine_tuned,closed,405,0.0024691358024691358,False,False,False,[M-NH3+H]+,1
1764,fine_tuned,open,3964,0.0002522704339051463,False,False,False,[M-NH3+H]+,1
1764,frozen,closed,88,0.011363636363636364,False,False,False,[M-NH3+H]+,1
1764,frozen,open,3318,0.0003013863773357444,False,False,False,[M-NH3+H]+,1
1765,fine_tuned,closed,1,1.0,True,True,True,[M+H]+,4
1765,fine_tuned,open,1,1.0,True,True,True,[M+H]+,4
1765,frozen,closed,68,0.014705882352941176,False,False,True,[M+H]+,4
1765,frozen,open,1615,0.0006191950464396285,False,False,True,[M+H]+,4
1766,fine_tuned,closed,1,1.0,True,True,True,[M+H]+,17
1766,fine_tuned,open,1,1.0,True,True,True,[M+H]+,17
1766,frozen,closed,106,0.009433962264150943,False,False,True,[M+H]+,17
1766,frozen,open,2759,0.0003624501631025734,False,False,True,[M+H]+,17
1767,fine_tuned,closed,1,1.0,True,True,True,[M+H]+,8
1767,fine_tuned,open,1,1.0,True,True,True,[M+H]+,8
1767,frozen,closed,141,0.0070921985815602835,False,False,True,[M+H]+,8
1767,frozen,open,2543,0.00039323633503735744,False,False,True,[M+H]+,8
1768,fine_tuned,closed,1,1.0,True,True,True,[M+H]+,4
1768,fine_tuned,open,1,1.0,True,True,True,[M+H]+,4
1768,frozen,closed,357,0.0028011204481792717,False,False,True,[M+H]+,4
1768,frozen,open,2235,0.00044742729306487697,False,False,True,[M+H]+,4
1769,fine_tuned,closed,5,0.2,False,True,True,[M+H]+,3
1769,fine_tuned,open,5,0.2,False,True,True,[M+H]+,3
1769,frozen,closed,48,0.020833333333333332,False,False,True,[M+H]+,3
1769,frozen,open,1651,0.0006056935190793458,False,False,True,[M+H]+,3
1770,fine_tuned,closed,3,0.3333333333333333,False,True,True,[M+H]+,10
1770,fine_tuned,open,3,0.3333333333333333,False,True,True,[M+H]+,10
1770,frozen,closed,111,0.009009009009009009,False,False,True,[M+H]+,10
1770,frozen,open,2727,0.0003667033370003667,False,False,True,[M+H]+,10
1771,fine_tuned,closed,1,1.0,True,True,True,[M+H]+,6
1771,fine_tuned,open,1,1.0,True,True,True,[M+H]+,6
1771,frozen,closed,6,0.16666666666666666,False,False,True,[M+H]+,6
1771,frozen,open,116,0.008620689655172414,False,False,True,[M+H]+,6
1772,fine_tuned,closed,180,0.005555555555555556,False,False,True,[M+Na]+,2
1772,fine_tuned,open,2731,0.0003661662394727206,False,False,True,[M+Na]+,2
1772,frozen,closed,509,0.0019646365422396855,False,False,True,[M+Na]+,2
1772,frozen,open,5244,0.00019069412662090009,False,False,True,[M+Na]+,2
1773,fine_tuned,closed,150,0.006666666666666667,False,False,True,[M+Na]+,2
1773,fine_tuned,open,2905,0.00034423407917383823,False,False,True,[M+Na]+,2
1773,frozen,closed,517,0.0019342359767891683,False,False,True,[M+Na]+,2
1773,frozen,open,5181,0.00019301293186643504,False,False,True,[M+Na]+,2
